[debug] [2025-11-17T01:28:59.525Z] ----------------------------------------------------------------------
[debug] [2025-11-17T01:28:59.526Z] Command:       /Users/matiasespina/.nvm/versions/node/v22.9.0/bin/node /Users/matiasespina/.nvm/versions/node/v22.9.0/bin/firebase deploy --only functions
[debug] [2025-11-17T01:28:59.527Z] CLI Version:   14.25.0
[debug] [2025-11-17T01:28:59.527Z] Platform:      darwin
[debug] [2025-11-17T01:28:59.527Z] Node Version:  v22.9.0
[debug] [2025-11-17T01:28:59.527Z] Time:          Mon Nov 17 2025 02:28:59 GMT+0100 (Central European Standard Time)
[debug] [2025-11-17T01:28:59.527Z] ----------------------------------------------------------------------
[debug] 
[debug] [2025-11-17T01:28:59.624Z] > command requires scopes: ["email","openid","https://www.googleapis.com/auth/cloudplatformprojects.readonly","https://www.googleapis.com/auth/firebase","https://www.googleapis.com/auth/cloud-platform"]
[debug] [2025-11-17T01:28:59.624Z] > authorizing via signed-in user (matiasespina1991@gmail.com)
[debug] [2025-11-17T01:28:59.624Z] [iam] checking project laura-butallo-web for permissions ["cloudfunctions.functions.create","cloudfunctions.functions.delete","cloudfunctions.functions.get","cloudfunctions.functions.list","cloudfunctions.functions.update","cloudfunctions.operations.get","firebase.projects.get"]
[debug] [2025-11-17T01:28:59.624Z] Checked if tokens are valid: true, expires at: 1763345488902
[debug] [2025-11-17T01:28:59.625Z] Checked if tokens are valid: true, expires at: 1763345488902
[debug] [2025-11-17T01:28:59.625Z] >>> [apiv2][query] POST https://cloudresourcemanager.googleapis.com/v1/projects/laura-butallo-web:testIamPermissions [none]
[debug] [2025-11-17T01:28:59.625Z] >>> [apiv2][(partial)header] POST https://cloudresourcemanager.googleapis.com/v1/projects/laura-butallo-web:testIamPermissions x-goog-quota-user=projects/laura-butallo-web
[debug] [2025-11-17T01:28:59.625Z] >>> [apiv2][body] POST https://cloudresourcemanager.googleapis.com/v1/projects/laura-butallo-web:testIamPermissions {"permissions":["cloudfunctions.functions.create","cloudfunctions.functions.delete","cloudfunctions.functions.get","cloudfunctions.functions.list","cloudfunctions.functions.update","cloudfunctions.operations.get","firebase.projects.get"]}
[debug] [2025-11-17T01:28:59.897Z] <<< [apiv2][status] POST https://cloudresourcemanager.googleapis.com/v1/projects/laura-butallo-web:testIamPermissions 200
[debug] [2025-11-17T01:28:59.898Z] <<< [apiv2][body] POST https://cloudresourcemanager.googleapis.com/v1/projects/laura-butallo-web:testIamPermissions {"permissions":["cloudfunctions.functions.create","cloudfunctions.functions.delete","cloudfunctions.functions.get","cloudfunctions.functions.list","cloudfunctions.functions.update","cloudfunctions.operations.get","firebase.projects.get"]}
[debug] [2025-11-17T01:28:59.898Z] Checked if tokens are valid: true, expires at: 1763345488902
[debug] [2025-11-17T01:28:59.898Z] Checked if tokens are valid: true, expires at: 1763345488902
[debug] [2025-11-17T01:28:59.898Z] >>> [apiv2][query] POST https://iam.googleapis.com/v1/projects/laura-butallo-web/serviceAccounts/laura-butallo-web@appspot.gserviceaccount.com:testIamPermissions [none]
[debug] [2025-11-17T01:28:59.898Z] >>> [apiv2][body] POST https://iam.googleapis.com/v1/projects/laura-butallo-web/serviceAccounts/laura-butallo-web@appspot.gserviceaccount.com:testIamPermissions {"permissions":["iam.serviceAccounts.actAs"]}
[debug] [2025-11-17T01:29:00.765Z] <<< [apiv2][status] POST https://iam.googleapis.com/v1/projects/laura-butallo-web/serviceAccounts/laura-butallo-web@appspot.gserviceaccount.com:testIamPermissions 200
[debug] [2025-11-17T01:29:00.765Z] <<< [apiv2][body] POST https://iam.googleapis.com/v1/projects/laura-butallo-web/serviceAccounts/laura-butallo-web@appspot.gserviceaccount.com:testIamPermissions {"permissions":["iam.serviceAccounts.actAs"]}
[info] 
[info] === Deploying to 'laura-butallo-web'...
[info] 
[info] i  deploying functions 
[debug] [2025-11-17T01:29:00.770Z] Checked if tokens are valid: true, expires at: 1763345488902
[debug] [2025-11-17T01:29:00.770Z] Checked if tokens are valid: true, expires at: 1763345488902
[debug] [2025-11-17T01:29:00.770Z] >>> [apiv2][query] GET https://cloudresourcemanager.googleapis.com/v1/projects/laura-butallo-web [none]
[debug] [2025-11-17T01:29:00.969Z] <<< [apiv2][status] GET https://cloudresourcemanager.googleapis.com/v1/projects/laura-butallo-web 200
[debug] [2025-11-17T01:29:00.969Z] <<< [apiv2][body] GET https://cloudresourcemanager.googleapis.com/v1/projects/laura-butallo-web {"projectNumber":"388226025861","projectId":"laura-butallo-web","lifecycleState":"ACTIVE","name":"Laura Butallo Web","labels":{"firebase":"enabled","firebase-core":"disabled"},"createTime":"2025-09-18T00:46:15.783906Z"}
[info] i  functions: preparing codebase default for deployment 
[info] i  functions: ensuring required API cloudfunctions.googleapis.com is enabled... 
[info] i  functions: ensuring required API cloudbuild.googleapis.com is enabled... 
[info] i  artifactregistry: ensuring required API artifactregistry.googleapis.com is enabled... 
[debug] [2025-11-17T01:29:00.972Z] Checked if tokens are valid: true, expires at: 1763345488902
[debug] [2025-11-17T01:29:00.972Z] Checked if tokens are valid: true, expires at: 1763345488902
[debug] [2025-11-17T01:29:00.972Z] >>> [apiv2][query] GET https://firebase.googleapis.com/v1beta1/projects/laura-butallo-web/adminSdkConfig [none]
[debug] [2025-11-17T01:29:01.387Z] <<< [apiv2][status] GET https://firebase.googleapis.com/v1beta1/projects/laura-butallo-web/adminSdkConfig 200
[debug] [2025-11-17T01:29:01.388Z] <<< [apiv2][body] GET https://firebase.googleapis.com/v1beta1/projects/laura-butallo-web/adminSdkConfig {"projectId":"laura-butallo-web","storageBucket":"laura-butallo-web.firebasestorage.app"}
[debug] [2025-11-17T01:29:01.388Z] Checked if tokens are valid: true, expires at: 1763345488902
[debug] [2025-11-17T01:29:01.388Z] Checked if tokens are valid: true, expires at: 1763345488902
[debug] [2025-11-17T01:29:01.388Z] >>> [apiv2][query] GET https://runtimeconfig.googleapis.com/v1beta1/projects/laura-butallo-web/configs [none]
[debug] [2025-11-17T01:29:01.692Z] <<< [apiv2][status] GET https://runtimeconfig.googleapis.com/v1beta1/projects/laura-butallo-web/configs 200
[debug] [2025-11-17T01:29:01.692Z] <<< [apiv2][body] GET https://runtimeconfig.googleapis.com/v1beta1/projects/laura-butallo-web/configs {}
[debug] [2025-11-17T01:29:01.694Z] Validating nodejs source
[warn] ⚠  functions: package.json indicates an outdated version of firebase-functions. Please upgrade using npm install --save firebase-functions@latest in your functions directory. 
[warn] ⚠  functions: Please note that there will be breaking changes when you upgrade. 
[debug] [2025-11-17T01:29:02.231Z] > [functions] package.json contents: {
  "name": "functions",
  "version": "1.0.0",
  "private": true,
  "main": "lib/index.js",
  "engines": {
    "node": "22"
  },
  "scripts": {
    "lint": "eslint --ext .js,.ts .",
    "build": "tsc",
    "build:watch": "tsc --watch",
    "serve": "npm run build && firebase emulators:start --only functions",
    "shell": "npm run build && firebase functions:shell",
    "start": "npm run shell",
    "deploy": "firebase deploy --only functions",
    "logs": "firebase functions:log"
  },
  "dependencies": {
    "@ffmpeg-installer/ffmpeg": "^1.1.0",
    "@ffprobe-installer/ffprobe": "^1.1.0",
    "blurhash": "^1.1.4",
    "firebase-admin": "^12.6.0",
    "firebase-functions": "^6.0.1",
    "fluent-ffmpeg": "^2.1.2",
    "sharp": "^0.32.0",
    "uuid": "^9.0.0"
  },
  "devDependencies": {
    "@types/fluent-ffmpeg": "^2.1.28",
    "@types/uuid": "^10.0.0",
    "@typescript-eslint/eslint-plugin": "^5.12.0",
    "@typescript-eslint/parser": "^5.12.0",
    "eslint": "^8.9.0",
    "eslint-config-google": "^0.14.0",
    "eslint-plugin-import": "^2.25.4",
    "firebase-functions-test": "^3.1.0",
    "typescript": "^5.7.3"
  }
}
[debug] [2025-11-17T01:29:02.231Z] Building nodejs source
[info] i  functions: Loading and analyzing source code for codebase default to determine what to deploy 
[debug] [2025-11-17T01:29:02.232Z] Could not find functions.yaml. Must use http discovery
[debug] [2025-11-17T01:29:02.237Z] Found firebase-functions binary at '/Users/matiasespina/Documents/Projekte/laura-butallo-web/functions/node_modules/.bin/firebase-functions'
[info] Serving at port 8325

[error] (node:13439) [DEP0040] DeprecationWarning: The `punycode` module is deprecated. Please use a userland alternative instead.
(Use `node --trace-deprecation ...` to show where the warning was created)

[debug] [2025-11-17T01:29:02.735Z] Got response from /__/functions.yaml {"endpoints":{"onImageFinalize":{"platform":"gcfv2","availableMemoryMb":null,"timeoutSeconds":null,"minInstances":null,"maxInstances":10,"ingressSettings":null,"concurrency":null,"serviceAccountEmail":null,"vpc":null,"region":["europe-west3"],"labels":{},"eventTrigger":{"eventType":"google.cloud.storage.object.v1.finalized","eventFilters":{"bucket":"laura-butallo-web.firebasestorage.app"},"retry":false},"entryPoint":"onImageFinalize"},"onVideoFinalize":{"platform":"gcfv2","availableMemoryMb":null,"timeoutSeconds":null,"minInstances":null,"maxInstances":10,"ingressSettings":null,"concurrency":null,"serviceAccountEmail":null,"vpc":null,"region":["europe-west3"],"labels":{},"eventTrigger":{"eventType":"google.cloud.storage.object.v1.finalized","eventFilters":{"bucket":"laura-butallo-web.firebasestorage.app"},"retry":false},"entryPoint":"onVideoFinalize"},"generateDownloadUrl":{"availableMemoryMb":null,"timeoutSeconds":null,"minInstances":null,"maxInstances":10,"ingressSettings":null,"concurrency":null,"serviceAccountEmail":null,"vpc":null,"platform":"gcfv2","labels":{},"callableTrigger":{},"entryPoint":"generateDownloadUrl"},"regenerateDownloadUrl":{"availableMemoryMb":null,"timeoutSeconds":null,"minInstances":null,"maxInstances":10,"ingressSettings":null,"concurrency":null,"serviceAccountEmail":null,"vpc":null,"platform":"gcfv2","labels":{},"callableTrigger":{},"entryPoint":"regenerateDownloadUrl"},"validateDelete":{"availableMemoryMb":null,"timeoutSeconds":null,"minInstances":null,"maxInstances":10,"ingressSettings":null,"concurrency":null,"serviceAccountEmail":null,"vpc":null,"platform":"gcfv2","labels":{},"callableTrigger":{},"entryPoint":"validateDelete"},"migrateArtworksToAssets":{"availableMemoryMb":null,"timeoutSeconds":null,"minInstances":null,"maxInstances":10,"ingressSettings":null,"concurrency":null,"serviceAccountEmail":null,"vpc":null,"platform":"gcfv2","labels":{},"callableTrigger":{},"entryPoint":"migrateArtworksToAssets"}},"specVersion":"v1alpha1","requiredAPIs":[],"extensions":{}}
[info] i  extensions: ensuring required API firebaseextensions.googleapis.com is enabled... 
[debug] [2025-11-17T01:29:06.762Z] > command requires scopes: ["email","openid","https://www.googleapis.com/auth/cloudplatformprojects.readonly","https://www.googleapis.com/auth/firebase","https://www.googleapis.com/auth/cloud-platform"]
[debug] [2025-11-17T01:29:06.762Z] > authorizing via signed-in user (matiasespina1991@gmail.com)
[debug] [2025-11-17T01:29:06.762Z] [iam] checking project laura-butallo-web for permissions ["firebase.projects.get","firebaseextensions.instances.list"]
[debug] [2025-11-17T01:29:06.762Z] Checked if tokens are valid: true, expires at: 1763345488902
[debug] [2025-11-17T01:29:06.763Z] Checked if tokens are valid: true, expires at: 1763345488902
[debug] [2025-11-17T01:29:06.763Z] >>> [apiv2][query] POST https://cloudresourcemanager.googleapis.com/v1/projects/laura-butallo-web:testIamPermissions [none]
[debug] [2025-11-17T01:29:06.763Z] >>> [apiv2][(partial)header] POST https://cloudresourcemanager.googleapis.com/v1/projects/laura-butallo-web:testIamPermissions x-goog-quota-user=projects/laura-butallo-web
[debug] [2025-11-17T01:29:06.763Z] >>> [apiv2][body] POST https://cloudresourcemanager.googleapis.com/v1/projects/laura-butallo-web:testIamPermissions {"permissions":["firebase.projects.get","firebaseextensions.instances.list"]}
[debug] [2025-11-17T01:29:06.983Z] <<< [apiv2][status] POST https://cloudresourcemanager.googleapis.com/v1/projects/laura-butallo-web:testIamPermissions 200
[debug] [2025-11-17T01:29:06.984Z] <<< [apiv2][body] POST https://cloudresourcemanager.googleapis.com/v1/projects/laura-butallo-web:testIamPermissions {"permissions":["firebase.projects.get","firebaseextensions.instances.list"]}
[debug] [2025-11-17T01:29:06.984Z] Checked if tokens are valid: true, expires at: 1763345488902
[debug] [2025-11-17T01:29:06.984Z] Checked if tokens are valid: true, expires at: 1763345488902
[debug] [2025-11-17T01:29:06.985Z] >>> [apiv2][query] GET https://firebaseextensions.googleapis.com/v1beta/projects/laura-butallo-web/instances pageSize=100&pageToken=
[debug] [2025-11-17T01:29:07.905Z] <<< [apiv2][status] GET https://firebaseextensions.googleapis.com/v1beta/projects/laura-butallo-web/instances 200
[debug] [2025-11-17T01:29:07.905Z] <<< [apiv2][body] GET https://firebaseextensions.googleapis.com/v1beta/projects/laura-butallo-web/instances {}
[info] i  functions: preparing functions directory for uploading... 
[info] i  functions: packaged /Users/matiasespina/Documents/Projekte/laura-butallo-web/functions (105.71 KB) for uploading 
[debug] [2025-11-17T01:29:07.996Z] Checked if tokens are valid: true, expires at: 1763345488902
[debug] [2025-11-17T01:29:07.996Z] Checked if tokens are valid: true, expires at: 1763345488902
[debug] [2025-11-17T01:29:07.996Z] >>> [apiv2][query] GET https://cloudfunctions.googleapis.com/v1/projects/laura-butallo-web/locations/-/functions [none]
[debug] [2025-11-17T01:29:08.652Z] <<< [apiv2][status] GET https://cloudfunctions.googleapis.com/v1/projects/laura-butallo-web/locations/-/functions 200
[debug] [2025-11-17T01:29:08.652Z] <<< [apiv2][body] GET https://cloudfunctions.googleapis.com/v1/projects/laura-butallo-web/locations/-/functions {}
[debug] [2025-11-17T01:29:08.653Z] Checked if tokens are valid: true, expires at: 1763345488902
[debug] [2025-11-17T01:29:08.653Z] Checked if tokens are valid: true, expires at: 1763345488902
[debug] [2025-11-17T01:29:08.653Z] >>> [apiv2][query] GET https://cloudfunctions.googleapis.com/v2/projects/laura-butallo-web/locations/-/functions filter=environment%3D%22GEN_2%22
[debug] [2025-11-17T01:29:09.701Z] <<< [apiv2][status] GET https://cloudfunctions.googleapis.com/v2/projects/laura-butallo-web/locations/-/functions 200
[debug] [2025-11-17T01:29:09.702Z] <<< [apiv2][body] GET https://cloudfunctions.googleapis.com/v2/projects/laura-butallo-web/locations/-/functions {"functions":[{"name":"projects/laura-butallo-web/locations/europe-west3/functions/onImageFinalize","buildConfig":{"build":"projects/388226025861/locations/europe-west3/builds/52bd724f-2574-4a58-a8e8-a30c088a653c","runtime":"nodejs22","entryPoint":"onImageFinalize","source":{"storageSource":{"bucket":"gcf-v2-sources-388226025861-europe-west3","object":"onImageFinalize/function-source.zip","generation":"1763341904430177"}},"environmentVariables":{"GOOGLE_NODE_RUN_SCRIPTS":""},"dockerRepository":"projects/laura-butallo-web/locations/europe-west3/repositories/gcf-artifacts","sourceProvenance":{"resolvedStorageSource":{"bucket":"gcf-v2-sources-388226025861-europe-west3","object":"onImageFinalize/function-source.zip","generation":"1763341904430177"}},"dockerRegistry":"ARTIFACT_REGISTRY","serviceAccount":"projects/laura-butallo-web/serviceAccounts/388226025861-compute@developer.gserviceaccount.com","automaticUpdatePolicy":{}},"serviceConfig":{"service":"projects/laura-butallo-web/locations/europe-west3/services/onimagefinalize","timeoutSeconds":60,"environmentVariables":{"FIREBASE_CONFIG":"{\"projectId\":\"laura-butallo-web\",\"storageBucket\":\"laura-butallo-web.firebasestorage.app\"}","GCLOUD_PROJECT":"laura-butallo-web","EVENTARC_CLOUD_EVENT_SOURCE":"projects/laura-butallo-web/locations/europe-west3/services/onImageFinalize","FUNCTION_SIGNATURE_TYPE":"cloudevent","FUNCTION_TARGET":"onImageFinalize","LOG_EXECUTION_ID":"true"},"maxInstanceCount":10,"ingressSettings":"ALLOW_ALL","uri":"https://onimagefinalize-iqcs3ho3pa-ey.a.run.app","serviceAccountEmail":"388226025861-compute@developer.gserviceaccount.com","availableMemory":"256Mi","allTrafficOnLatestRevision":true,"revision":"onimagefinalize-00001-pir","maxInstanceRequestConcurrency":80,"availableCpu":"1"},"eventTrigger":{"trigger":"projects/laura-butallo-web/locations/eu/triggers/onimagefinalize-345816","triggerRegion":"eu","eventType":"google.cloud.storage.object.v1.finalized","eventFilters":[{"attribute":"bucket","value":"laura-butallo-web.firebasestorage.app"}],"pubsubTopic":"projects/laura-butallo-web/topics/eventarc-eu-onimagefinalize-345816-269","serviceAccountEmail":"388226025861-compute@developer.gserviceaccount.com","retryPolicy":"RETRY_POLICY_DO_NOT_RETRY"},"state":"ACTIVE","updateTime":"2025-11-17T01:14:16.369799632Z","labels":{"deployment-tool":"cli-firebase","firebase-functions-hash":"a7b455f461f4100a072443e55eed9d922d2ff77c"},"environment":"GEN_2","url":"https://europe-west3-laura-butallo-web.cloudfunctions.net/onImageFinalize","satisfiesPzs":true,"createTime":"2025-11-17T01:11:44.894215980Z","satisfiesPzi":true},{"name":"projects/laura-butallo-web/locations/europe-west3/functions/onVideoFinalize","buildConfig":{"build":"projects/388226025861/locations/europe-west3/builds/52bd724f-2574-4a58-a8e8-a30c088a653c","runtime":"nodejs22","entryPoint":"onVideoFinalize","source":{"storageSource":{"bucket":"gcf-v2-sources-388226025861-europe-west3","object":"onVideoFinalize/function-source.zip","generation":"1763342023202701"}},"environmentVariables":{"GOOGLE_NODE_RUN_SCRIPTS":""},"dockerRepository":"projects/laura-butallo-web/locations/europe-west3/repositories/gcf-artifacts","sourceProvenance":{"resolvedStorageSource":{"bucket":"gcf-v2-sources-388226025861-europe-west3","object":"onVideoFinalize/function-source.zip","generation":"1763342023202701"}},"dockerRegistry":"ARTIFACT_REGISTRY","serviceAccount":"projects/laura-butallo-web/serviceAccounts/388226025861-compute@developer.gserviceaccount.com","automaticUpdatePolicy":{}},"serviceConfig":{"service":"projects/laura-butallo-web/locations/europe-west3/services/onvideofinalize","timeoutSeconds":60,"environmentVariables":{"FIREBASE_CONFIG":"{\"projectId\":\"laura-butallo-web\",\"storageBucket\":\"laura-butallo-web.firebasestorage.app\"}","GCLOUD_PROJECT":"laura-butallo-web","EVENTARC_CLOUD_EVENT_SOURCE":"projects/laura-butallo-web/locations/europe-west3/services/onVideoFinalize","FUNCTION_SIGNATURE_TYPE":"cloudevent","FUNCTION_TARGET":"onVideoFinalize","LOG_EXECUTION_ID":"true"},"maxInstanceCount":10,"ingressSettings":"ALLOW_ALL","uri":"https://onvideofinalize-iqcs3ho3pa-ey.a.run.app","serviceAccountEmail":"388226025861-compute@developer.gserviceaccount.com","availableMemory":"256Mi","allTrafficOnLatestRevision":true,"revision":"onvideofinalize-00001-nax","maxInstanceRequestConcurrency":80,"availableCpu":"1"},"eventTrigger":{"trigger":"projects/laura-butallo-web/locations/eu/triggers/onvideofinalize-821748","triggerRegion":"eu","eventType":"google.cloud.storage.object.v1.finalized","eventFilters":[{"attribute":"bucket","value":"laura-butallo-web.firebasestorage.app"}],"pubsubTopic":"projects/laura-butallo-web/topics/eventarc-eu-onvideofinalize-821748-574","serviceAccountEmail":"388226025861-compute@developer.gserviceaccount.com","retryPolicy":"RETRY_POLICY_DO_NOT_RETRY"},"state":"ACTIVE","updateTime":"2025-11-17T01:14:08.700978263Z","labels":{"deployment-tool":"cli-firebase","firebase-functions-hash":"a7b455f461f4100a072443e55eed9d922d2ff77c"},"environment":"GEN_2","url":"https://europe-west3-laura-butallo-web.cloudfunctions.net/onVideoFinalize","satisfiesPzs":true,"createTime":"2025-11-17T01:13:43.592896412Z","satisfiesPzi":true},{"name":"projects/laura-butallo-web/locations/us-central1/functions/regenerateDownloadUrl","buildConfig":{"build":"projects/388226025861/locations/us-central1/builds/c23944f8-3041-4e04-b701-c52c87e117d9","runtime":"nodejs22","entryPoint":"regenerateDownloadUrl","source":{"storageSource":{"bucket":"gcf-v2-sources-388226025861-us-central1","object":"regenerateDownloadUrl/function-source.zip","generation":"1763342016869486"}},"environmentVariables":{"GOOGLE_NODE_RUN_SCRIPTS":""},"dockerRepository":"projects/laura-butallo-web/locations/us-central1/repositories/gcf-artifacts","sourceProvenance":{"resolvedStorageSource":{"bucket":"gcf-v2-sources-388226025861-us-central1","object":"regenerateDownloadUrl/function-source.zip","generation":"1763342016869486"}},"dockerRegistry":"ARTIFACT_REGISTRY","serviceAccount":"projects/laura-butallo-web/serviceAccounts/388226025861-compute@developer.gserviceaccount.com","automaticUpdatePolicy":{}},"serviceConfig":{"service":"projects/laura-butallo-web/locations/us-central1/services/regeneratedownloadurl","timeoutSeconds":60,"environmentVariables":{"FIREBASE_CONFIG":"{\"projectId\":\"laura-butallo-web\",\"storageBucket\":\"laura-butallo-web.firebasestorage.app\"}","GCLOUD_PROJECT":"laura-butallo-web","EVENTARC_CLOUD_EVENT_SOURCE":"projects/laura-butallo-web/locations/us-central1/services/regenerateDownloadUrl","FUNCTION_TARGET":"regenerateDownloadUrl","LOG_EXECUTION_ID":"true","FUNCTION_SIGNATURE_TYPE":"http"},"maxInstanceCount":10,"ingressSettings":"ALLOW_ALL","uri":"https://regeneratedownloadurl-iqcs3ho3pa-uc.a.run.app","serviceAccountEmail":"388226025861-compute@developer.gserviceaccount.com","availableMemory":"256Mi","allTrafficOnLatestRevision":true,"revision":"regeneratedownloadurl-00003-bay","maxInstanceRequestConcurrency":80,"availableCpu":"1"},"state":"ACTIVE","updateTime":"2025-11-17T01:13:48.308074613Z","labels":{"firebase-functions-hash":"a7b455f461f4100a072443e55eed9d922d2ff77c","deployment-tool":"cli-firebase","deployment-callable":"true"},"environment":"GEN_2","url":"https://us-central1-laura-butallo-web.cloudfunctions.net/regenerateDownloadUrl","createTime":"2025-11-17T00:03:30.408049448Z","satisfiesPzi":true},{"name":"projects/laura-butallo-web/locations/us-central1/functions/generateDownloadUrl","buildConfig":{"build":"projects/388226025861/locations/us-central1/builds/c23944f8-3041-4e04-b701-c52c87e117d9","runtime":"nodejs22","entryPoint":"generateDownloadUrl","source":{"storageSource":{"bucket":"gcf-v2-sources-388226025861-us-central1","object":"generateDownloadUrl/function-source.zip","generation":"1763341907041287"}},"environmentVariables":{"GOOGLE_NODE_RUN_SCRIPTS":""},"dockerRepository":"projects/laura-butallo-web/locations/us-central1/repositories/gcf-artifacts","sourceProvenance":{"resolvedStorageSource":{"bucket":"gcf-v2-sources-388226025861-us-central1","object":"generateDownloadUrl/function-source.zip","generation":"1763341907041287"}},"dockerRegistry":"ARTIFACT_REGISTRY","serviceAccount":"projects/laura-butallo-web/serviceAccounts/388226025861-compute@developer.gserviceaccount.com","automaticUpdatePolicy":{}},"serviceConfig":{"service":"projects/laura-butallo-web/locations/us-central1/services/generatedownloadurl","timeoutSeconds":60,"environmentVariables":{"FIREBASE_CONFIG":"{\"projectId\":\"laura-butallo-web\",\"storageBucket\":\"laura-butallo-web.firebasestorage.app\"}","GCLOUD_PROJECT":"laura-butallo-web","EVENTARC_CLOUD_EVENT_SOURCE":"projects/laura-butallo-web/locations/us-central1/services/generateDownloadUrl","FUNCTION_TARGET":"generateDownloadUrl","LOG_EXECUTION_ID":"true"},"maxInstanceCount":10,"ingressSettings":"ALLOW_ALL","uri":"https://generatedownloadurl-iqcs3ho3pa-uc.a.run.app","serviceAccountEmail":"388226025861-compute@developer.gserviceaccount.com","availableMemory":"256Mi","allTrafficOnLatestRevision":true,"revision":"generatedownloadurl-00003-tuz","maxInstanceRequestConcurrency":80,"availableCpu":"1"},"state":"ACTIVE","updateTime":"2025-11-17T01:13:40.580026609Z","labels":{"firebase-functions-hash":"a7b455f461f4100a072443e55eed9d922d2ff77c","deployment-tool":"cli-firebase","deployment-callable":"true"},"environment":"GEN_2","url":"https://us-central1-laura-butallo-web.cloudfunctions.net/generateDownloadUrl","createTime":"2025-11-17T00:01:10.264098788Z","satisfiesPzi":true},{"name":"projects/laura-butallo-web/locations/us-central1/functions/migrateArtworksToAssets","buildConfig":{"build":"projects/388226025861/locations/us-central1/builds/c23944f8-3041-4e04-b701-c52c87e117d9","runtime":"nodejs22","entryPoint":"migrateArtworksToAssets","source":{"storageSource":{"bucket":"gcf-v2-sources-388226025861-us-central1","object":"migrateArtworksToAssets/function-source.zip","generation":"1763342017154677"}},"environmentVariables":{"GOOGLE_NODE_RUN_SCRIPTS":""},"dockerRepository":"projects/laura-butallo-web/locations/us-central1/repositories/gcf-artifacts","sourceProvenance":{"resolvedStorageSource":{"bucket":"gcf-v2-sources-388226025861-us-central1","object":"migrateArtworksToAssets/function-source.zip","generation":"1763342017154677"}},"dockerRegistry":"ARTIFACT_REGISTRY","serviceAccount":"projects/laura-butallo-web/serviceAccounts/388226025861-compute@developer.gserviceaccount.com","automaticUpdatePolicy":{}},"serviceConfig":{"service":"projects/laura-butallo-web/locations/us-central1/services/migrateartworkstoassets","timeoutSeconds":60,"environmentVariables":{"FIREBASE_CONFIG":"{\"projectId\":\"laura-butallo-web\",\"storageBucket\":\"laura-butallo-web.firebasestorage.app\"}","GCLOUD_PROJECT":"laura-butallo-web","EVENTARC_CLOUD_EVENT_SOURCE":"projects/laura-butallo-web/locations/us-central1/services/migrateArtworksToAssets","FUNCTION_TARGET":"migrateArtworksToAssets","LOG_EXECUTION_ID":"true","FUNCTION_SIGNATURE_TYPE":"http"},"maxInstanceCount":10,"ingressSettings":"ALLOW_ALL","uri":"https://migrateartworkstoassets-iqcs3ho3pa-uc.a.run.app","serviceAccountEmail":"388226025861-compute@developer.gserviceaccount.com","availableMemory":"256Mi","allTrafficOnLatestRevision":true,"revision":"migrateartworkstoassets-00003-vol","maxInstanceRequestConcurrency":80,"availableCpu":"1"},"state":"ACTIVE","updateTime":"2025-11-17T01:13:44.443808574Z","labels":{"deployment-tool":"cli-firebase","deployment-callable":"true","firebase-functions-hash":"a7b455f461f4100a072443e55eed9d922d2ff77c"},"environment":"GEN_2","url":"https://us-central1-laura-butallo-web.cloudfunctions.net/migrateArtworksToAssets","createTime":"2025-11-17T00:03:31.060788277Z","satisfiesPzi":true},{"name":"projects/laura-butallo-web/locations/us-central1/functions/validateDelete","buildConfig":{"build":"projects/388226025861/locations/us-central1/builds/c23944f8-3041-4e04-b701-c52c87e117d9","runtime":"nodejs22","entryPoint":"validateDelete","source":{"storageSource":{"bucket":"gcf-v2-sources-388226025861-us-central1","object":"validateDelete/function-source.zip","generation":"1763342016089566"}},"environmentVariables":{"GOOGLE_NODE_RUN_SCRIPTS":""},"dockerRepository":"projects/laura-butallo-web/locations/us-central1/repositories/gcf-artifacts","sourceProvenance":{"resolvedStorageSource":{"bucket":"gcf-v2-sources-388226025861-us-central1","object":"validateDelete/function-source.zip","generation":"1763342016089566"}},"dockerRegistry":"ARTIFACT_REGISTRY","serviceAccount":"projects/laura-butallo-web/serviceAccounts/388226025861-compute@developer.gserviceaccount.com","automaticUpdatePolicy":{}},"serviceConfig":{"service":"projects/laura-butallo-web/locations/us-central1/services/validatedelete","timeoutSeconds":60,"environmentVariables":{"FIREBASE_CONFIG":"{\"projectId\":\"laura-butallo-web\",\"storageBucket\":\"laura-butallo-web.firebasestorage.app\"}","GCLOUD_PROJECT":"laura-butallo-web","EVENTARC_CLOUD_EVENT_SOURCE":"projects/laura-butallo-web/locations/us-central1/services/validateDelete","FUNCTION_TARGET":"validateDelete","LOG_EXECUTION_ID":"true","FUNCTION_SIGNATURE_TYPE":"http"},"maxInstanceCount":10,"ingressSettings":"ALLOW_ALL","uri":"https://validatedelete-iqcs3ho3pa-uc.a.run.app","serviceAccountEmail":"388226025861-compute@developer.gserviceaccount.com","availableMemory":"256Mi","allTrafficOnLatestRevision":true,"revision":"validatedelete-00003-lat","maxInstanceRequestConcurrency":80,"availableCpu":"1"},"state":"ACTIVE","updateTime":"2025-11-17T01:13:44.423370520Z","labels":{"firebase-functions-hash":"a7b455f461f4100a072443e55eed9d922d2ff77c","deployment-tool":"cli-firebase","deployment-callable":"true"},"environment":"GEN_2","url":"https://us-central1-laura-butallo-web.cloudfunctions.net/validateDelete","createTime":"2025-11-17T00:03:30.162965139Z","satisfiesPzi":true}]}
[info] i  functions: ensuring required API run.googleapis.com is enabled... 
[info] i  functions: ensuring required API eventarc.googleapis.com is enabled... 
[info] i  functions: ensuring required API pubsub.googleapis.com is enabled... 
[info] i  functions: ensuring required API storage.googleapis.com is enabled... 
[info] i  functions: generating the service identity for pubsub.googleapis.com... 
[debug] [2025-11-17T01:29:09.708Z] Checked if tokens are valid: true, expires at: 1763345488902
[debug] [2025-11-17T01:29:09.708Z] Checked if tokens are valid: true, expires at: 1763345488902
[info] i  functions: generating the service identity for eventarc.googleapis.com... 
[debug] [2025-11-17T01:29:09.708Z] Checked if tokens are valid: true, expires at: 1763345488902
[debug] [2025-11-17T01:29:09.708Z] Checked if tokens are valid: true, expires at: 1763345488902
[debug] [2025-11-17T01:29:09.709Z] >>> [apiv2][query] POST https://serviceusage.googleapis.com/v1beta1/projects/388226025861/services/pubsub.googleapis.com:generateServiceIdentity [none]
[debug] [2025-11-17T01:29:09.709Z] >>> [apiv2][(partial)header] POST https://serviceusage.googleapis.com/v1beta1/projects/388226025861/services/pubsub.googleapis.com:generateServiceIdentity x-goog-quota-user=projects/388226025861
[debug] [2025-11-17T01:29:09.709Z] >>> [apiv2][body] POST https://serviceusage.googleapis.com/v1beta1/projects/388226025861/services/pubsub.googleapis.com:generateServiceIdentity {}
[debug] [2025-11-17T01:29:09.710Z] >>> [apiv2][query] POST https://serviceusage.googleapis.com/v1beta1/projects/388226025861/services/eventarc.googleapis.com:generateServiceIdentity [none]
[debug] [2025-11-17T01:29:09.710Z] >>> [apiv2][(partial)header] POST https://serviceusage.googleapis.com/v1beta1/projects/388226025861/services/eventarc.googleapis.com:generateServiceIdentity x-goog-quota-user=projects/388226025861
[debug] [2025-11-17T01:29:09.710Z] >>> [apiv2][body] POST https://serviceusage.googleapis.com/v1beta1/projects/388226025861/services/eventarc.googleapis.com:generateServiceIdentity {}
[debug] [2025-11-17T01:29:10.198Z] <<< [apiv2][status] POST https://serviceusage.googleapis.com/v1beta1/projects/388226025861/services/eventarc.googleapis.com:generateServiceIdentity 200
[debug] [2025-11-17T01:29:10.199Z] <<< [apiv2][body] POST https://serviceusage.googleapis.com/v1beta1/projects/388226025861/services/eventarc.googleapis.com:generateServiceIdentity {"name":"operations/finished.DONE_OPERATION","done":true,"response":{"@type":"type.googleapis.com/google.api.serviceusage.v1beta1.ServiceIdentity","email":"service-388226025861@gcp-sa-eventarc.iam.gserviceaccount.com","uniqueId":"106655484941668552064"}}
[debug] [2025-11-17T01:29:10.677Z] <<< [apiv2][status] POST https://serviceusage.googleapis.com/v1beta1/projects/388226025861/services/pubsub.googleapis.com:generateServiceIdentity 200
[debug] [2025-11-17T01:29:10.677Z] <<< [apiv2][body] POST https://serviceusage.googleapis.com/v1beta1/projects/388226025861/services/pubsub.googleapis.com:generateServiceIdentity {"name":"operations/finished.DONE_OPERATION","done":true,"response":{"@type":"type.googleapis.com/google.api.serviceusage.v1beta1.ServiceIdentity","email":"service-388226025861@gcp-sa-pubsub.iam.gserviceaccount.com","uniqueId":"101141602579678290677"}}
[debug] [2025-11-17T01:29:10.680Z] Checked if tokens are valid: true, expires at: 1763345488902
[debug] [2025-11-17T01:29:10.680Z] Checked if tokens are valid: true, expires at: 1763345488902
[debug] [2025-11-17T01:29:10.680Z] >>> [apiv2][query] GET https://cloudresourcemanager.googleapis.com/v1/projects/laura-butallo-web [none]
[debug] [2025-11-17T01:29:10.867Z] <<< [apiv2][status] GET https://cloudresourcemanager.googleapis.com/v1/projects/laura-butallo-web 200
[debug] [2025-11-17T01:29:10.868Z] <<< [apiv2][body] GET https://cloudresourcemanager.googleapis.com/v1/projects/laura-butallo-web {"projectNumber":"388226025861","projectId":"laura-butallo-web","lifecycleState":"ACTIVE","name":"Laura Butallo Web","labels":{"firebase":"enabled","firebase-core":"disabled"},"createTime":"2025-09-18T00:46:15.783906Z"}
[debug] [2025-11-17T01:29:10.868Z] Checked if tokens are valid: true, expires at: 1763345488902
[debug] [2025-11-17T01:29:10.868Z] Checked if tokens are valid: true, expires at: 1763345488902
[debug] [2025-11-17T01:29:10.868Z] >>> [apiv2][query] GET https://compute.googleapis.com/compute/v1/projects/388226025861 [none]
[debug] [2025-11-17T01:29:11.168Z] <<< [apiv2][status] GET https://compute.googleapis.com/compute/v1/projects/388226025861 403
[debug] [2025-11-17T01:29:11.169Z] <<< [apiv2][body] GET https://compute.googleapis.com/compute/v1/projects/388226025861 {"error":{"code":403,"message":"Compute Engine API has not been used in project 388226025861 before or it is disabled. Enable it by visiting https://console.developers.google.com/apis/api/compute.googleapis.com/overview?project=388226025861 then retry. If you enabled this API recently, wait a few minutes for the action to propagate to our systems and retry.","errors":[{"message":"Compute Engine API has not been used in project 388226025861 before or it is disabled. Enable it by visiting https://console.developers.google.com/apis/api/compute.googleapis.com/overview?project=388226025861 then retry. If you enabled this API recently, wait a few minutes for the action to propagate to our systems and retry.","domain":"usageLimits","reason":"accessNotConfigured","extendedHelp":"https://console.developers.google.com"}],"status":"PERMISSION_DENIED","details":[{"@type":"type.googleapis.com/google.rpc.ErrorInfo","reason":"SERVICE_DISABLED","domain":"googleapis.com","metadata":{"activationUrl":"https://console.developers.google.com/apis/api/compute.googleapis.com/overview?project=388226025861","service":"compute.googleapis.com","consumer":"projects/388226025861","containerInfo":"388226025861","serviceTitle":"Compute Engine API"}},{"@type":"type.googleapis.com/google.rpc.LocalizedMessage","locale":"en-US","message":"Compute Engine API has not been used in project 388226025861 before or it is disabled. Enable it by visiting https://console.developers.google.com/apis/api/compute.googleapis.com/overview?project=388226025861 then retry. If you enabled this API recently, wait a few minutes for the action to propagate to our systems and retry."},{"@type":"type.googleapis.com/google.rpc.Help","links":[{"description":"Google developers console API activation","url":"https://console.developers.google.com/apis/api/compute.googleapis.com/overview?project=388226025861"}]}]}}
[debug] [2025-11-17T01:29:11.169Z] unable to look up default compute service account. Falling back to 388226025861-compute@developer.gserviceaccount.com. Error: {"name":"FirebaseError","children":[],"context":{"body":{"error":{"code":403,"message":"Compute Engine API has not been used in project 388226025861 before or it is disabled. Enable it by visiting https://console.developers.google.com/apis/api/compute.googleapis.com/overview?project=388226025861 then retry. If you enabled this API recently, wait a few minutes for the action to propagate to our systems and retry.","errors":[{"message":"Compute Engine API has not been used in project 388226025861 before or it is disabled. Enable it by visiting https://console.developers.google.com/apis/api/compute.googleapis.com/overview?project=388226025861 then retry. If you enabled this API recently, wait a few minutes for the action to propagate to our systems and retry.","domain":"usageLimits","reason":"accessNotConfigured","extendedHelp":"https://console.developers.google.com"}],"status":"PERMISSION_DENIED","details":[{"@type":"type.googleapis.com/google.rpc.ErrorInfo","reason":"SERVICE_DISABLED","domain":"googleapis.com","metadata":{"activationUrl":"https://console.developers.google.com/apis/api/compute.googleapis.com/overview?project=388226025861","service":"compute.googleapis.com","consumer":"projects/388226025861","containerInfo":"388226025861","serviceTitle":"Compute Engine API"}},{"@type":"type.googleapis.com/google.rpc.LocalizedMessage","locale":"en-US","message":"Compute Engine API has not been used in project 388226025861 before or it is disabled. Enable it by visiting https://console.developers.google.com/apis/api/compute.googleapis.com/overview?project=388226025861 then retry. If you enabled this API recently, wait a few minutes for the action to propagate to our systems and retry."},{"@type":"type.googleapis.com/google.rpc.Help","links":[{"description":"Google developers console API activation","url":"https://console.developers.google.com/apis/api/compute.googleapis.com/overview?project=388226025861"}]}]}},"response":{"statusCode":403}},"exit":1,"message":"Request to https://compute.googleapis.com/compute/v1/projects/388226025861 had HTTP Error: 403, Compute Engine API has not been used in project 388226025861 before or it is disabled. Enable it by visiting https://console.developers.google.com/apis/api/compute.googleapis.com/overview?project=388226025861 then retry. If you enabled this API recently, wait a few minutes for the action to propagate to our systems and retry.","status":403}
[debug] [2025-11-17T01:29:11.169Z] Checked if tokens are valid: true, expires at: 1763345488902
[debug] [2025-11-17T01:29:11.169Z] Checked if tokens are valid: true, expires at: 1763345488902
[debug] [2025-11-17T01:29:11.170Z] >>> [apiv2][query] GET https://compute.googleapis.com/compute/v1/projects/388226025861 [none]
[debug] [2025-11-17T01:29:11.340Z] <<< [apiv2][status] GET https://compute.googleapis.com/compute/v1/projects/388226025861 403
[debug] [2025-11-17T01:29:11.340Z] <<< [apiv2][body] GET https://compute.googleapis.com/compute/v1/projects/388226025861 {"error":{"code":403,"message":"Compute Engine API has not been used in project 388226025861 before or it is disabled. Enable it by visiting https://console.developers.google.com/apis/api/compute.googleapis.com/overview?project=388226025861 then retry. If you enabled this API recently, wait a few minutes for the action to propagate to our systems and retry.","errors":[{"message":"Compute Engine API has not been used in project 388226025861 before or it is disabled. Enable it by visiting https://console.developers.google.com/apis/api/compute.googleapis.com/overview?project=388226025861 then retry. If you enabled this API recently, wait a few minutes for the action to propagate to our systems and retry.","domain":"usageLimits","reason":"accessNotConfigured","extendedHelp":"https://console.developers.google.com"}],"status":"PERMISSION_DENIED","details":[{"@type":"type.googleapis.com/google.rpc.ErrorInfo","reason":"SERVICE_DISABLED","domain":"googleapis.com","metadata":{"service":"compute.googleapis.com","serviceTitle":"Compute Engine API","containerInfo":"388226025861","activationUrl":"https://console.developers.google.com/apis/api/compute.googleapis.com/overview?project=388226025861","consumer":"projects/388226025861"}},{"@type":"type.googleapis.com/google.rpc.LocalizedMessage","locale":"en-US","message":"Compute Engine API has not been used in project 388226025861 before or it is disabled. Enable it by visiting https://console.developers.google.com/apis/api/compute.googleapis.com/overview?project=388226025861 then retry. If you enabled this API recently, wait a few minutes for the action to propagate to our systems and retry."},{"@type":"type.googleapis.com/google.rpc.Help","links":[{"description":"Google developers console API activation","url":"https://console.developers.google.com/apis/api/compute.googleapis.com/overview?project=388226025861"}]}]}}
[debug] [2025-11-17T01:29:11.340Z] unable to look up default compute service account. Falling back to 388226025861-compute@developer.gserviceaccount.com. Error: {"name":"FirebaseError","children":[],"context":{"body":{"error":{"code":403,"message":"Compute Engine API has not been used in project 388226025861 before or it is disabled. Enable it by visiting https://console.developers.google.com/apis/api/compute.googleapis.com/overview?project=388226025861 then retry. If you enabled this API recently, wait a few minutes for the action to propagate to our systems and retry.","errors":[{"message":"Compute Engine API has not been used in project 388226025861 before or it is disabled. Enable it by visiting https://console.developers.google.com/apis/api/compute.googleapis.com/overview?project=388226025861 then retry. If you enabled this API recently, wait a few minutes for the action to propagate to our systems and retry.","domain":"usageLimits","reason":"accessNotConfigured","extendedHelp":"https://console.developers.google.com"}],"status":"PERMISSION_DENIED","details":[{"@type":"type.googleapis.com/google.rpc.ErrorInfo","reason":"SERVICE_DISABLED","domain":"googleapis.com","metadata":{"service":"compute.googleapis.com","serviceTitle":"Compute Engine API","containerInfo":"388226025861","activationUrl":"https://console.developers.google.com/apis/api/compute.googleapis.com/overview?project=388226025861","consumer":"projects/388226025861"}},{"@type":"type.googleapis.com/google.rpc.LocalizedMessage","locale":"en-US","message":"Compute Engine API has not been used in project 388226025861 before or it is disabled. Enable it by visiting https://console.developers.google.com/apis/api/compute.googleapis.com/overview?project=388226025861 then retry. If you enabled this API recently, wait a few minutes for the action to propagate to our systems and retry."},{"@type":"type.googleapis.com/google.rpc.Help","links":[{"description":"Google developers console API activation","url":"https://console.developers.google.com/apis/api/compute.googleapis.com/overview?project=388226025861"}]}]}},"response":{"statusCode":403}},"exit":1,"message":"Request to https://compute.googleapis.com/compute/v1/projects/388226025861 had HTTP Error: 403, Compute Engine API has not been used in project 388226025861 before or it is disabled. Enable it by visiting https://console.developers.google.com/apis/api/compute.googleapis.com/overview?project=388226025861 then retry. If you enabled this API recently, wait a few minutes for the action to propagate to our systems and retry.","status":403}
[debug] [2025-11-17T01:29:11.340Z] Checked if tokens are valid: true, expires at: 1763345488902
[debug] [2025-11-17T01:29:11.340Z] Checked if tokens are valid: true, expires at: 1763345488902
[debug] [2025-11-17T01:29:11.340Z] >>> [apiv2][query] GET https://compute.googleapis.com/compute/v1/projects/388226025861 [none]
[debug] [2025-11-17T01:29:11.527Z] <<< [apiv2][status] GET https://compute.googleapis.com/compute/v1/projects/388226025861 403
[debug] [2025-11-17T01:29:11.527Z] <<< [apiv2][body] GET https://compute.googleapis.com/compute/v1/projects/388226025861 {"error":{"code":403,"message":"Compute Engine API has not been used in project 388226025861 before or it is disabled. Enable it by visiting https://console.developers.google.com/apis/api/compute.googleapis.com/overview?project=388226025861 then retry. If you enabled this API recently, wait a few minutes for the action to propagate to our systems and retry.","errors":[{"message":"Compute Engine API has not been used in project 388226025861 before or it is disabled. Enable it by visiting https://console.developers.google.com/apis/api/compute.googleapis.com/overview?project=388226025861 then retry. If you enabled this API recently, wait a few minutes for the action to propagate to our systems and retry.","domain":"usageLimits","reason":"accessNotConfigured","extendedHelp":"https://console.developers.google.com"}],"status":"PERMISSION_DENIED","details":[{"@type":"type.googleapis.com/google.rpc.ErrorInfo","reason":"SERVICE_DISABLED","domain":"googleapis.com","metadata":{"serviceTitle":"Compute Engine API","consumer":"projects/388226025861","containerInfo":"388226025861","service":"compute.googleapis.com","activationUrl":"https://console.developers.google.com/apis/api/compute.googleapis.com/overview?project=388226025861"}},{"@type":"type.googleapis.com/google.rpc.LocalizedMessage","locale":"en-US","message":"Compute Engine API has not been used in project 388226025861 before or it is disabled. Enable it by visiting https://console.developers.google.com/apis/api/compute.googleapis.com/overview?project=388226025861 then retry. If you enabled this API recently, wait a few minutes for the action to propagate to our systems and retry."},{"@type":"type.googleapis.com/google.rpc.Help","links":[{"description":"Google developers console API activation","url":"https://console.developers.google.com/apis/api/compute.googleapis.com/overview?project=388226025861"}]}]}}
[debug] [2025-11-17T01:29:11.528Z] unable to look up default compute service account. Falling back to 388226025861-compute@developer.gserviceaccount.com. Error: {"name":"FirebaseError","children":[],"context":{"body":{"error":{"code":403,"message":"Compute Engine API has not been used in project 388226025861 before or it is disabled. Enable it by visiting https://console.developers.google.com/apis/api/compute.googleapis.com/overview?project=388226025861 then retry. If you enabled this API recently, wait a few minutes for the action to propagate to our systems and retry.","errors":[{"message":"Compute Engine API has not been used in project 388226025861 before or it is disabled. Enable it by visiting https://console.developers.google.com/apis/api/compute.googleapis.com/overview?project=388226025861 then retry. If you enabled this API recently, wait a few minutes for the action to propagate to our systems and retry.","domain":"usageLimits","reason":"accessNotConfigured","extendedHelp":"https://console.developers.google.com"}],"status":"PERMISSION_DENIED","details":[{"@type":"type.googleapis.com/google.rpc.ErrorInfo","reason":"SERVICE_DISABLED","domain":"googleapis.com","metadata":{"serviceTitle":"Compute Engine API","consumer":"projects/388226025861","containerInfo":"388226025861","service":"compute.googleapis.com","activationUrl":"https://console.developers.google.com/apis/api/compute.googleapis.com/overview?project=388226025861"}},{"@type":"type.googleapis.com/google.rpc.LocalizedMessage","locale":"en-US","message":"Compute Engine API has not been used in project 388226025861 before or it is disabled. Enable it by visiting https://console.developers.google.com/apis/api/compute.googleapis.com/overview?project=388226025861 then retry. If you enabled this API recently, wait a few minutes for the action to propagate to our systems and retry."},{"@type":"type.googleapis.com/google.rpc.Help","links":[{"description":"Google developers console API activation","url":"https://console.developers.google.com/apis/api/compute.googleapis.com/overview?project=388226025861"}]}]}},"response":{"statusCode":403}},"exit":1,"message":"Request to https://compute.googleapis.com/compute/v1/projects/388226025861 had HTTP Error: 403, Compute Engine API has not been used in project 388226025861 before or it is disabled. Enable it by visiting https://console.developers.google.com/apis/api/compute.googleapis.com/overview?project=388226025861 then retry. If you enabled this API recently, wait a few minutes for the action to propagate to our systems and retry.","status":403}
[debug] [2025-11-17T01:29:11.528Z] Checked if tokens are valid: true, expires at: 1763345488902
[debug] [2025-11-17T01:29:11.528Z] Checked if tokens are valid: true, expires at: 1763345488902
[debug] [2025-11-17T01:29:11.528Z] >>> [apiv2][query] GET https://compute.googleapis.com/compute/v1/projects/388226025861 [none]
[debug] [2025-11-17T01:29:11.700Z] <<< [apiv2][status] GET https://compute.googleapis.com/compute/v1/projects/388226025861 403
[debug] [2025-11-17T01:29:11.700Z] <<< [apiv2][body] GET https://compute.googleapis.com/compute/v1/projects/388226025861 {"error":{"code":403,"message":"Compute Engine API has not been used in project 388226025861 before or it is disabled. Enable it by visiting https://console.developers.google.com/apis/api/compute.googleapis.com/overview?project=388226025861 then retry. If you enabled this API recently, wait a few minutes for the action to propagate to our systems and retry.","errors":[{"message":"Compute Engine API has not been used in project 388226025861 before or it is disabled. Enable it by visiting https://console.developers.google.com/apis/api/compute.googleapis.com/overview?project=388226025861 then retry. If you enabled this API recently, wait a few minutes for the action to propagate to our systems and retry.","domain":"usageLimits","reason":"accessNotConfigured","extendedHelp":"https://console.developers.google.com"}],"status":"PERMISSION_DENIED","details":[{"@type":"type.googleapis.com/google.rpc.ErrorInfo","reason":"SERVICE_DISABLED","domain":"googleapis.com","metadata":{"serviceTitle":"Compute Engine API","service":"compute.googleapis.com","activationUrl":"https://console.developers.google.com/apis/api/compute.googleapis.com/overview?project=388226025861","containerInfo":"388226025861","consumer":"projects/388226025861"}},{"@type":"type.googleapis.com/google.rpc.LocalizedMessage","locale":"en-US","message":"Compute Engine API has not been used in project 388226025861 before or it is disabled. Enable it by visiting https://console.developers.google.com/apis/api/compute.googleapis.com/overview?project=388226025861 then retry. If you enabled this API recently, wait a few minutes for the action to propagate to our systems and retry."},{"@type":"type.googleapis.com/google.rpc.Help","links":[{"description":"Google developers console API activation","url":"https://console.developers.google.com/apis/api/compute.googleapis.com/overview?project=388226025861"}]}]}}
[debug] [2025-11-17T01:29:11.700Z] unable to look up default compute service account. Falling back to 388226025861-compute@developer.gserviceaccount.com. Error: {"name":"FirebaseError","children":[],"context":{"body":{"error":{"code":403,"message":"Compute Engine API has not been used in project 388226025861 before or it is disabled. Enable it by visiting https://console.developers.google.com/apis/api/compute.googleapis.com/overview?project=388226025861 then retry. If you enabled this API recently, wait a few minutes for the action to propagate to our systems and retry.","errors":[{"message":"Compute Engine API has not been used in project 388226025861 before or it is disabled. Enable it by visiting https://console.developers.google.com/apis/api/compute.googleapis.com/overview?project=388226025861 then retry. If you enabled this API recently, wait a few minutes for the action to propagate to our systems and retry.","domain":"usageLimits","reason":"accessNotConfigured","extendedHelp":"https://console.developers.google.com"}],"status":"PERMISSION_DENIED","details":[{"@type":"type.googleapis.com/google.rpc.ErrorInfo","reason":"SERVICE_DISABLED","domain":"googleapis.com","metadata":{"serviceTitle":"Compute Engine API","service":"compute.googleapis.com","activationUrl":"https://console.developers.google.com/apis/api/compute.googleapis.com/overview?project=388226025861","containerInfo":"388226025861","consumer":"projects/388226025861"}},{"@type":"type.googleapis.com/google.rpc.LocalizedMessage","locale":"en-US","message":"Compute Engine API has not been used in project 388226025861 before or it is disabled. Enable it by visiting https://console.developers.google.com/apis/api/compute.googleapis.com/overview?project=388226025861 then retry. If you enabled this API recently, wait a few minutes for the action to propagate to our systems and retry."},{"@type":"type.googleapis.com/google.rpc.Help","links":[{"description":"Google developers console API activation","url":"https://console.developers.google.com/apis/api/compute.googleapis.com/overview?project=388226025861"}]}]}},"response":{"statusCode":403}},"exit":1,"message":"Request to https://compute.googleapis.com/compute/v1/projects/388226025861 had HTTP Error: 403, Compute Engine API has not been used in project 388226025861 before or it is disabled. Enable it by visiting https://console.developers.google.com/apis/api/compute.googleapis.com/overview?project=388226025861 then retry. If you enabled this API recently, wait a few minutes for the action to propagate to our systems and retry.","status":403}
[debug] [2025-11-17T01:29:11.700Z] Checked if tokens are valid: true, expires at: 1763345488902
[debug] [2025-11-17T01:29:11.700Z] Checked if tokens are valid: true, expires at: 1763345488902
[debug] [2025-11-17T01:29:11.700Z] >>> [apiv2][query] GET https://compute.googleapis.com/compute/v1/projects/388226025861 [none]
[debug] [2025-11-17T01:29:11.873Z] <<< [apiv2][status] GET https://compute.googleapis.com/compute/v1/projects/388226025861 403
[debug] [2025-11-17T01:29:11.873Z] <<< [apiv2][body] GET https://compute.googleapis.com/compute/v1/projects/388226025861 {"error":{"code":403,"message":"Compute Engine API has not been used in project 388226025861 before or it is disabled. Enable it by visiting https://console.developers.google.com/apis/api/compute.googleapis.com/overview?project=388226025861 then retry. If you enabled this API recently, wait a few minutes for the action to propagate to our systems and retry.","errors":[{"message":"Compute Engine API has not been used in project 388226025861 before or it is disabled. Enable it by visiting https://console.developers.google.com/apis/api/compute.googleapis.com/overview?project=388226025861 then retry. If you enabled this API recently, wait a few minutes for the action to propagate to our systems and retry.","domain":"usageLimits","reason":"accessNotConfigured","extendedHelp":"https://console.developers.google.com"}],"status":"PERMISSION_DENIED","details":[{"@type":"type.googleapis.com/google.rpc.ErrorInfo","reason":"SERVICE_DISABLED","domain":"googleapis.com","metadata":{"containerInfo":"388226025861","consumer":"projects/388226025861","serviceTitle":"Compute Engine API","service":"compute.googleapis.com","activationUrl":"https://console.developers.google.com/apis/api/compute.googleapis.com/overview?project=388226025861"}},{"@type":"type.googleapis.com/google.rpc.LocalizedMessage","locale":"en-US","message":"Compute Engine API has not been used in project 388226025861 before or it is disabled. Enable it by visiting https://console.developers.google.com/apis/api/compute.googleapis.com/overview?project=388226025861 then retry. If you enabled this API recently, wait a few minutes for the action to propagate to our systems and retry."},{"@type":"type.googleapis.com/google.rpc.Help","links":[{"description":"Google developers console API activation","url":"https://console.developers.google.com/apis/api/compute.googleapis.com/overview?project=388226025861"}]}]}}
[debug] [2025-11-17T01:29:11.873Z] unable to look up default compute service account. Falling back to 388226025861-compute@developer.gserviceaccount.com. Error: {"name":"FirebaseError","children":[],"context":{"body":{"error":{"code":403,"message":"Compute Engine API has not been used in project 388226025861 before or it is disabled. Enable it by visiting https://console.developers.google.com/apis/api/compute.googleapis.com/overview?project=388226025861 then retry. If you enabled this API recently, wait a few minutes for the action to propagate to our systems and retry.","errors":[{"message":"Compute Engine API has not been used in project 388226025861 before or it is disabled. Enable it by visiting https://console.developers.google.com/apis/api/compute.googleapis.com/overview?project=388226025861 then retry. If you enabled this API recently, wait a few minutes for the action to propagate to our systems and retry.","domain":"usageLimits","reason":"accessNotConfigured","extendedHelp":"https://console.developers.google.com"}],"status":"PERMISSION_DENIED","details":[{"@type":"type.googleapis.com/google.rpc.ErrorInfo","reason":"SERVICE_DISABLED","domain":"googleapis.com","metadata":{"containerInfo":"388226025861","consumer":"projects/388226025861","serviceTitle":"Compute Engine API","service":"compute.googleapis.com","activationUrl":"https://console.developers.google.com/apis/api/compute.googleapis.com/overview?project=388226025861"}},{"@type":"type.googleapis.com/google.rpc.LocalizedMessage","locale":"en-US","message":"Compute Engine API has not been used in project 388226025861 before or it is disabled. Enable it by visiting https://console.developers.google.com/apis/api/compute.googleapis.com/overview?project=388226025861 then retry. If you enabled this API recently, wait a few minutes for the action to propagate to our systems and retry."},{"@type":"type.googleapis.com/google.rpc.Help","links":[{"description":"Google developers console API activation","url":"https://console.developers.google.com/apis/api/compute.googleapis.com/overview?project=388226025861"}]}]}},"response":{"statusCode":403}},"exit":1,"message":"Request to https://compute.googleapis.com/compute/v1/projects/388226025861 had HTTP Error: 403, Compute Engine API has not been used in project 388226025861 before or it is disabled. Enable it by visiting https://console.developers.google.com/apis/api/compute.googleapis.com/overview?project=388226025861 then retry. If you enabled this API recently, wait a few minutes for the action to propagate to our systems and retry.","status":403}
[debug] [2025-11-17T01:29:11.873Z] Checked if tokens are valid: true, expires at: 1763345488902
[debug] [2025-11-17T01:29:11.873Z] Checked if tokens are valid: true, expires at: 1763345488902
[debug] [2025-11-17T01:29:11.873Z] >>> [apiv2][query] GET https://compute.googleapis.com/compute/v1/projects/388226025861 [none]
[debug] [2025-11-17T01:29:12.077Z] <<< [apiv2][status] GET https://compute.googleapis.com/compute/v1/projects/388226025861 403
[debug] [2025-11-17T01:29:12.077Z] <<< [apiv2][body] GET https://compute.googleapis.com/compute/v1/projects/388226025861 {"error":{"code":403,"message":"Compute Engine API has not been used in project 388226025861 before or it is disabled. Enable it by visiting https://console.developers.google.com/apis/api/compute.googleapis.com/overview?project=388226025861 then retry. If you enabled this API recently, wait a few minutes for the action to propagate to our systems and retry.","errors":[{"message":"Compute Engine API has not been used in project 388226025861 before or it is disabled. Enable it by visiting https://console.developers.google.com/apis/api/compute.googleapis.com/overview?project=388226025861 then retry. If you enabled this API recently, wait a few minutes for the action to propagate to our systems and retry.","domain":"usageLimits","reason":"accessNotConfigured","extendedHelp":"https://console.developers.google.com"}],"status":"PERMISSION_DENIED","details":[{"@type":"type.googleapis.com/google.rpc.ErrorInfo","reason":"SERVICE_DISABLED","domain":"googleapis.com","metadata":{"activationUrl":"https://console.developers.google.com/apis/api/compute.googleapis.com/overview?project=388226025861","service":"compute.googleapis.com","containerInfo":"388226025861","consumer":"projects/388226025861","serviceTitle":"Compute Engine API"}},{"@type":"type.googleapis.com/google.rpc.LocalizedMessage","locale":"en-US","message":"Compute Engine API has not been used in project 388226025861 before or it is disabled. Enable it by visiting https://console.developers.google.com/apis/api/compute.googleapis.com/overview?project=388226025861 then retry. If you enabled this API recently, wait a few minutes for the action to propagate to our systems and retry."},{"@type":"type.googleapis.com/google.rpc.Help","links":[{"description":"Google developers console API activation","url":"https://console.developers.google.com/apis/api/compute.googleapis.com/overview?project=388226025861"}]}]}}
[debug] [2025-11-17T01:29:12.077Z] unable to look up default compute service account. Falling back to 388226025861-compute@developer.gserviceaccount.com. Error: {"name":"FirebaseError","children":[],"context":{"body":{"error":{"code":403,"message":"Compute Engine API has not been used in project 388226025861 before or it is disabled. Enable it by visiting https://console.developers.google.com/apis/api/compute.googleapis.com/overview?project=388226025861 then retry. If you enabled this API recently, wait a few minutes for the action to propagate to our systems and retry.","errors":[{"message":"Compute Engine API has not been used in project 388226025861 before or it is disabled. Enable it by visiting https://console.developers.google.com/apis/api/compute.googleapis.com/overview?project=388226025861 then retry. If you enabled this API recently, wait a few minutes for the action to propagate to our systems and retry.","domain":"usageLimits","reason":"accessNotConfigured","extendedHelp":"https://console.developers.google.com"}],"status":"PERMISSION_DENIED","details":[{"@type":"type.googleapis.com/google.rpc.ErrorInfo","reason":"SERVICE_DISABLED","domain":"googleapis.com","metadata":{"activationUrl":"https://console.developers.google.com/apis/api/compute.googleapis.com/overview?project=388226025861","service":"compute.googleapis.com","containerInfo":"388226025861","consumer":"projects/388226025861","serviceTitle":"Compute Engine API"}},{"@type":"type.googleapis.com/google.rpc.LocalizedMessage","locale":"en-US","message":"Compute Engine API has not been used in project 388226025861 before or it is disabled. Enable it by visiting https://console.developers.google.com/apis/api/compute.googleapis.com/overview?project=388226025861 then retry. If you enabled this API recently, wait a few minutes for the action to propagate to our systems and retry."},{"@type":"type.googleapis.com/google.rpc.Help","links":[{"description":"Google developers console API activation","url":"https://console.developers.google.com/apis/api/compute.googleapis.com/overview?project=388226025861"}]}]}},"response":{"statusCode":403}},"exit":1,"message":"Request to https://compute.googleapis.com/compute/v1/projects/388226025861 had HTTP Error: 403, Compute Engine API has not been used in project 388226025861 before or it is disabled. Enable it by visiting https://console.developers.google.com/apis/api/compute.googleapis.com/overview?project=388226025861 then retry. If you enabled this API recently, wait a few minutes for the action to propagate to our systems and retry.","status":403}
[debug] [2025-11-17T01:29:12.079Z] Checked if tokens are valid: true, expires at: 1763345488902
[debug] [2025-11-17T01:29:12.079Z] Checked if tokens are valid: true, expires at: 1763345488902
[debug] [2025-11-17T01:29:12.080Z] >>> [apiv2][query] GET https://cloudbilling.googleapis.com/v1/projects/laura-butallo-web/billingInfo [none]
[debug] [2025-11-17T01:29:12.838Z] <<< [apiv2][status] GET https://cloudbilling.googleapis.com/v1/projects/laura-butallo-web/billingInfo 200
[debug] [2025-11-17T01:29:12.838Z] <<< [apiv2][body] GET https://cloudbilling.googleapis.com/v1/projects/laura-butallo-web/billingInfo {"name":"projects/laura-butallo-web/billingInfo","projectId":"laura-butallo-web","billingAccountName":"billingAccounts/01FF02-61792C-B672BB","billingEnabled":true}
[debug] [2025-11-17T01:29:12.840Z] Checked if tokens are valid: true, expires at: 1763345488902
[debug] [2025-11-17T01:29:12.841Z] Checked if tokens are valid: true, expires at: 1763345488902
[debug] [2025-11-17T01:29:12.841Z] >>> [apiv2][query] POST https://cloudfunctions.googleapis.com/v2/projects/laura-butallo-web/locations/europe-west3/functions:generateUploadUrl [none]
[debug] [2025-11-17T01:29:13.007Z] <<< [apiv2][status] POST https://cloudfunctions.googleapis.com/v2/projects/laura-butallo-web/locations/europe-west3/functions:generateUploadUrl 200
[debug] [2025-11-17T01:29:13.007Z] <<< [apiv2][body] POST https://cloudfunctions.googleapis.com/v2/projects/laura-butallo-web/locations/europe-west3/functions:generateUploadUrl {"uploadUrl":"https://storage.googleapis.com/gcf-v2-uploads-388226025861.europe-west3.cloudfunctions.appspot.com/5b2a06e4-6e59-43a9-9bd1-15cf76b9f936.zip?GoogleAccessId=service-388226025861@gcf-admin-robot.iam.gserviceaccount.com&Expires=1763344753&Signature=PZ3HVg%2B1SGe%2FbgPZCdLIKu7ZXYmI8p%2BA%2Bf%2F%2F5xZzg0uKitSOggygNe0aFjSk3tNGxuMVfXfluglxrd0DCYaQz4cPyDfBrir%2Bo5VlmnnwTVULj52d%2F3cUJN3ZqDXE6lf%2BVanjyJTNuAfoZJ%2BcoxonLFRKfGk4MnbBDh0OxuPNiqKFFZaVNGPHYTFe%2FWdZzBF4lJobolx%2Bql%2F8pSoSkmjfXGKPS01f0BQWDObSACX%2FHoHooOrra6t%2BQuBwRY4kW%2FINJU%2Bxr8utmQkHFHC6JrqG8JTgajO3bMSWFWOufp2aAhGIsYAqQKsy8IzqViLA1TxJxLDrQAY3DZvZjtEuckPuQw%3D%3D","storageSource":{"bucket":"gcf-v2-uploads-388226025861.europe-west3.cloudfunctions.appspot.com","object":"5b2a06e4-6e59-43a9-9bd1-15cf76b9f936.zip"}}
[debug] [2025-11-17T01:29:13.008Z] >>> [apiv2][query] PUT https://storage.googleapis.com/gcf-v2-uploads-388226025861.europe-west3.cloudfunctions.appspot.com/5b2a06e4-6e59-43a9-9bd1-15cf76b9f936.zip GoogleAccessId=service-388226025861%40gcf-admin-robot.iam.gserviceaccount.com&Expires=1763344753&Signature=PZ3HVg%2B1SGe%2FbgPZCdLIKu7ZXYmI8p%2BA%2Bf%2F%2F5xZzg0uKitSOggygNe0aFjSk3tNGxuMVfXfluglxrd0DCYaQz4cPyDfBrir%2Bo5VlmnnwTVULj52d%2F3cUJN3ZqDXE6lf%2BVanjyJTNuAfoZJ%2BcoxonLFRKfGk4MnbBDh0OxuPNiqKFFZaVNGPHYTFe%2FWdZzBF4lJobolx%2Bql%2F8pSoSkmjfXGKPS01f0BQWDObSACX%2FHoHooOrra6t%2BQuBwRY4kW%2FINJU%2Bxr8utmQkHFHC6JrqG8JTgajO3bMSWFWOufp2aAhGIsYAqQKsy8IzqViLA1TxJxLDrQAY3DZvZjtEuckPuQw%3D%3D
[debug] [2025-11-17T01:29:13.008Z] >>> [apiv2][body] PUT https://storage.googleapis.com/gcf-v2-uploads-388226025861.europe-west3.cloudfunctions.appspot.com/5b2a06e4-6e59-43a9-9bd1-15cf76b9f936.zip [stream]
[debug] [2025-11-17T01:29:13.301Z] <<< [apiv2][status] PUT https://storage.googleapis.com/gcf-v2-uploads-388226025861.europe-west3.cloudfunctions.appspot.com/5b2a06e4-6e59-43a9-9bd1-15cf76b9f936.zip 200
[debug] [2025-11-17T01:29:13.301Z] <<< [apiv2][body] PUT https://storage.googleapis.com/gcf-v2-uploads-388226025861.europe-west3.cloudfunctions.appspot.com/5b2a06e4-6e59-43a9-9bd1-15cf76b9f936.zip [omitted]
[info] ✔  functions: functions source uploaded successfully 
[info] i  functions: updating Node.js 22 (2nd Gen) function onImageFinalize(europe-west3)... 
[info] i  functions: updating Node.js 22 (2nd Gen) function onVideoFinalize(europe-west3)... 
[info] i  functions: updating Node.js 22 (2nd Gen) function generateDownloadUrl(us-central1)... 
[info] i  functions: updating Node.js 22 (2nd Gen) function regenerateDownloadUrl(us-central1)... 
[info] i  functions: updating Node.js 22 (2nd Gen) function validateDelete(us-central1)... 
[info] i  functions: updating Node.js 22 (2nd Gen) function migrateArtworksToAssets(us-central1)... 
[debug] [2025-11-17T01:29:13.309Z] Checked if tokens are valid: true, expires at: 1763345488902
[debug] [2025-11-17T01:29:13.309Z] Checked if tokens are valid: true, expires at: 1763345488902
[debug] [2025-11-17T01:29:13.309Z] Checked if tokens are valid: true, expires at: 1763345488902
[debug] [2025-11-17T01:29:13.309Z] Checked if tokens are valid: true, expires at: 1763345488902
[debug] [2025-11-17T01:29:13.309Z] >>> [apiv2][query] PATCH https://cloudfunctions.googleapis.com/v2/projects/laura-butallo-web/locations/europe-west3/functions/onImageFinalize updateMask=name%2CbuildConfig.runtime%2CbuildConfig.entryPoint%2CbuildConfig.source.storageSource.bucket%2CbuildConfig.source.storageSource.object%2CbuildConfig.environmentVariables%2CbuildConfig.sourceToken%2CserviceConfig.environmentVariables%2CserviceConfig.ingressSettings%2CserviceConfig.timeoutSeconds%2CserviceConfig.serviceAccountEmail%2CserviceConfig.availableMemory%2CserviceConfig.minInstanceCount%2CserviceConfig.maxInstanceCount%2CserviceConfig.maxInstanceRequestConcurrency%2CserviceConfig.availableCpu%2CserviceConfig.vpcConnector%2CserviceConfig.vpcConnectorEgressSettings%2Clabels%2CeventTrigger.eventType%2CeventTrigger.retryPolicy%2CeventTrigger.eventFilters%2CeventTrigger.triggerRegion
[debug] [2025-11-17T01:29:13.309Z] >>> [apiv2][body] PATCH https://cloudfunctions.googleapis.com/v2/projects/laura-butallo-web/locations/europe-west3/functions/onImageFinalize {"name":"projects/laura-butallo-web/locations/europe-west3/functions/onImageFinalize","buildConfig":{"runtime":"nodejs22","entryPoint":"onImageFinalize","source":{"storageSource":{"bucket":"gcf-v2-uploads-388226025861.europe-west3.cloudfunctions.appspot.com","object":"5b2a06e4-6e59-43a9-9bd1-15cf76b9f936.zip"}},"environmentVariables":{"GOOGLE_NODE_RUN_SCRIPTS":""}},"serviceConfig":{"environmentVariables":{"FIREBASE_CONFIG":"{\"projectId\":\"laura-butallo-web\",\"storageBucket\":\"laura-butallo-web.firebasestorage.app\"}","GCLOUD_PROJECT":"laura-butallo-web","EVENTARC_CLOUD_EVENT_SOURCE":"projects/laura-butallo-web/locations/europe-west3/services/onImageFinalize","FUNCTION_SIGNATURE_TYPE":"cloudevent","FUNCTION_TARGET":"onImageFinalize","LOG_EXECUTION_ID":"true"},"ingressSettings":null,"timeoutSeconds":null,"serviceAccountEmail":null,"availableMemory":"256Mi","minInstanceCount":null,"maxInstanceCount":10,"maxInstanceRequestConcurrency":80,"availableCpu":"1","vpcConnector":null,"vpcConnectorEgressSettings":null},"labels":{"deployment-tool":"cli-firebase","firebase-functions-hash":"d11ed15f804aa79f0f35be9712b2470e6e47da66"},"eventTrigger":{"eventType":"google.cloud.storage.object.v1.finalized","retryPolicy":"RETRY_POLICY_DO_NOT_RETRY","eventFilters":[{"attribute":"bucket","value":"laura-butallo-web.firebasestorage.app"}],"triggerRegion":"eu"}}
[debug] [2025-11-17T01:29:13.310Z] >>> [apiv2][query] PATCH https://cloudfunctions.googleapis.com/v2/projects/laura-butallo-web/locations/us-central1/functions/generateDownloadUrl updateMask=name%2CbuildConfig.runtime%2CbuildConfig.entryPoint%2CbuildConfig.source.storageSource.bucket%2CbuildConfig.source.storageSource.object%2CbuildConfig.environmentVariables%2CbuildConfig.sourceToken%2CserviceConfig.environmentVariables%2CserviceConfig.ingressSettings%2CserviceConfig.timeoutSeconds%2CserviceConfig.serviceAccountEmail%2CserviceConfig.availableMemory%2CserviceConfig.minInstanceCount%2CserviceConfig.maxInstanceCount%2CserviceConfig.maxInstanceRequestConcurrency%2CserviceConfig.availableCpu%2CserviceConfig.vpcConnector%2CserviceConfig.vpcConnectorEgressSettings%2Clabels
[debug] [2025-11-17T01:29:13.311Z] >>> [apiv2][body] PATCH https://cloudfunctions.googleapis.com/v2/projects/laura-butallo-web/locations/us-central1/functions/generateDownloadUrl {"name":"projects/laura-butallo-web/locations/us-central1/functions/generateDownloadUrl","buildConfig":{"runtime":"nodejs22","entryPoint":"generateDownloadUrl","source":{"storageSource":{"bucket":"gcf-v2-uploads-388226025861.europe-west3.cloudfunctions.appspot.com","object":"5b2a06e4-6e59-43a9-9bd1-15cf76b9f936.zip"}},"environmentVariables":{"GOOGLE_NODE_RUN_SCRIPTS":""}},"serviceConfig":{"environmentVariables":{"FIREBASE_CONFIG":"{\"projectId\":\"laura-butallo-web\",\"storageBucket\":\"laura-butallo-web.firebasestorage.app\"}","GCLOUD_PROJECT":"laura-butallo-web","EVENTARC_CLOUD_EVENT_SOURCE":"projects/laura-butallo-web/locations/us-central1/services/generateDownloadUrl","FUNCTION_TARGET":"generateDownloadUrl","LOG_EXECUTION_ID":"true"},"ingressSettings":null,"timeoutSeconds":null,"serviceAccountEmail":null,"availableMemory":"256Mi","minInstanceCount":null,"maxInstanceCount":10,"maxInstanceRequestConcurrency":80,"availableCpu":"1","vpcConnector":null,"vpcConnectorEgressSettings":null},"labels":{"deployment-tool":"cli-firebase","deployment-callable":"true","firebase-functions-hash":"d11ed15f804aa79f0f35be9712b2470e6e47da66"}}
[debug] [2025-11-17T01:29:14.502Z] <<< [apiv2][status] PATCH https://cloudfunctions.googleapis.com/v2/projects/laura-butallo-web/locations/europe-west3/functions/onImageFinalize 200
[debug] [2025-11-17T01:29:14.502Z] <<< [apiv2][body] PATCH https://cloudfunctions.googleapis.com/v2/projects/laura-butallo-web/locations/europe-west3/functions/onImageFinalize {"name":"projects/laura-butallo-web/locations/europe-west3/operations/operation-1763342953473-643c0465be62f-72441587-f838f67c","metadata":{"@type":"type.googleapis.com/google.cloud.functions.v2.OperationMetadata","createTime":"2025-11-17T01:29:14.525804665Z","target":"projects/laura-butallo-web/locations/europe-west3/functions/onImageFinalize","verb":"update","cancelRequested":false,"apiVersion":"v2"},"done":false}
[debug] [2025-11-17T01:29:14.503Z] Checked if tokens are valid: true, expires at: 1763345488902
[debug] [2025-11-17T01:29:14.503Z] Checked if tokens are valid: true, expires at: 1763345488902
[debug] [2025-11-17T01:29:14.503Z] >>> [apiv2][query] GET https://cloudfunctions.googleapis.com/v2/projects/laura-butallo-web/locations/europe-west3/operations/operation-1763342953473-643c0465be62f-72441587-f838f67c [none]
[debug] [2025-11-17T01:29:14.631Z] <<< [apiv2][status] GET https://cloudfunctions.googleapis.com/v2/projects/laura-butallo-web/locations/europe-west3/operations/operation-1763342953473-643c0465be62f-72441587-f838f67c 200
[debug] [2025-11-17T01:29:14.632Z] <<< [apiv2][body] GET https://cloudfunctions.googleapis.com/v2/projects/laura-butallo-web/locations/europe-west3/operations/operation-1763342953473-643c0465be62f-72441587-f838f67c {"name":"projects/laura-butallo-web/locations/europe-west3/operations/operation-1763342953473-643c0465be62f-72441587-f838f67c","metadata":{"@type":"type.googleapis.com/google.cloud.functions.v2.OperationMetadata","createTime":"2025-11-17T01:29:14.525804665Z","target":"projects/laura-butallo-web/locations/europe-west3/functions/onImageFinalize","verb":"update","cancelRequested":false,"apiVersion":"v2","requestResource":{"@type":"type.googleapis.com/google.cloud.functions.v2.Function","name":"projects/laura-butallo-web/locations/europe-west3/functions/onImageFinalize","buildConfig":{"runtime":"nodejs22","entryPoint":"onImageFinalize","source":{"storageSource":{"bucket":"gcf-v2-sources-388226025861-europe-west3","object":"onImageFinalize/function-source.zip","generation":"1763342954485648"}},"environmentVariables":{"GOOGLE_NODE_RUN_SCRIPTS":""},"dockerRepository":"projects/laura-butallo-web/locations/europe-west3/repositories/gcf-artifacts","sourceProvenance":{"resolvedStorageSource":{"bucket":"gcf-v2-sources-388226025861-europe-west3","object":"onImageFinalize/function-source.zip","generation":"1763341904430177"}},"dockerRegistry":"ARTIFACT_REGISTRY","serviceAccount":"projects/laura-butallo-web/serviceAccounts/388226025861-compute@developer.gserviceaccount.com","automaticUpdatePolicy":{}},"serviceConfig":{"service":"projects/laura-butallo-web/locations/europe-west3/services/onimagefinalize","timeoutSeconds":60,"environmentVariables":{"FIREBASE_CONFIG":"{\"projectId\":\"laura-butallo-web\",\"storageBucket\":\"laura-butallo-web.firebasestorage.app\"}","GCLOUD_PROJECT":"laura-butallo-web","EVENTARC_CLOUD_EVENT_SOURCE":"projects/laura-butallo-web/locations/europe-west3/services/onImageFinalize","FUNCTION_SIGNATURE_TYPE":"cloudevent","FUNCTION_TARGET":"onImageFinalize","LOG_EXECUTION_ID":"true"},"maxInstanceCount":10,"ingressSettings":"ALLOW_ALL","uri":"https://onimagefinalize-iqcs3ho3pa-ey.a.run.app","serviceAccountEmail":"388226025861-compute@developer.gserviceaccount.com","availableMemory":"256Mi","allTrafficOnLatestRevision":true,"revision":"onimagefinalize-00001-pir","maxInstanceRequestConcurrency":80,"availableCpu":"1"},"eventTrigger":{"trigger":"projects/laura-butallo-web/locations/eu/triggers/onimagefinalize-345816","triggerRegion":"eu","eventType":"google.cloud.storage.object.v1.finalized","eventFilters":[{"attribute":"bucket","value":"laura-butallo-web.firebasestorage.app"}],"pubsubTopic":"projects/laura-butallo-web/topics/eventarc-eu-onimagefinalize-345816-269","serviceAccountEmail":"388226025861-compute@developer.gserviceaccount.com","retryPolicy":"RETRY_POLICY_DO_NOT_RETRY"},"state":"ACTIVE","labels":{"deployment-tool":"cli-firebase","firebase-functions-hash":"d11ed15f804aa79f0f35be9712b2470e6e47da66"},"environment":"GEN_2","url":"https://europe-west3-laura-butallo-web.cloudfunctions.net/onImageFinalize","satisfiesPzs":true,"satisfiesPzi":true},"stages":[{"name":"BUILD","state":"NOT_STARTED"},{"name":"SERVICE","state":"NOT_STARTED"},{"name":"TRIGGER","state":"NOT_STARTED"}],"operationType":"UPDATE_FUNCTION"},"done":false}
[debug] [2025-11-17T01:29:15.133Z] [update-default-europe-west3-onImageFinalize] Retrying task index 0
[debug] [2025-11-17T01:29:15.133Z] Checked if tokens are valid: true, expires at: 1763345488902
[debug] [2025-11-17T01:29:15.133Z] Checked if tokens are valid: true, expires at: 1763345488902
[debug] [2025-11-17T01:29:15.133Z] >>> [apiv2][query] GET https://cloudfunctions.googleapis.com/v2/projects/laura-butallo-web/locations/europe-west3/operations/operation-1763342953473-643c0465be62f-72441587-f838f67c [none]
[debug] [2025-11-17T01:29:15.254Z] <<< [apiv2][status] GET https://cloudfunctions.googleapis.com/v2/projects/laura-butallo-web/locations/europe-west3/operations/operation-1763342953473-643c0465be62f-72441587-f838f67c 200
[debug] [2025-11-17T01:29:15.255Z] <<< [apiv2][body] GET https://cloudfunctions.googleapis.com/v2/projects/laura-butallo-web/locations/europe-west3/operations/operation-1763342953473-643c0465be62f-72441587-f838f67c {"name":"projects/laura-butallo-web/locations/europe-west3/operations/operation-1763342953473-643c0465be62f-72441587-f838f67c","metadata":{"@type":"type.googleapis.com/google.cloud.functions.v2.OperationMetadata","createTime":"2025-11-17T01:29:14.525804665Z","target":"projects/laura-butallo-web/locations/europe-west3/functions/onImageFinalize","verb":"update","cancelRequested":false,"apiVersion":"v2","requestResource":{"@type":"type.googleapis.com/google.cloud.functions.v2.Function","name":"projects/laura-butallo-web/locations/europe-west3/functions/onImageFinalize","buildConfig":{"runtime":"nodejs22","entryPoint":"onImageFinalize","source":{"storageSource":{"bucket":"gcf-v2-sources-388226025861-europe-west3","object":"onImageFinalize/function-source.zip","generation":"1763342954485648"}},"environmentVariables":{"GOOGLE_NODE_RUN_SCRIPTS":""},"dockerRepository":"projects/laura-butallo-web/locations/europe-west3/repositories/gcf-artifacts","sourceProvenance":{"resolvedStorageSource":{"bucket":"gcf-v2-sources-388226025861-europe-west3","object":"onImageFinalize/function-source.zip","generation":"1763341904430177"}},"dockerRegistry":"ARTIFACT_REGISTRY","serviceAccount":"projects/laura-butallo-web/serviceAccounts/388226025861-compute@developer.gserviceaccount.com","automaticUpdatePolicy":{}},"serviceConfig":{"service":"projects/laura-butallo-web/locations/europe-west3/services/onimagefinalize","timeoutSeconds":60,"environmentVariables":{"FIREBASE_CONFIG":"{\"projectId\":\"laura-butallo-web\",\"storageBucket\":\"laura-butallo-web.firebasestorage.app\"}","GCLOUD_PROJECT":"laura-butallo-web","EVENTARC_CLOUD_EVENT_SOURCE":"projects/laura-butallo-web/locations/europe-west3/services/onImageFinalize","FUNCTION_SIGNATURE_TYPE":"cloudevent","FUNCTION_TARGET":"onImageFinalize","LOG_EXECUTION_ID":"true"},"maxInstanceCount":10,"ingressSettings":"ALLOW_ALL","uri":"https://onimagefinalize-iqcs3ho3pa-ey.a.run.app","serviceAccountEmail":"388226025861-compute@developer.gserviceaccount.com","availableMemory":"256Mi","allTrafficOnLatestRevision":true,"revision":"onimagefinalize-00001-pir","maxInstanceRequestConcurrency":80,"availableCpu":"1"},"eventTrigger":{"trigger":"projects/laura-butallo-web/locations/eu/triggers/onimagefinalize-345816","triggerRegion":"eu","eventType":"google.cloud.storage.object.v1.finalized","eventFilters":[{"attribute":"bucket","value":"laura-butallo-web.firebasestorage.app"}],"pubsubTopic":"projects/laura-butallo-web/topics/eventarc-eu-onimagefinalize-345816-269","serviceAccountEmail":"388226025861-compute@developer.gserviceaccount.com","retryPolicy":"RETRY_POLICY_DO_NOT_RETRY"},"state":"ACTIVE","labels":{"deployment-tool":"cli-firebase","firebase-functions-hash":"d11ed15f804aa79f0f35be9712b2470e6e47da66"},"environment":"GEN_2","url":"https://europe-west3-laura-butallo-web.cloudfunctions.net/onImageFinalize","satisfiesPzs":true,"satisfiesPzi":true},"stages":[{"name":"BUILD","state":"NOT_STARTED"},{"name":"SERVICE","state":"NOT_STARTED"},{"name":"TRIGGER","state":"NOT_STARTED"}],"operationType":"UPDATE_FUNCTION"},"done":false}
[debug] [2025-11-17T01:29:15.503Z] <<< [apiv2][status] PATCH https://cloudfunctions.googleapis.com/v2/projects/laura-butallo-web/locations/us-central1/functions/generateDownloadUrl 200
[debug] [2025-11-17T01:29:15.503Z] <<< [apiv2][body] PATCH https://cloudfunctions.googleapis.com/v2/projects/laura-butallo-web/locations/us-central1/functions/generateDownloadUrl {"name":"projects/laura-butallo-web/locations/us-central1/operations/operation-1763342954066-643c04664f07d-a28676e0-4f81122c","metadata":{"@type":"type.googleapis.com/google.cloud.functions.v2.OperationMetadata","createTime":"2025-11-17T01:29:15.474345866Z","target":"projects/laura-butallo-web/locations/us-central1/functions/generateDownloadUrl","verb":"update","cancelRequested":false,"apiVersion":"v2"},"done":false}
[debug] [2025-11-17T01:29:15.503Z] Checked if tokens are valid: true, expires at: 1763345488902
[debug] [2025-11-17T01:29:15.504Z] Checked if tokens are valid: true, expires at: 1763345488902
[debug] [2025-11-17T01:29:15.504Z] >>> [apiv2][query] GET https://cloudfunctions.googleapis.com/v2/projects/laura-butallo-web/locations/us-central1/operations/operation-1763342954066-643c04664f07d-a28676e0-4f81122c [none]
[debug] [2025-11-17T01:29:16.210Z] <<< [apiv2][status] GET https://cloudfunctions.googleapis.com/v2/projects/laura-butallo-web/locations/us-central1/operations/operation-1763342954066-643c04664f07d-a28676e0-4f81122c 200
[debug] [2025-11-17T01:29:16.210Z] <<< [apiv2][body] GET https://cloudfunctions.googleapis.com/v2/projects/laura-butallo-web/locations/us-central1/operations/operation-1763342954066-643c04664f07d-a28676e0-4f81122c {"name":"projects/laura-butallo-web/locations/us-central1/operations/operation-1763342954066-643c04664f07d-a28676e0-4f81122c","metadata":{"@type":"type.googleapis.com/google.cloud.functions.v2.OperationMetadata","createTime":"2025-11-17T01:29:15.474345866Z","target":"projects/laura-butallo-web/locations/us-central1/functions/generateDownloadUrl","verb":"update","cancelRequested":false,"apiVersion":"v2","requestResource":{"@type":"type.googleapis.com/google.cloud.functions.v2.Function","name":"projects/laura-butallo-web/locations/us-central1/functions/generateDownloadUrl","buildConfig":{"runtime":"nodejs22","entryPoint":"generateDownloadUrl","source":{"storageSource":{"bucket":"gcf-v2-sources-388226025861-us-central1","object":"generateDownloadUrl/function-source.zip","generation":"1763342955423545"}},"environmentVariables":{"GOOGLE_NODE_RUN_SCRIPTS":""},"dockerRepository":"projects/laura-butallo-web/locations/us-central1/repositories/gcf-artifacts","sourceProvenance":{"resolvedStorageSource":{"bucket":"gcf-v2-sources-388226025861-us-central1","object":"generateDownloadUrl/function-source.zip","generation":"1763341907041287"}},"dockerRegistry":"ARTIFACT_REGISTRY","serviceAccount":"projects/laura-butallo-web/serviceAccounts/388226025861-compute@developer.gserviceaccount.com","automaticUpdatePolicy":{}},"serviceConfig":{"service":"projects/laura-butallo-web/locations/us-central1/services/generatedownloadurl","timeoutSeconds":60,"environmentVariables":{"FIREBASE_CONFIG":"{\"projectId\":\"laura-butallo-web\",\"storageBucket\":\"laura-butallo-web.firebasestorage.app\"}","GCLOUD_PROJECT":"laura-butallo-web","EVENTARC_CLOUD_EVENT_SOURCE":"projects/laura-butallo-web/locations/us-central1/services/generateDownloadUrl","FUNCTION_TARGET":"generateDownloadUrl","LOG_EXECUTION_ID":"true"},"maxInstanceCount":10,"ingressSettings":"ALLOW_ALL","uri":"https://generatedownloadurl-iqcs3ho3pa-uc.a.run.app","serviceAccountEmail":"388226025861-compute@developer.gserviceaccount.com","availableMemory":"256Mi","allTrafficOnLatestRevision":true,"revision":"generatedownloadurl-00003-tuz","maxInstanceRequestConcurrency":80,"availableCpu":"1"},"state":"ACTIVE","labels":{"deployment-tool":"cli-firebase","deployment-callable":"true","firebase-functions-hash":"d11ed15f804aa79f0f35be9712b2470e6e47da66"},"environment":"GEN_2","url":"https://us-central1-laura-butallo-web.cloudfunctions.net/generateDownloadUrl","satisfiesPzi":true},"stages":[{"name":"BUILD","message":"Creating build","state":"IN_PROGRESS","resource":"projects/388226025861/locations/us-central1/builds/ab53cf6f-9b9b-4e72-b047-bb6549f14c3a","resourceUri":"https://console.cloud.google.com/cloud-build/builds;region=us-central1/ab53cf6f-9b9b-4e72-b047-bb6549f14c3a?project=388226025861"},{"name":"SERVICE","state":"NOT_STARTED"}],"operationType":"UPDATE_FUNCTION","buildName":"projects/388226025861/locations/us-central1/builds/ab53cf6f-9b9b-4e72-b047-bb6549f14c3a"},"done":false}
[debug] [2025-11-17T01:29:16.256Z] [update-default-europe-west3-onImageFinalize] Retrying task index 0
[debug] [2025-11-17T01:29:16.257Z] Checked if tokens are valid: true, expires at: 1763345488902
[debug] [2025-11-17T01:29:16.257Z] Checked if tokens are valid: true, expires at: 1763345488902
[debug] [2025-11-17T01:29:16.257Z] >>> [apiv2][query] GET https://cloudfunctions.googleapis.com/v2/projects/laura-butallo-web/locations/europe-west3/operations/operation-1763342953473-643c0465be62f-72441587-f838f67c [none]
[debug] [2025-11-17T01:29:16.344Z] <<< [apiv2][status] GET https://cloudfunctions.googleapis.com/v2/projects/laura-butallo-web/locations/europe-west3/operations/operation-1763342953473-643c0465be62f-72441587-f838f67c 200
[debug] [2025-11-17T01:29:16.345Z] <<< [apiv2][body] GET https://cloudfunctions.googleapis.com/v2/projects/laura-butallo-web/locations/europe-west3/operations/operation-1763342953473-643c0465be62f-72441587-f838f67c {"name":"projects/laura-butallo-web/locations/europe-west3/operations/operation-1763342953473-643c0465be62f-72441587-f838f67c","metadata":{"@type":"type.googleapis.com/google.cloud.functions.v2.OperationMetadata","createTime":"2025-11-17T01:29:14.525804665Z","target":"projects/laura-butallo-web/locations/europe-west3/functions/onImageFinalize","verb":"update","cancelRequested":false,"apiVersion":"v2","requestResource":{"@type":"type.googleapis.com/google.cloud.functions.v2.Function","name":"projects/laura-butallo-web/locations/europe-west3/functions/onImageFinalize","buildConfig":{"runtime":"nodejs22","entryPoint":"onImageFinalize","source":{"storageSource":{"bucket":"gcf-v2-sources-388226025861-europe-west3","object":"onImageFinalize/function-source.zip","generation":"1763342954485648"}},"environmentVariables":{"GOOGLE_NODE_RUN_SCRIPTS":""},"dockerRepository":"projects/laura-butallo-web/locations/europe-west3/repositories/gcf-artifacts","sourceProvenance":{"resolvedStorageSource":{"bucket":"gcf-v2-sources-388226025861-europe-west3","object":"onImageFinalize/function-source.zip","generation":"1763341904430177"}},"dockerRegistry":"ARTIFACT_REGISTRY","serviceAccount":"projects/laura-butallo-web/serviceAccounts/388226025861-compute@developer.gserviceaccount.com","automaticUpdatePolicy":{}},"serviceConfig":{"service":"projects/laura-butallo-web/locations/europe-west3/services/onimagefinalize","timeoutSeconds":60,"environmentVariables":{"FIREBASE_CONFIG":"{\"projectId\":\"laura-butallo-web\",\"storageBucket\":\"laura-butallo-web.firebasestorage.app\"}","GCLOUD_PROJECT":"laura-butallo-web","EVENTARC_CLOUD_EVENT_SOURCE":"projects/laura-butallo-web/locations/europe-west3/services/onImageFinalize","FUNCTION_SIGNATURE_TYPE":"cloudevent","FUNCTION_TARGET":"onImageFinalize","LOG_EXECUTION_ID":"true"},"maxInstanceCount":10,"ingressSettings":"ALLOW_ALL","uri":"https://onimagefinalize-iqcs3ho3pa-ey.a.run.app","serviceAccountEmail":"388226025861-compute@developer.gserviceaccount.com","availableMemory":"256Mi","allTrafficOnLatestRevision":true,"revision":"onimagefinalize-00001-pir","maxInstanceRequestConcurrency":80,"availableCpu":"1"},"eventTrigger":{"trigger":"projects/laura-butallo-web/locations/eu/triggers/onimagefinalize-345816","triggerRegion":"eu","eventType":"google.cloud.storage.object.v1.finalized","eventFilters":[{"attribute":"bucket","value":"laura-butallo-web.firebasestorage.app"}],"pubsubTopic":"projects/laura-butallo-web/topics/eventarc-eu-onimagefinalize-345816-269","serviceAccountEmail":"388226025861-compute@developer.gserviceaccount.com","retryPolicy":"RETRY_POLICY_DO_NOT_RETRY"},"state":"ACTIVE","labels":{"deployment-tool":"cli-firebase","firebase-functions-hash":"d11ed15f804aa79f0f35be9712b2470e6e47da66"},"environment":"GEN_2","url":"https://europe-west3-laura-butallo-web.cloudfunctions.net/onImageFinalize","satisfiesPzs":true,"satisfiesPzi":true},"stages":[{"name":"BUILD","message":"Build in progress","state":"IN_PROGRESS","resource":"projects/388226025861/locations/europe-west3/builds/8628bd50-775e-446b-a58d-eaa6a98dfce7","resourceUri":"https://console.cloud.google.com/cloud-build/builds;region=europe-west3/8628bd50-775e-446b-a58d-eaa6a98dfce7?project=388226025861"},{"name":"SERVICE","state":"NOT_STARTED"},{"name":"TRIGGER","state":"NOT_STARTED"}],"operationType":"UPDATE_FUNCTION","buildName":"projects/388226025861/locations/europe-west3/builds/8628bd50-775e-446b-a58d-eaa6a98dfce7"},"done":false}
[debug] [2025-11-17T01:29:16.711Z] [update-default-us-central1-generateDownloadUrl] Retrying task index 0
[debug] [2025-11-17T01:29:16.711Z] Checked if tokens are valid: true, expires at: 1763345488902
[debug] [2025-11-17T01:29:16.711Z] Checked if tokens are valid: true, expires at: 1763345488902
[debug] [2025-11-17T01:29:16.711Z] >>> [apiv2][query] GET https://cloudfunctions.googleapis.com/v2/projects/laura-butallo-web/locations/us-central1/operations/operation-1763342954066-643c04664f07d-a28676e0-4f81122c [none]
[debug] [2025-11-17T01:29:17.413Z] <<< [apiv2][status] GET https://cloudfunctions.googleapis.com/v2/projects/laura-butallo-web/locations/us-central1/operations/operation-1763342954066-643c04664f07d-a28676e0-4f81122c 200
[debug] [2025-11-17T01:29:17.413Z] <<< [apiv2][body] GET https://cloudfunctions.googleapis.com/v2/projects/laura-butallo-web/locations/us-central1/operations/operation-1763342954066-643c04664f07d-a28676e0-4f81122c {"name":"projects/laura-butallo-web/locations/us-central1/operations/operation-1763342954066-643c04664f07d-a28676e0-4f81122c","metadata":{"@type":"type.googleapis.com/google.cloud.functions.v2.OperationMetadata","createTime":"2025-11-17T01:29:15.474345866Z","target":"projects/laura-butallo-web/locations/us-central1/functions/generateDownloadUrl","verb":"update","cancelRequested":false,"apiVersion":"v2","requestResource":{"@type":"type.googleapis.com/google.cloud.functions.v2.Function","name":"projects/laura-butallo-web/locations/us-central1/functions/generateDownloadUrl","buildConfig":{"runtime":"nodejs22","entryPoint":"generateDownloadUrl","source":{"storageSource":{"bucket":"gcf-v2-sources-388226025861-us-central1","object":"generateDownloadUrl/function-source.zip","generation":"1763342955423545"}},"environmentVariables":{"GOOGLE_NODE_RUN_SCRIPTS":""},"dockerRepository":"projects/laura-butallo-web/locations/us-central1/repositories/gcf-artifacts","sourceProvenance":{"resolvedStorageSource":{"bucket":"gcf-v2-sources-388226025861-us-central1","object":"generateDownloadUrl/function-source.zip","generation":"1763341907041287"}},"dockerRegistry":"ARTIFACT_REGISTRY","serviceAccount":"projects/laura-butallo-web/serviceAccounts/388226025861-compute@developer.gserviceaccount.com","automaticUpdatePolicy":{}},"serviceConfig":{"service":"projects/laura-butallo-web/locations/us-central1/services/generatedownloadurl","timeoutSeconds":60,"environmentVariables":{"FIREBASE_CONFIG":"{\"projectId\":\"laura-butallo-web\",\"storageBucket\":\"laura-butallo-web.firebasestorage.app\"}","GCLOUD_PROJECT":"laura-butallo-web","EVENTARC_CLOUD_EVENT_SOURCE":"projects/laura-butallo-web/locations/us-central1/services/generateDownloadUrl","FUNCTION_TARGET":"generateDownloadUrl","LOG_EXECUTION_ID":"true"},"maxInstanceCount":10,"ingressSettings":"ALLOW_ALL","uri":"https://generatedownloadurl-iqcs3ho3pa-uc.a.run.app","serviceAccountEmail":"388226025861-compute@developer.gserviceaccount.com","availableMemory":"256Mi","allTrafficOnLatestRevision":true,"revision":"generatedownloadurl-00003-tuz","maxInstanceRequestConcurrency":80,"availableCpu":"1"},"state":"ACTIVE","labels":{"deployment-tool":"cli-firebase","deployment-callable":"true","firebase-functions-hash":"d11ed15f804aa79f0f35be9712b2470e6e47da66"},"environment":"GEN_2","url":"https://us-central1-laura-butallo-web.cloudfunctions.net/generateDownloadUrl","satisfiesPzi":true},"stages":[{"name":"BUILD","message":"Build in progress","state":"IN_PROGRESS","resource":"projects/388226025861/locations/us-central1/builds/ab53cf6f-9b9b-4e72-b047-bb6549f14c3a","resourceUri":"https://console.cloud.google.com/cloud-build/builds;region=us-central1/ab53cf6f-9b9b-4e72-b047-bb6549f14c3a?project=388226025861"},{"name":"SERVICE","state":"NOT_STARTED"}],"operationType":"UPDATE_FUNCTION","buildName":"projects/388226025861/locations/us-central1/builds/ab53cf6f-9b9b-4e72-b047-bb6549f14c3a"},"done":false}
[debug] [2025-11-17T01:29:18.346Z] [update-default-europe-west3-onImageFinalize] Retrying task index 0
[debug] [2025-11-17T01:29:18.347Z] Checked if tokens are valid: true, expires at: 1763345488902
[debug] [2025-11-17T01:29:18.347Z] Checked if tokens are valid: true, expires at: 1763345488902
[debug] [2025-11-17T01:29:18.347Z] >>> [apiv2][query] GET https://cloudfunctions.googleapis.com/v2/projects/laura-butallo-web/locations/europe-west3/operations/operation-1763342953473-643c0465be62f-72441587-f838f67c [none]
[debug] [2025-11-17T01:29:18.415Z] [update-default-us-central1-generateDownloadUrl] Retrying task index 0
[debug] [2025-11-17T01:29:18.416Z] Checked if tokens are valid: true, expires at: 1763345488902
[debug] [2025-11-17T01:29:18.416Z] Checked if tokens are valid: true, expires at: 1763345488902
[debug] [2025-11-17T01:29:18.416Z] >>> [apiv2][query] GET https://cloudfunctions.googleapis.com/v2/projects/laura-butallo-web/locations/us-central1/operations/operation-1763342954066-643c04664f07d-a28676e0-4f81122c [none]
[debug] [2025-11-17T01:29:18.448Z] <<< [apiv2][status] GET https://cloudfunctions.googleapis.com/v2/projects/laura-butallo-web/locations/europe-west3/operations/operation-1763342953473-643c0465be62f-72441587-f838f67c 200
[debug] [2025-11-17T01:29:18.448Z] <<< [apiv2][body] GET https://cloudfunctions.googleapis.com/v2/projects/laura-butallo-web/locations/europe-west3/operations/operation-1763342953473-643c0465be62f-72441587-f838f67c {"name":"projects/laura-butallo-web/locations/europe-west3/operations/operation-1763342953473-643c0465be62f-72441587-f838f67c","metadata":{"@type":"type.googleapis.com/google.cloud.functions.v2.OperationMetadata","createTime":"2025-11-17T01:29:14.525804665Z","target":"projects/laura-butallo-web/locations/europe-west3/functions/onImageFinalize","verb":"update","cancelRequested":false,"apiVersion":"v2","requestResource":{"@type":"type.googleapis.com/google.cloud.functions.v2.Function","name":"projects/laura-butallo-web/locations/europe-west3/functions/onImageFinalize","buildConfig":{"runtime":"nodejs22","entryPoint":"onImageFinalize","source":{"storageSource":{"bucket":"gcf-v2-sources-388226025861-europe-west3","object":"onImageFinalize/function-source.zip","generation":"1763342954485648"}},"environmentVariables":{"GOOGLE_NODE_RUN_SCRIPTS":""},"dockerRepository":"projects/laura-butallo-web/locations/europe-west3/repositories/gcf-artifacts","sourceProvenance":{"resolvedStorageSource":{"bucket":"gcf-v2-sources-388226025861-europe-west3","object":"onImageFinalize/function-source.zip","generation":"1763341904430177"}},"dockerRegistry":"ARTIFACT_REGISTRY","serviceAccount":"projects/laura-butallo-web/serviceAccounts/388226025861-compute@developer.gserviceaccount.com","automaticUpdatePolicy":{}},"serviceConfig":{"service":"projects/laura-butallo-web/locations/europe-west3/services/onimagefinalize","timeoutSeconds":60,"environmentVariables":{"FIREBASE_CONFIG":"{\"projectId\":\"laura-butallo-web\",\"storageBucket\":\"laura-butallo-web.firebasestorage.app\"}","GCLOUD_PROJECT":"laura-butallo-web","EVENTARC_CLOUD_EVENT_SOURCE":"projects/laura-butallo-web/locations/europe-west3/services/onImageFinalize","FUNCTION_SIGNATURE_TYPE":"cloudevent","FUNCTION_TARGET":"onImageFinalize","LOG_EXECUTION_ID":"true"},"maxInstanceCount":10,"ingressSettings":"ALLOW_ALL","uri":"https://onimagefinalize-iqcs3ho3pa-ey.a.run.app","serviceAccountEmail":"388226025861-compute@developer.gserviceaccount.com","availableMemory":"256Mi","allTrafficOnLatestRevision":true,"revision":"onimagefinalize-00001-pir","maxInstanceRequestConcurrency":80,"availableCpu":"1"},"eventTrigger":{"trigger":"projects/laura-butallo-web/locations/eu/triggers/onimagefinalize-345816","triggerRegion":"eu","eventType":"google.cloud.storage.object.v1.finalized","eventFilters":[{"attribute":"bucket","value":"laura-butallo-web.firebasestorage.app"}],"pubsubTopic":"projects/laura-butallo-web/topics/eventarc-eu-onimagefinalize-345816-269","serviceAccountEmail":"388226025861-compute@developer.gserviceaccount.com","retryPolicy":"RETRY_POLICY_DO_NOT_RETRY"},"state":"ACTIVE","labels":{"deployment-tool":"cli-firebase","firebase-functions-hash":"d11ed15f804aa79f0f35be9712b2470e6e47da66"},"environment":"GEN_2","url":"https://europe-west3-laura-butallo-web.cloudfunctions.net/onImageFinalize","satisfiesPzs":true,"satisfiesPzi":true},"stages":[{"name":"BUILD","message":"Build in progress","state":"IN_PROGRESS","resource":"projects/388226025861/locations/europe-west3/builds/8628bd50-775e-446b-a58d-eaa6a98dfce7","resourceUri":"https://console.cloud.google.com/cloud-build/builds;region=europe-west3/8628bd50-775e-446b-a58d-eaa6a98dfce7?project=388226025861"},{"name":"SERVICE","state":"NOT_STARTED"},{"name":"TRIGGER","state":"NOT_STARTED"}],"operationType":"UPDATE_FUNCTION","buildName":"projects/388226025861/locations/europe-west3/builds/8628bd50-775e-446b-a58d-eaa6a98dfce7"},"done":false}
[debug] [2025-11-17T01:29:19.127Z] <<< [apiv2][status] GET https://cloudfunctions.googleapis.com/v2/projects/laura-butallo-web/locations/us-central1/operations/operation-1763342954066-643c04664f07d-a28676e0-4f81122c 200
[debug] [2025-11-17T01:29:19.127Z] <<< [apiv2][body] GET https://cloudfunctions.googleapis.com/v2/projects/laura-butallo-web/locations/us-central1/operations/operation-1763342954066-643c04664f07d-a28676e0-4f81122c {"name":"projects/laura-butallo-web/locations/us-central1/operations/operation-1763342954066-643c04664f07d-a28676e0-4f81122c","metadata":{"@type":"type.googleapis.com/google.cloud.functions.v2.OperationMetadata","createTime":"2025-11-17T01:29:15.474345866Z","target":"projects/laura-butallo-web/locations/us-central1/functions/generateDownloadUrl","verb":"update","cancelRequested":false,"apiVersion":"v2","requestResource":{"@type":"type.googleapis.com/google.cloud.functions.v2.Function","name":"projects/laura-butallo-web/locations/us-central1/functions/generateDownloadUrl","buildConfig":{"runtime":"nodejs22","entryPoint":"generateDownloadUrl","source":{"storageSource":{"bucket":"gcf-v2-sources-388226025861-us-central1","object":"generateDownloadUrl/function-source.zip","generation":"1763342955423545"}},"environmentVariables":{"GOOGLE_NODE_RUN_SCRIPTS":""},"dockerRepository":"projects/laura-butallo-web/locations/us-central1/repositories/gcf-artifacts","sourceProvenance":{"resolvedStorageSource":{"bucket":"gcf-v2-sources-388226025861-us-central1","object":"generateDownloadUrl/function-source.zip","generation":"1763341907041287"}},"dockerRegistry":"ARTIFACT_REGISTRY","serviceAccount":"projects/laura-butallo-web/serviceAccounts/388226025861-compute@developer.gserviceaccount.com","automaticUpdatePolicy":{}},"serviceConfig":{"service":"projects/laura-butallo-web/locations/us-central1/services/generatedownloadurl","timeoutSeconds":60,"environmentVariables":{"FIREBASE_CONFIG":"{\"projectId\":\"laura-butallo-web\",\"storageBucket\":\"laura-butallo-web.firebasestorage.app\"}","GCLOUD_PROJECT":"laura-butallo-web","EVENTARC_CLOUD_EVENT_SOURCE":"projects/laura-butallo-web/locations/us-central1/services/generateDownloadUrl","FUNCTION_TARGET":"generateDownloadUrl","LOG_EXECUTION_ID":"true"},"maxInstanceCount":10,"ingressSettings":"ALLOW_ALL","uri":"https://generatedownloadurl-iqcs3ho3pa-uc.a.run.app","serviceAccountEmail":"388226025861-compute@developer.gserviceaccount.com","availableMemory":"256Mi","allTrafficOnLatestRevision":true,"revision":"generatedownloadurl-00003-tuz","maxInstanceRequestConcurrency":80,"availableCpu":"1"},"state":"ACTIVE","labels":{"deployment-tool":"cli-firebase","deployment-callable":"true","firebase-functions-hash":"d11ed15f804aa79f0f35be9712b2470e6e47da66"},"environment":"GEN_2","url":"https://us-central1-laura-butallo-web.cloudfunctions.net/generateDownloadUrl","satisfiesPzi":true},"stages":[{"name":"BUILD","message":"Build in progress","state":"IN_PROGRESS","resource":"projects/388226025861/locations/us-central1/builds/ab53cf6f-9b9b-4e72-b047-bb6549f14c3a","resourceUri":"https://console.cloud.google.com/cloud-build/builds;region=us-central1/ab53cf6f-9b9b-4e72-b047-bb6549f14c3a?project=388226025861"},{"name":"SERVICE","state":"NOT_STARTED"}],"operationType":"UPDATE_FUNCTION","buildName":"projects/388226025861/locations/us-central1/builds/ab53cf6f-9b9b-4e72-b047-bb6549f14c3a"},"done":false}
[debug] [2025-11-17T01:29:21.129Z] [update-default-us-central1-generateDownloadUrl] Retrying task index 0
[debug] [2025-11-17T01:29:21.129Z] Checked if tokens are valid: true, expires at: 1763345488902
[debug] [2025-11-17T01:29:21.129Z] Checked if tokens are valid: true, expires at: 1763345488902
[debug] [2025-11-17T01:29:21.129Z] >>> [apiv2][query] GET https://cloudfunctions.googleapis.com/v2/projects/laura-butallo-web/locations/us-central1/operations/operation-1763342954066-643c04664f07d-a28676e0-4f81122c [none]
[debug] [2025-11-17T01:29:21.846Z] <<< [apiv2][status] GET https://cloudfunctions.googleapis.com/v2/projects/laura-butallo-web/locations/us-central1/operations/operation-1763342954066-643c04664f07d-a28676e0-4f81122c 200
[debug] [2025-11-17T01:29:21.847Z] <<< [apiv2][body] GET https://cloudfunctions.googleapis.com/v2/projects/laura-butallo-web/locations/us-central1/operations/operation-1763342954066-643c04664f07d-a28676e0-4f81122c {"name":"projects/laura-butallo-web/locations/us-central1/operations/operation-1763342954066-643c04664f07d-a28676e0-4f81122c","metadata":{"@type":"type.googleapis.com/google.cloud.functions.v2.OperationMetadata","createTime":"2025-11-17T01:29:15.474345866Z","target":"projects/laura-butallo-web/locations/us-central1/functions/generateDownloadUrl","verb":"update","cancelRequested":false,"apiVersion":"v2","requestResource":{"@type":"type.googleapis.com/google.cloud.functions.v2.Function","name":"projects/laura-butallo-web/locations/us-central1/functions/generateDownloadUrl","buildConfig":{"runtime":"nodejs22","entryPoint":"generateDownloadUrl","source":{"storageSource":{"bucket":"gcf-v2-sources-388226025861-us-central1","object":"generateDownloadUrl/function-source.zip","generation":"1763342955423545"}},"environmentVariables":{"GOOGLE_NODE_RUN_SCRIPTS":""},"dockerRepository":"projects/laura-butallo-web/locations/us-central1/repositories/gcf-artifacts","sourceProvenance":{"resolvedStorageSource":{"bucket":"gcf-v2-sources-388226025861-us-central1","object":"generateDownloadUrl/function-source.zip","generation":"1763341907041287"}},"dockerRegistry":"ARTIFACT_REGISTRY","serviceAccount":"projects/laura-butallo-web/serviceAccounts/388226025861-compute@developer.gserviceaccount.com","automaticUpdatePolicy":{}},"serviceConfig":{"service":"projects/laura-butallo-web/locations/us-central1/services/generatedownloadurl","timeoutSeconds":60,"environmentVariables":{"FIREBASE_CONFIG":"{\"projectId\":\"laura-butallo-web\",\"storageBucket\":\"laura-butallo-web.firebasestorage.app\"}","GCLOUD_PROJECT":"laura-butallo-web","EVENTARC_CLOUD_EVENT_SOURCE":"projects/laura-butallo-web/locations/us-central1/services/generateDownloadUrl","FUNCTION_TARGET":"generateDownloadUrl","LOG_EXECUTION_ID":"true"},"maxInstanceCount":10,"ingressSettings":"ALLOW_ALL","uri":"https://generatedownloadurl-iqcs3ho3pa-uc.a.run.app","serviceAccountEmail":"388226025861-compute@developer.gserviceaccount.com","availableMemory":"256Mi","allTrafficOnLatestRevision":true,"revision":"generatedownloadurl-00003-tuz","maxInstanceRequestConcurrency":80,"availableCpu":"1"},"state":"ACTIVE","labels":{"deployment-tool":"cli-firebase","deployment-callable":"true","firebase-functions-hash":"d11ed15f804aa79f0f35be9712b2470e6e47da66"},"environment":"GEN_2","url":"https://us-central1-laura-butallo-web.cloudfunctions.net/generateDownloadUrl","satisfiesPzi":true},"stages":[{"name":"BUILD","message":"Build in progress","state":"IN_PROGRESS","resource":"projects/388226025861/locations/us-central1/builds/ab53cf6f-9b9b-4e72-b047-bb6549f14c3a","resourceUri":"https://console.cloud.google.com/cloud-build/builds;region=us-central1/ab53cf6f-9b9b-4e72-b047-bb6549f14c3a?project=388226025861"},{"name":"SERVICE","state":"NOT_STARTED"}],"operationType":"UPDATE_FUNCTION","buildName":"projects/388226025861/locations/us-central1/builds/ab53cf6f-9b9b-4e72-b047-bb6549f14c3a"},"done":false}
[debug] [2025-11-17T01:29:22.449Z] [update-default-europe-west3-onImageFinalize] Retrying task index 0
[debug] [2025-11-17T01:29:22.449Z] Checked if tokens are valid: true, expires at: 1763345488902
[debug] [2025-11-17T01:29:22.450Z] Checked if tokens are valid: true, expires at: 1763345488902
[debug] [2025-11-17T01:29:22.450Z] >>> [apiv2][query] GET https://cloudfunctions.googleapis.com/v2/projects/laura-butallo-web/locations/europe-west3/operations/operation-1763342953473-643c0465be62f-72441587-f838f67c [none]
[debug] [2025-11-17T01:29:22.576Z] <<< [apiv2][status] GET https://cloudfunctions.googleapis.com/v2/projects/laura-butallo-web/locations/europe-west3/operations/operation-1763342953473-643c0465be62f-72441587-f838f67c 200
[debug] [2025-11-17T01:29:22.577Z] <<< [apiv2][body] GET https://cloudfunctions.googleapis.com/v2/projects/laura-butallo-web/locations/europe-west3/operations/operation-1763342953473-643c0465be62f-72441587-f838f67c {"name":"projects/laura-butallo-web/locations/europe-west3/operations/operation-1763342953473-643c0465be62f-72441587-f838f67c","metadata":{"@type":"type.googleapis.com/google.cloud.functions.v2.OperationMetadata","createTime":"2025-11-17T01:29:14.525804665Z","target":"projects/laura-butallo-web/locations/europe-west3/functions/onImageFinalize","verb":"update","cancelRequested":false,"apiVersion":"v2","requestResource":{"@type":"type.googleapis.com/google.cloud.functions.v2.Function","name":"projects/laura-butallo-web/locations/europe-west3/functions/onImageFinalize","buildConfig":{"runtime":"nodejs22","entryPoint":"onImageFinalize","source":{"storageSource":{"bucket":"gcf-v2-sources-388226025861-europe-west3","object":"onImageFinalize/function-source.zip","generation":"1763342954485648"}},"environmentVariables":{"GOOGLE_NODE_RUN_SCRIPTS":""},"dockerRepository":"projects/laura-butallo-web/locations/europe-west3/repositories/gcf-artifacts","sourceProvenance":{"resolvedStorageSource":{"bucket":"gcf-v2-sources-388226025861-europe-west3","object":"onImageFinalize/function-source.zip","generation":"1763341904430177"}},"dockerRegistry":"ARTIFACT_REGISTRY","serviceAccount":"projects/laura-butallo-web/serviceAccounts/388226025861-compute@developer.gserviceaccount.com","automaticUpdatePolicy":{}},"serviceConfig":{"service":"projects/laura-butallo-web/locations/europe-west3/services/onimagefinalize","timeoutSeconds":60,"environmentVariables":{"FIREBASE_CONFIG":"{\"projectId\":\"laura-butallo-web\",\"storageBucket\":\"laura-butallo-web.firebasestorage.app\"}","GCLOUD_PROJECT":"laura-butallo-web","EVENTARC_CLOUD_EVENT_SOURCE":"projects/laura-butallo-web/locations/europe-west3/services/onImageFinalize","FUNCTION_SIGNATURE_TYPE":"cloudevent","FUNCTION_TARGET":"onImageFinalize","LOG_EXECUTION_ID":"true"},"maxInstanceCount":10,"ingressSettings":"ALLOW_ALL","uri":"https://onimagefinalize-iqcs3ho3pa-ey.a.run.app","serviceAccountEmail":"388226025861-compute@developer.gserviceaccount.com","availableMemory":"256Mi","allTrafficOnLatestRevision":true,"revision":"onimagefinalize-00001-pir","maxInstanceRequestConcurrency":80,"availableCpu":"1"},"eventTrigger":{"trigger":"projects/laura-butallo-web/locations/eu/triggers/onimagefinalize-345816","triggerRegion":"eu","eventType":"google.cloud.storage.object.v1.finalized","eventFilters":[{"attribute":"bucket","value":"laura-butallo-web.firebasestorage.app"}],"pubsubTopic":"projects/laura-butallo-web/topics/eventarc-eu-onimagefinalize-345816-269","serviceAccountEmail":"388226025861-compute@developer.gserviceaccount.com","retryPolicy":"RETRY_POLICY_DO_NOT_RETRY"},"state":"ACTIVE","labels":{"deployment-tool":"cli-firebase","firebase-functions-hash":"d11ed15f804aa79f0f35be9712b2470e6e47da66"},"environment":"GEN_2","url":"https://europe-west3-laura-butallo-web.cloudfunctions.net/onImageFinalize","satisfiesPzs":true,"satisfiesPzi":true},"stages":[{"name":"BUILD","message":"Build in progress","state":"IN_PROGRESS","resource":"projects/388226025861/locations/europe-west3/builds/8628bd50-775e-446b-a58d-eaa6a98dfce7","resourceUri":"https://console.cloud.google.com/cloud-build/builds;region=europe-west3/8628bd50-775e-446b-a58d-eaa6a98dfce7?project=388226025861"},{"name":"SERVICE","state":"NOT_STARTED"},{"name":"TRIGGER","state":"NOT_STARTED"}],"operationType":"UPDATE_FUNCTION","buildName":"projects/388226025861/locations/europe-west3/builds/8628bd50-775e-446b-a58d-eaa6a98dfce7"},"done":false}
[debug] [2025-11-17T01:29:25.850Z] [update-default-us-central1-generateDownloadUrl] Retrying task index 0
[debug] [2025-11-17T01:29:25.850Z] Checked if tokens are valid: true, expires at: 1763345488902
[debug] [2025-11-17T01:29:25.850Z] Checked if tokens are valid: true, expires at: 1763345488902
[debug] [2025-11-17T01:29:25.850Z] >>> [apiv2][query] GET https://cloudfunctions.googleapis.com/v2/projects/laura-butallo-web/locations/us-central1/operations/operation-1763342954066-643c04664f07d-a28676e0-4f81122c [none]
[debug] [2025-11-17T01:29:26.567Z] <<< [apiv2][status] GET https://cloudfunctions.googleapis.com/v2/projects/laura-butallo-web/locations/us-central1/operations/operation-1763342954066-643c04664f07d-a28676e0-4f81122c 200
[debug] [2025-11-17T01:29:26.568Z] <<< [apiv2][body] GET https://cloudfunctions.googleapis.com/v2/projects/laura-butallo-web/locations/us-central1/operations/operation-1763342954066-643c04664f07d-a28676e0-4f81122c {"name":"projects/laura-butallo-web/locations/us-central1/operations/operation-1763342954066-643c04664f07d-a28676e0-4f81122c","metadata":{"@type":"type.googleapis.com/google.cloud.functions.v2.OperationMetadata","createTime":"2025-11-17T01:29:15.474345866Z","target":"projects/laura-butallo-web/locations/us-central1/functions/generateDownloadUrl","verb":"update","cancelRequested":false,"apiVersion":"v2","requestResource":{"@type":"type.googleapis.com/google.cloud.functions.v2.Function","name":"projects/laura-butallo-web/locations/us-central1/functions/generateDownloadUrl","buildConfig":{"runtime":"nodejs22","entryPoint":"generateDownloadUrl","source":{"storageSource":{"bucket":"gcf-v2-sources-388226025861-us-central1","object":"generateDownloadUrl/function-source.zip","generation":"1763342955423545"}},"environmentVariables":{"GOOGLE_NODE_RUN_SCRIPTS":""},"dockerRepository":"projects/laura-butallo-web/locations/us-central1/repositories/gcf-artifacts","sourceProvenance":{"resolvedStorageSource":{"bucket":"gcf-v2-sources-388226025861-us-central1","object":"generateDownloadUrl/function-source.zip","generation":"1763341907041287"}},"dockerRegistry":"ARTIFACT_REGISTRY","serviceAccount":"projects/laura-butallo-web/serviceAccounts/388226025861-compute@developer.gserviceaccount.com","automaticUpdatePolicy":{}},"serviceConfig":{"service":"projects/laura-butallo-web/locations/us-central1/services/generatedownloadurl","timeoutSeconds":60,"environmentVariables":{"FIREBASE_CONFIG":"{\"projectId\":\"laura-butallo-web\",\"storageBucket\":\"laura-butallo-web.firebasestorage.app\"}","GCLOUD_PROJECT":"laura-butallo-web","EVENTARC_CLOUD_EVENT_SOURCE":"projects/laura-butallo-web/locations/us-central1/services/generateDownloadUrl","FUNCTION_TARGET":"generateDownloadUrl","LOG_EXECUTION_ID":"true"},"maxInstanceCount":10,"ingressSettings":"ALLOW_ALL","uri":"https://generatedownloadurl-iqcs3ho3pa-uc.a.run.app","serviceAccountEmail":"388226025861-compute@developer.gserviceaccount.com","availableMemory":"256Mi","allTrafficOnLatestRevision":true,"revision":"generatedownloadurl-00003-tuz","maxInstanceRequestConcurrency":80,"availableCpu":"1"},"state":"ACTIVE","labels":{"deployment-tool":"cli-firebase","deployment-callable":"true","firebase-functions-hash":"d11ed15f804aa79f0f35be9712b2470e6e47da66"},"environment":"GEN_2","url":"https://us-central1-laura-butallo-web.cloudfunctions.net/generateDownloadUrl","satisfiesPzi":true},"stages":[{"name":"BUILD","message":"Build in progress","state":"IN_PROGRESS","resource":"projects/388226025861/locations/us-central1/builds/ab53cf6f-9b9b-4e72-b047-bb6549f14c3a","resourceUri":"https://console.cloud.google.com/cloud-build/builds;region=us-central1/ab53cf6f-9b9b-4e72-b047-bb6549f14c3a?project=388226025861"},{"name":"SERVICE","state":"NOT_STARTED"}],"operationType":"UPDATE_FUNCTION","buildName":"projects/388226025861/locations/us-central1/builds/ab53cf6f-9b9b-4e72-b047-bb6549f14c3a"},"done":false}
[debug] [2025-11-17T01:29:30.578Z] [update-default-europe-west3-onImageFinalize] Retrying task index 0
[debug] [2025-11-17T01:29:30.578Z] Checked if tokens are valid: true, expires at: 1763345488902
[debug] [2025-11-17T01:29:30.578Z] Checked if tokens are valid: true, expires at: 1763345488902
[debug] [2025-11-17T01:29:30.578Z] >>> [apiv2][query] GET https://cloudfunctions.googleapis.com/v2/projects/laura-butallo-web/locations/europe-west3/operations/operation-1763342953473-643c0465be62f-72441587-f838f67c [none]
[debug] [2025-11-17T01:29:30.673Z] <<< [apiv2][status] GET https://cloudfunctions.googleapis.com/v2/projects/laura-butallo-web/locations/europe-west3/operations/operation-1763342953473-643c0465be62f-72441587-f838f67c 200
[debug] [2025-11-17T01:29:30.673Z] <<< [apiv2][body] GET https://cloudfunctions.googleapis.com/v2/projects/laura-butallo-web/locations/europe-west3/operations/operation-1763342953473-643c0465be62f-72441587-f838f67c {"name":"projects/laura-butallo-web/locations/europe-west3/operations/operation-1763342953473-643c0465be62f-72441587-f838f67c","metadata":{"@type":"type.googleapis.com/google.cloud.functions.v2.OperationMetadata","createTime":"2025-11-17T01:29:14.525804665Z","target":"projects/laura-butallo-web/locations/europe-west3/functions/onImageFinalize","verb":"update","cancelRequested":false,"apiVersion":"v2","requestResource":{"@type":"type.googleapis.com/google.cloud.functions.v2.Function","name":"projects/laura-butallo-web/locations/europe-west3/functions/onImageFinalize","buildConfig":{"runtime":"nodejs22","entryPoint":"onImageFinalize","source":{"storageSource":{"bucket":"gcf-v2-sources-388226025861-europe-west3","object":"onImageFinalize/function-source.zip","generation":"1763342954485648"}},"environmentVariables":{"GOOGLE_NODE_RUN_SCRIPTS":""},"dockerRepository":"projects/laura-butallo-web/locations/europe-west3/repositories/gcf-artifacts","sourceProvenance":{"resolvedStorageSource":{"bucket":"gcf-v2-sources-388226025861-europe-west3","object":"onImageFinalize/function-source.zip","generation":"1763341904430177"}},"dockerRegistry":"ARTIFACT_REGISTRY","serviceAccount":"projects/laura-butallo-web/serviceAccounts/388226025861-compute@developer.gserviceaccount.com","automaticUpdatePolicy":{}},"serviceConfig":{"service":"projects/laura-butallo-web/locations/europe-west3/services/onimagefinalize","timeoutSeconds":60,"environmentVariables":{"FIREBASE_CONFIG":"{\"projectId\":\"laura-butallo-web\",\"storageBucket\":\"laura-butallo-web.firebasestorage.app\"}","GCLOUD_PROJECT":"laura-butallo-web","EVENTARC_CLOUD_EVENT_SOURCE":"projects/laura-butallo-web/locations/europe-west3/services/onImageFinalize","FUNCTION_SIGNATURE_TYPE":"cloudevent","FUNCTION_TARGET":"onImageFinalize","LOG_EXECUTION_ID":"true"},"maxInstanceCount":10,"ingressSettings":"ALLOW_ALL","uri":"https://onimagefinalize-iqcs3ho3pa-ey.a.run.app","serviceAccountEmail":"388226025861-compute@developer.gserviceaccount.com","availableMemory":"256Mi","allTrafficOnLatestRevision":true,"revision":"onimagefinalize-00001-pir","maxInstanceRequestConcurrency":80,"availableCpu":"1"},"eventTrigger":{"trigger":"projects/laura-butallo-web/locations/eu/triggers/onimagefinalize-345816","triggerRegion":"eu","eventType":"google.cloud.storage.object.v1.finalized","eventFilters":[{"attribute":"bucket","value":"laura-butallo-web.firebasestorage.app"}],"pubsubTopic":"projects/laura-butallo-web/topics/eventarc-eu-onimagefinalize-345816-269","serviceAccountEmail":"388226025861-compute@developer.gserviceaccount.com","retryPolicy":"RETRY_POLICY_DO_NOT_RETRY"},"state":"ACTIVE","labels":{"deployment-tool":"cli-firebase","firebase-functions-hash":"d11ed15f804aa79f0f35be9712b2470e6e47da66"},"environment":"GEN_2","url":"https://europe-west3-laura-butallo-web.cloudfunctions.net/onImageFinalize","satisfiesPzs":true,"satisfiesPzi":true},"stages":[{"name":"BUILD","message":"Build in progress","state":"IN_PROGRESS","resource":"projects/388226025861/locations/europe-west3/builds/8628bd50-775e-446b-a58d-eaa6a98dfce7","resourceUri":"https://console.cloud.google.com/cloud-build/builds;region=europe-west3/8628bd50-775e-446b-a58d-eaa6a98dfce7?project=388226025861"},{"name":"SERVICE","state":"NOT_STARTED"},{"name":"TRIGGER","state":"NOT_STARTED"}],"operationType":"UPDATE_FUNCTION","buildName":"projects/388226025861/locations/europe-west3/builds/8628bd50-775e-446b-a58d-eaa6a98dfce7"},"done":false}
[debug] [2025-11-17T01:29:34.569Z] [update-default-us-central1-generateDownloadUrl] Retrying task index 0
[debug] [2025-11-17T01:29:34.569Z] Checked if tokens are valid: true, expires at: 1763345488902
[debug] [2025-11-17T01:29:34.570Z] Checked if tokens are valid: true, expires at: 1763345488902
[debug] [2025-11-17T01:29:34.570Z] >>> [apiv2][query] GET https://cloudfunctions.googleapis.com/v2/projects/laura-butallo-web/locations/us-central1/operations/operation-1763342954066-643c04664f07d-a28676e0-4f81122c [none]
[debug] [2025-11-17T01:29:35.285Z] <<< [apiv2][status] GET https://cloudfunctions.googleapis.com/v2/projects/laura-butallo-web/locations/us-central1/operations/operation-1763342954066-643c04664f07d-a28676e0-4f81122c 200
[debug] [2025-11-17T01:29:35.286Z] <<< [apiv2][body] GET https://cloudfunctions.googleapis.com/v2/projects/laura-butallo-web/locations/us-central1/operations/operation-1763342954066-643c04664f07d-a28676e0-4f81122c {"name":"projects/laura-butallo-web/locations/us-central1/operations/operation-1763342954066-643c04664f07d-a28676e0-4f81122c","metadata":{"@type":"type.googleapis.com/google.cloud.functions.v2.OperationMetadata","createTime":"2025-11-17T01:29:15.474345866Z","target":"projects/laura-butallo-web/locations/us-central1/functions/generateDownloadUrl","verb":"update","cancelRequested":false,"apiVersion":"v2","requestResource":{"@type":"type.googleapis.com/google.cloud.functions.v2.Function","name":"projects/laura-butallo-web/locations/us-central1/functions/generateDownloadUrl","buildConfig":{"runtime":"nodejs22","entryPoint":"generateDownloadUrl","source":{"storageSource":{"bucket":"gcf-v2-sources-388226025861-us-central1","object":"generateDownloadUrl/function-source.zip","generation":"1763342955423545"}},"environmentVariables":{"GOOGLE_NODE_RUN_SCRIPTS":""},"dockerRepository":"projects/laura-butallo-web/locations/us-central1/repositories/gcf-artifacts","sourceProvenance":{"resolvedStorageSource":{"bucket":"gcf-v2-sources-388226025861-us-central1","object":"generateDownloadUrl/function-source.zip","generation":"1763341907041287"}},"dockerRegistry":"ARTIFACT_REGISTRY","serviceAccount":"projects/laura-butallo-web/serviceAccounts/388226025861-compute@developer.gserviceaccount.com","automaticUpdatePolicy":{}},"serviceConfig":{"service":"projects/laura-butallo-web/locations/us-central1/services/generatedownloadurl","timeoutSeconds":60,"environmentVariables":{"FIREBASE_CONFIG":"{\"projectId\":\"laura-butallo-web\",\"storageBucket\":\"laura-butallo-web.firebasestorage.app\"}","GCLOUD_PROJECT":"laura-butallo-web","EVENTARC_CLOUD_EVENT_SOURCE":"projects/laura-butallo-web/locations/us-central1/services/generateDownloadUrl","FUNCTION_TARGET":"generateDownloadUrl","LOG_EXECUTION_ID":"true"},"maxInstanceCount":10,"ingressSettings":"ALLOW_ALL","uri":"https://generatedownloadurl-iqcs3ho3pa-uc.a.run.app","serviceAccountEmail":"388226025861-compute@developer.gserviceaccount.com","availableMemory":"256Mi","allTrafficOnLatestRevision":true,"revision":"generatedownloadurl-00003-tuz","maxInstanceRequestConcurrency":80,"availableCpu":"1"},"state":"ACTIVE","labels":{"deployment-tool":"cli-firebase","deployment-callable":"true","firebase-functions-hash":"d11ed15f804aa79f0f35be9712b2470e6e47da66"},"environment":"GEN_2","url":"https://us-central1-laura-butallo-web.cloudfunctions.net/generateDownloadUrl","satisfiesPzi":true},"stages":[{"name":"BUILD","message":"Build in progress","state":"IN_PROGRESS","resource":"projects/388226025861/locations/us-central1/builds/ab53cf6f-9b9b-4e72-b047-bb6549f14c3a","resourceUri":"https://console.cloud.google.com/cloud-build/builds;region=us-central1/ab53cf6f-9b9b-4e72-b047-bb6549f14c3a?project=388226025861"},{"name":"SERVICE","state":"NOT_STARTED"}],"operationType":"UPDATE_FUNCTION","buildName":"projects/388226025861/locations/us-central1/builds/ab53cf6f-9b9b-4e72-b047-bb6549f14c3a"},"done":false}
[debug] [2025-11-17T01:29:40.674Z] [update-default-europe-west3-onImageFinalize] Retrying task index 0
[debug] [2025-11-17T01:29:40.675Z] Checked if tokens are valid: true, expires at: 1763345488902
[debug] [2025-11-17T01:29:40.675Z] Checked if tokens are valid: true, expires at: 1763345488902
[debug] [2025-11-17T01:29:40.675Z] >>> [apiv2][query] GET https://cloudfunctions.googleapis.com/v2/projects/laura-butallo-web/locations/europe-west3/operations/operation-1763342953473-643c0465be62f-72441587-f838f67c [none]
[debug] [2025-11-17T01:29:40.845Z] <<< [apiv2][status] GET https://cloudfunctions.googleapis.com/v2/projects/laura-butallo-web/locations/europe-west3/operations/operation-1763342953473-643c0465be62f-72441587-f838f67c 200
[debug] [2025-11-17T01:29:40.845Z] <<< [apiv2][body] GET https://cloudfunctions.googleapis.com/v2/projects/laura-butallo-web/locations/europe-west3/operations/operation-1763342953473-643c0465be62f-72441587-f838f67c {"name":"projects/laura-butallo-web/locations/europe-west3/operations/operation-1763342953473-643c0465be62f-72441587-f838f67c","metadata":{"@type":"type.googleapis.com/google.cloud.functions.v2.OperationMetadata","createTime":"2025-11-17T01:29:14.525804665Z","target":"projects/laura-butallo-web/locations/europe-west3/functions/onImageFinalize","verb":"update","cancelRequested":false,"apiVersion":"v2","requestResource":{"@type":"type.googleapis.com/google.cloud.functions.v2.Function","name":"projects/laura-butallo-web/locations/europe-west3/functions/onImageFinalize","buildConfig":{"runtime":"nodejs22","entryPoint":"onImageFinalize","source":{"storageSource":{"bucket":"gcf-v2-sources-388226025861-europe-west3","object":"onImageFinalize/function-source.zip","generation":"1763342954485648"}},"environmentVariables":{"GOOGLE_NODE_RUN_SCRIPTS":""},"dockerRepository":"projects/laura-butallo-web/locations/europe-west3/repositories/gcf-artifacts","sourceProvenance":{"resolvedStorageSource":{"bucket":"gcf-v2-sources-388226025861-europe-west3","object":"onImageFinalize/function-source.zip","generation":"1763341904430177"}},"dockerRegistry":"ARTIFACT_REGISTRY","serviceAccount":"projects/laura-butallo-web/serviceAccounts/388226025861-compute@developer.gserviceaccount.com","automaticUpdatePolicy":{}},"serviceConfig":{"service":"projects/laura-butallo-web/locations/europe-west3/services/onimagefinalize","timeoutSeconds":60,"environmentVariables":{"FIREBASE_CONFIG":"{\"projectId\":\"laura-butallo-web\",\"storageBucket\":\"laura-butallo-web.firebasestorage.app\"}","GCLOUD_PROJECT":"laura-butallo-web","EVENTARC_CLOUD_EVENT_SOURCE":"projects/laura-butallo-web/locations/europe-west3/services/onImageFinalize","FUNCTION_SIGNATURE_TYPE":"cloudevent","FUNCTION_TARGET":"onImageFinalize","LOG_EXECUTION_ID":"true"},"maxInstanceCount":10,"ingressSettings":"ALLOW_ALL","uri":"https://onimagefinalize-iqcs3ho3pa-ey.a.run.app","serviceAccountEmail":"388226025861-compute@developer.gserviceaccount.com","availableMemory":"256Mi","allTrafficOnLatestRevision":true,"revision":"onimagefinalize-00001-pir","maxInstanceRequestConcurrency":80,"availableCpu":"1"},"eventTrigger":{"trigger":"projects/laura-butallo-web/locations/eu/triggers/onimagefinalize-345816","triggerRegion":"eu","eventType":"google.cloud.storage.object.v1.finalized","eventFilters":[{"attribute":"bucket","value":"laura-butallo-web.firebasestorage.app"}],"pubsubTopic":"projects/laura-butallo-web/topics/eventarc-eu-onimagefinalize-345816-269","serviceAccountEmail":"388226025861-compute@developer.gserviceaccount.com","retryPolicy":"RETRY_POLICY_DO_NOT_RETRY"},"state":"ACTIVE","labels":{"deployment-tool":"cli-firebase","firebase-functions-hash":"d11ed15f804aa79f0f35be9712b2470e6e47da66"},"environment":"GEN_2","url":"https://europe-west3-laura-butallo-web.cloudfunctions.net/onImageFinalize","satisfiesPzs":true,"satisfiesPzi":true},"stages":[{"name":"BUILD","message":"Build in progress","state":"IN_PROGRESS","resource":"projects/388226025861/locations/europe-west3/builds/8628bd50-775e-446b-a58d-eaa6a98dfce7","resourceUri":"https://console.cloud.google.com/cloud-build/builds;region=europe-west3/8628bd50-775e-446b-a58d-eaa6a98dfce7?project=388226025861"},{"name":"SERVICE","state":"NOT_STARTED"},{"name":"TRIGGER","state":"NOT_STARTED"}],"operationType":"UPDATE_FUNCTION","buildName":"projects/388226025861/locations/europe-west3/builds/8628bd50-775e-446b-a58d-eaa6a98dfce7"},"done":false}
[debug] [2025-11-17T01:29:45.287Z] [update-default-us-central1-generateDownloadUrl] Retrying task index 0
[debug] [2025-11-17T01:29:45.288Z] Checked if tokens are valid: true, expires at: 1763345488902
[debug] [2025-11-17T01:29:45.288Z] Checked if tokens are valid: true, expires at: 1763345488902
[debug] [2025-11-17T01:29:45.288Z] >>> [apiv2][query] GET https://cloudfunctions.googleapis.com/v2/projects/laura-butallo-web/locations/us-central1/operations/operation-1763342954066-643c04664f07d-a28676e0-4f81122c [none]
[debug] [2025-11-17T01:29:45.993Z] <<< [apiv2][status] GET https://cloudfunctions.googleapis.com/v2/projects/laura-butallo-web/locations/us-central1/operations/operation-1763342954066-643c04664f07d-a28676e0-4f81122c 200
[debug] [2025-11-17T01:29:45.993Z] <<< [apiv2][body] GET https://cloudfunctions.googleapis.com/v2/projects/laura-butallo-web/locations/us-central1/operations/operation-1763342954066-643c04664f07d-a28676e0-4f81122c {"name":"projects/laura-butallo-web/locations/us-central1/operations/operation-1763342954066-643c04664f07d-a28676e0-4f81122c","metadata":{"@type":"type.googleapis.com/google.cloud.functions.v2.OperationMetadata","createTime":"2025-11-17T01:29:15.474345866Z","target":"projects/laura-butallo-web/locations/us-central1/functions/generateDownloadUrl","verb":"update","cancelRequested":false,"apiVersion":"v2","requestResource":{"@type":"type.googleapis.com/google.cloud.functions.v2.Function","name":"projects/laura-butallo-web/locations/us-central1/functions/generateDownloadUrl","buildConfig":{"runtime":"nodejs22","entryPoint":"generateDownloadUrl","source":{"storageSource":{"bucket":"gcf-v2-sources-388226025861-us-central1","object":"generateDownloadUrl/function-source.zip","generation":"1763342955423545"}},"environmentVariables":{"GOOGLE_NODE_RUN_SCRIPTS":""},"dockerRepository":"projects/laura-butallo-web/locations/us-central1/repositories/gcf-artifacts","sourceProvenance":{"resolvedStorageSource":{"bucket":"gcf-v2-sources-388226025861-us-central1","object":"generateDownloadUrl/function-source.zip","generation":"1763341907041287"}},"dockerRegistry":"ARTIFACT_REGISTRY","serviceAccount":"projects/laura-butallo-web/serviceAccounts/388226025861-compute@developer.gserviceaccount.com","automaticUpdatePolicy":{}},"serviceConfig":{"service":"projects/laura-butallo-web/locations/us-central1/services/generatedownloadurl","timeoutSeconds":60,"environmentVariables":{"FIREBASE_CONFIG":"{\"projectId\":\"laura-butallo-web\",\"storageBucket\":\"laura-butallo-web.firebasestorage.app\"}","GCLOUD_PROJECT":"laura-butallo-web","EVENTARC_CLOUD_EVENT_SOURCE":"projects/laura-butallo-web/locations/us-central1/services/generateDownloadUrl","FUNCTION_TARGET":"generateDownloadUrl","LOG_EXECUTION_ID":"true"},"maxInstanceCount":10,"ingressSettings":"ALLOW_ALL","uri":"https://generatedownloadurl-iqcs3ho3pa-uc.a.run.app","serviceAccountEmail":"388226025861-compute@developer.gserviceaccount.com","availableMemory":"256Mi","allTrafficOnLatestRevision":true,"revision":"generatedownloadurl-00003-tuz","maxInstanceRequestConcurrency":80,"availableCpu":"1"},"state":"ACTIVE","labels":{"deployment-tool":"cli-firebase","deployment-callable":"true","firebase-functions-hash":"d11ed15f804aa79f0f35be9712b2470e6e47da66"},"environment":"GEN_2","url":"https://us-central1-laura-butallo-web.cloudfunctions.net/generateDownloadUrl","satisfiesPzi":true},"stages":[{"name":"BUILD","message":"Build in progress","state":"IN_PROGRESS","resource":"projects/388226025861/locations/us-central1/builds/ab53cf6f-9b9b-4e72-b047-bb6549f14c3a","resourceUri":"https://console.cloud.google.com/cloud-build/builds;region=us-central1/ab53cf6f-9b9b-4e72-b047-bb6549f14c3a?project=388226025861"},{"name":"SERVICE","state":"NOT_STARTED"}],"operationType":"UPDATE_FUNCTION","buildName":"projects/388226025861/locations/us-central1/builds/ab53cf6f-9b9b-4e72-b047-bb6549f14c3a"},"done":false}
[debug] [2025-11-17T01:29:50.846Z] [update-default-europe-west3-onImageFinalize] Retrying task index 0
[debug] [2025-11-17T01:29:50.847Z] Checked if tokens are valid: true, expires at: 1763345488902
[debug] [2025-11-17T01:29:50.847Z] Checked if tokens are valid: true, expires at: 1763345488902
[debug] [2025-11-17T01:29:50.847Z] >>> [apiv2][query] GET https://cloudfunctions.googleapis.com/v2/projects/laura-butallo-web/locations/europe-west3/operations/operation-1763342953473-643c0465be62f-72441587-f838f67c [none]
[debug] [2025-11-17T01:29:50.971Z] <<< [apiv2][status] GET https://cloudfunctions.googleapis.com/v2/projects/laura-butallo-web/locations/europe-west3/operations/operation-1763342953473-643c0465be62f-72441587-f838f67c 200
[debug] [2025-11-17T01:29:50.971Z] <<< [apiv2][body] GET https://cloudfunctions.googleapis.com/v2/projects/laura-butallo-web/locations/europe-west3/operations/operation-1763342953473-643c0465be62f-72441587-f838f67c {"name":"projects/laura-butallo-web/locations/europe-west3/operations/operation-1763342953473-643c0465be62f-72441587-f838f67c","metadata":{"@type":"type.googleapis.com/google.cloud.functions.v2.OperationMetadata","createTime":"2025-11-17T01:29:14.525804665Z","target":"projects/laura-butallo-web/locations/europe-west3/functions/onImageFinalize","verb":"update","cancelRequested":false,"apiVersion":"v2","requestResource":{"@type":"type.googleapis.com/google.cloud.functions.v2.Function","name":"projects/laura-butallo-web/locations/europe-west3/functions/onImageFinalize","buildConfig":{"runtime":"nodejs22","entryPoint":"onImageFinalize","source":{"storageSource":{"bucket":"gcf-v2-sources-388226025861-europe-west3","object":"onImageFinalize/function-source.zip","generation":"1763342954485648"}},"environmentVariables":{"GOOGLE_NODE_RUN_SCRIPTS":""},"dockerRepository":"projects/laura-butallo-web/locations/europe-west3/repositories/gcf-artifacts","sourceProvenance":{"resolvedStorageSource":{"bucket":"gcf-v2-sources-388226025861-europe-west3","object":"onImageFinalize/function-source.zip","generation":"1763341904430177"}},"dockerRegistry":"ARTIFACT_REGISTRY","serviceAccount":"projects/laura-butallo-web/serviceAccounts/388226025861-compute@developer.gserviceaccount.com","automaticUpdatePolicy":{}},"serviceConfig":{"service":"projects/laura-butallo-web/locations/europe-west3/services/onimagefinalize","timeoutSeconds":60,"environmentVariables":{"FIREBASE_CONFIG":"{\"projectId\":\"laura-butallo-web\",\"storageBucket\":\"laura-butallo-web.firebasestorage.app\"}","GCLOUD_PROJECT":"laura-butallo-web","EVENTARC_CLOUD_EVENT_SOURCE":"projects/laura-butallo-web/locations/europe-west3/services/onImageFinalize","FUNCTION_SIGNATURE_TYPE":"cloudevent","FUNCTION_TARGET":"onImageFinalize","LOG_EXECUTION_ID":"true"},"maxInstanceCount":10,"ingressSettings":"ALLOW_ALL","uri":"https://onimagefinalize-iqcs3ho3pa-ey.a.run.app","serviceAccountEmail":"388226025861-compute@developer.gserviceaccount.com","availableMemory":"256Mi","allTrafficOnLatestRevision":true,"revision":"onimagefinalize-00001-pir","maxInstanceRequestConcurrency":80,"availableCpu":"1"},"eventTrigger":{"trigger":"projects/laura-butallo-web/locations/eu/triggers/onimagefinalize-345816","triggerRegion":"eu","eventType":"google.cloud.storage.object.v1.finalized","eventFilters":[{"attribute":"bucket","value":"laura-butallo-web.firebasestorage.app"}],"pubsubTopic":"projects/laura-butallo-web/topics/eventarc-eu-onimagefinalize-345816-269","serviceAccountEmail":"388226025861-compute@developer.gserviceaccount.com","retryPolicy":"RETRY_POLICY_DO_NOT_RETRY"},"state":"ACTIVE","labels":{"deployment-tool":"cli-firebase","firebase-functions-hash":"d11ed15f804aa79f0f35be9712b2470e6e47da66"},"environment":"GEN_2","url":"https://europe-west3-laura-butallo-web.cloudfunctions.net/onImageFinalize","satisfiesPzs":true,"satisfiesPzi":true},"stages":[{"name":"BUILD","message":"Build in progress","state":"IN_PROGRESS","resource":"projects/388226025861/locations/europe-west3/builds/8628bd50-775e-446b-a58d-eaa6a98dfce7","resourceUri":"https://console.cloud.google.com/cloud-build/builds;region=europe-west3/8628bd50-775e-446b-a58d-eaa6a98dfce7?project=388226025861"},{"name":"SERVICE","state":"NOT_STARTED"},{"name":"TRIGGER","state":"NOT_STARTED"}],"operationType":"UPDATE_FUNCTION","buildName":"projects/388226025861/locations/europe-west3/builds/8628bd50-775e-446b-a58d-eaa6a98dfce7"},"done":false}
[debug] [2025-11-17T01:29:55.994Z] [update-default-us-central1-generateDownloadUrl] Retrying task index 0
[debug] [2025-11-17T01:29:55.995Z] Checked if tokens are valid: true, expires at: 1763345488902
[debug] [2025-11-17T01:29:55.995Z] Checked if tokens are valid: true, expires at: 1763345488902
[debug] [2025-11-17T01:29:55.995Z] >>> [apiv2][query] GET https://cloudfunctions.googleapis.com/v2/projects/laura-butallo-web/locations/us-central1/operations/operation-1763342954066-643c04664f07d-a28676e0-4f81122c [none]
[debug] [2025-11-17T01:29:56.757Z] <<< [apiv2][status] GET https://cloudfunctions.googleapis.com/v2/projects/laura-butallo-web/locations/us-central1/operations/operation-1763342954066-643c04664f07d-a28676e0-4f81122c 200
[debug] [2025-11-17T01:29:56.758Z] <<< [apiv2][body] GET https://cloudfunctions.googleapis.com/v2/projects/laura-butallo-web/locations/us-central1/operations/operation-1763342954066-643c04664f07d-a28676e0-4f81122c {"name":"projects/laura-butallo-web/locations/us-central1/operations/operation-1763342954066-643c04664f07d-a28676e0-4f81122c","metadata":{"@type":"type.googleapis.com/google.cloud.functions.v2.OperationMetadata","createTime":"2025-11-17T01:29:15.474345866Z","target":"projects/laura-butallo-web/locations/us-central1/functions/generateDownloadUrl","verb":"update","cancelRequested":false,"apiVersion":"v2","requestResource":{"@type":"type.googleapis.com/google.cloud.functions.v2.Function","name":"projects/laura-butallo-web/locations/us-central1/functions/generateDownloadUrl","buildConfig":{"runtime":"nodejs22","entryPoint":"generateDownloadUrl","source":{"storageSource":{"bucket":"gcf-v2-sources-388226025861-us-central1","object":"generateDownloadUrl/function-source.zip","generation":"1763342955423545"}},"environmentVariables":{"GOOGLE_NODE_RUN_SCRIPTS":""},"dockerRepository":"projects/laura-butallo-web/locations/us-central1/repositories/gcf-artifacts","sourceProvenance":{"resolvedStorageSource":{"bucket":"gcf-v2-sources-388226025861-us-central1","object":"generateDownloadUrl/function-source.zip","generation":"1763341907041287"}},"dockerRegistry":"ARTIFACT_REGISTRY","serviceAccount":"projects/laura-butallo-web/serviceAccounts/388226025861-compute@developer.gserviceaccount.com","automaticUpdatePolicy":{}},"serviceConfig":{"service":"projects/laura-butallo-web/locations/us-central1/services/generatedownloadurl","timeoutSeconds":60,"environmentVariables":{"FIREBASE_CONFIG":"{\"projectId\":\"laura-butallo-web\",\"storageBucket\":\"laura-butallo-web.firebasestorage.app\"}","GCLOUD_PROJECT":"laura-butallo-web","EVENTARC_CLOUD_EVENT_SOURCE":"projects/laura-butallo-web/locations/us-central1/services/generateDownloadUrl","FUNCTION_TARGET":"generateDownloadUrl","LOG_EXECUTION_ID":"true"},"maxInstanceCount":10,"ingressSettings":"ALLOW_ALL","uri":"https://generatedownloadurl-iqcs3ho3pa-uc.a.run.app","serviceAccountEmail":"388226025861-compute@developer.gserviceaccount.com","availableMemory":"256Mi","allTrafficOnLatestRevision":true,"revision":"generatedownloadurl-00003-tuz","maxInstanceRequestConcurrency":80,"availableCpu":"1"},"state":"ACTIVE","labels":{"deployment-tool":"cli-firebase","deployment-callable":"true","firebase-functions-hash":"d11ed15f804aa79f0f35be9712b2470e6e47da66"},"environment":"GEN_2","url":"https://us-central1-laura-butallo-web.cloudfunctions.net/generateDownloadUrl","satisfiesPzi":true},"stages":[{"name":"BUILD","message":"Build in progress","state":"IN_PROGRESS","resource":"projects/388226025861/locations/us-central1/builds/ab53cf6f-9b9b-4e72-b047-bb6549f14c3a","resourceUri":"https://console.cloud.google.com/cloud-build/builds;region=us-central1/ab53cf6f-9b9b-4e72-b047-bb6549f14c3a?project=388226025861"},{"name":"SERVICE","state":"NOT_STARTED"}],"operationType":"UPDATE_FUNCTION","buildName":"projects/388226025861/locations/us-central1/builds/ab53cf6f-9b9b-4e72-b047-bb6549f14c3a"},"done":false}
[debug] [2025-11-17T01:30:00.973Z] [update-default-europe-west3-onImageFinalize] Retrying task index 0
[debug] [2025-11-17T01:30:00.973Z] Checked if tokens are valid: true, expires at: 1763345488902
[debug] [2025-11-17T01:30:00.974Z] Checked if tokens are valid: true, expires at: 1763345488902
[debug] [2025-11-17T01:30:00.974Z] >>> [apiv2][query] GET https://cloudfunctions.googleapis.com/v2/projects/laura-butallo-web/locations/europe-west3/operations/operation-1763342953473-643c0465be62f-72441587-f838f67c [none]
[debug] [2025-11-17T01:30:01.081Z] <<< [apiv2][status] GET https://cloudfunctions.googleapis.com/v2/projects/laura-butallo-web/locations/europe-west3/operations/operation-1763342953473-643c0465be62f-72441587-f838f67c 200
[debug] [2025-11-17T01:30:01.081Z] <<< [apiv2][body] GET https://cloudfunctions.googleapis.com/v2/projects/laura-butallo-web/locations/europe-west3/operations/operation-1763342953473-643c0465be62f-72441587-f838f67c {"name":"projects/laura-butallo-web/locations/europe-west3/operations/operation-1763342953473-643c0465be62f-72441587-f838f67c","metadata":{"@type":"type.googleapis.com/google.cloud.functions.v2.OperationMetadata","createTime":"2025-11-17T01:29:14.525804665Z","target":"projects/laura-butallo-web/locations/europe-west3/functions/onImageFinalize","verb":"update","cancelRequested":false,"apiVersion":"v2","requestResource":{"@type":"type.googleapis.com/google.cloud.functions.v2.Function","name":"projects/laura-butallo-web/locations/europe-west3/functions/onImageFinalize","buildConfig":{"runtime":"nodejs22","entryPoint":"onImageFinalize","source":{"storageSource":{"bucket":"gcf-v2-sources-388226025861-europe-west3","object":"onImageFinalize/function-source.zip","generation":"1763342954485648"}},"environmentVariables":{"GOOGLE_NODE_RUN_SCRIPTS":""},"dockerRepository":"projects/laura-butallo-web/locations/europe-west3/repositories/gcf-artifacts","sourceProvenance":{"resolvedStorageSource":{"bucket":"gcf-v2-sources-388226025861-europe-west3","object":"onImageFinalize/function-source.zip","generation":"1763341904430177"}},"dockerRegistry":"ARTIFACT_REGISTRY","serviceAccount":"projects/laura-butallo-web/serviceAccounts/388226025861-compute@developer.gserviceaccount.com","automaticUpdatePolicy":{}},"serviceConfig":{"service":"projects/laura-butallo-web/locations/europe-west3/services/onimagefinalize","timeoutSeconds":60,"environmentVariables":{"FIREBASE_CONFIG":"{\"projectId\":\"laura-butallo-web\",\"storageBucket\":\"laura-butallo-web.firebasestorage.app\"}","GCLOUD_PROJECT":"laura-butallo-web","EVENTARC_CLOUD_EVENT_SOURCE":"projects/laura-butallo-web/locations/europe-west3/services/onImageFinalize","FUNCTION_SIGNATURE_TYPE":"cloudevent","FUNCTION_TARGET":"onImageFinalize","LOG_EXECUTION_ID":"true"},"maxInstanceCount":10,"ingressSettings":"ALLOW_ALL","uri":"https://onimagefinalize-iqcs3ho3pa-ey.a.run.app","serviceAccountEmail":"388226025861-compute@developer.gserviceaccount.com","availableMemory":"256Mi","allTrafficOnLatestRevision":true,"revision":"onimagefinalize-00001-pir","maxInstanceRequestConcurrency":80,"availableCpu":"1"},"eventTrigger":{"trigger":"projects/laura-butallo-web/locations/eu/triggers/onimagefinalize-345816","triggerRegion":"eu","eventType":"google.cloud.storage.object.v1.finalized","eventFilters":[{"attribute":"bucket","value":"laura-butallo-web.firebasestorage.app"}],"pubsubTopic":"projects/laura-butallo-web/topics/eventarc-eu-onimagefinalize-345816-269","serviceAccountEmail":"388226025861-compute@developer.gserviceaccount.com","retryPolicy":"RETRY_POLICY_DO_NOT_RETRY"},"state":"ACTIVE","labels":{"deployment-tool":"cli-firebase","firebase-functions-hash":"d11ed15f804aa79f0f35be9712b2470e6e47da66"},"environment":"GEN_2","url":"https://europe-west3-laura-butallo-web.cloudfunctions.net/onImageFinalize","satisfiesPzs":true,"satisfiesPzi":true},"stages":[{"name":"BUILD","message":"Build in progress","state":"IN_PROGRESS","resource":"projects/388226025861/locations/europe-west3/builds/8628bd50-775e-446b-a58d-eaa6a98dfce7","resourceUri":"https://console.cloud.google.com/cloud-build/builds;region=europe-west3/8628bd50-775e-446b-a58d-eaa6a98dfce7?project=388226025861"},{"name":"SERVICE","state":"NOT_STARTED"},{"name":"TRIGGER","state":"NOT_STARTED"}],"operationType":"UPDATE_FUNCTION","buildName":"projects/388226025861/locations/europe-west3/builds/8628bd50-775e-446b-a58d-eaa6a98dfce7"},"done":false}
[debug] [2025-11-17T01:30:06.760Z] [update-default-us-central1-generateDownloadUrl] Retrying task index 0
[debug] [2025-11-17T01:30:06.760Z] Checked if tokens are valid: true, expires at: 1763345488902
[debug] [2025-11-17T01:30:06.760Z] Checked if tokens are valid: true, expires at: 1763345488902
[debug] [2025-11-17T01:30:06.760Z] >>> [apiv2][query] GET https://cloudfunctions.googleapis.com/v2/projects/laura-butallo-web/locations/us-central1/operations/operation-1763342954066-643c04664f07d-a28676e0-4f81122c [none]
[debug] [2025-11-17T01:30:07.588Z] <<< [apiv2][status] GET https://cloudfunctions.googleapis.com/v2/projects/laura-butallo-web/locations/us-central1/operations/operation-1763342954066-643c04664f07d-a28676e0-4f81122c 200
[debug] [2025-11-17T01:30:07.588Z] <<< [apiv2][body] GET https://cloudfunctions.googleapis.com/v2/projects/laura-butallo-web/locations/us-central1/operations/operation-1763342954066-643c04664f07d-a28676e0-4f81122c {"name":"projects/laura-butallo-web/locations/us-central1/operations/operation-1763342954066-643c04664f07d-a28676e0-4f81122c","metadata":{"@type":"type.googleapis.com/google.cloud.functions.v2.OperationMetadata","createTime":"2025-11-17T01:29:15.474345866Z","target":"projects/laura-butallo-web/locations/us-central1/functions/generateDownloadUrl","verb":"update","cancelRequested":false,"apiVersion":"v2","requestResource":{"@type":"type.googleapis.com/google.cloud.functions.v2.Function","name":"projects/laura-butallo-web/locations/us-central1/functions/generateDownloadUrl","buildConfig":{"runtime":"nodejs22","entryPoint":"generateDownloadUrl","source":{"storageSource":{"bucket":"gcf-v2-sources-388226025861-us-central1","object":"generateDownloadUrl/function-source.zip","generation":"1763342955423545"}},"environmentVariables":{"GOOGLE_NODE_RUN_SCRIPTS":""},"dockerRepository":"projects/laura-butallo-web/locations/us-central1/repositories/gcf-artifacts","sourceProvenance":{"resolvedStorageSource":{"bucket":"gcf-v2-sources-388226025861-us-central1","object":"generateDownloadUrl/function-source.zip","generation":"1763341907041287"}},"dockerRegistry":"ARTIFACT_REGISTRY","serviceAccount":"projects/laura-butallo-web/serviceAccounts/388226025861-compute@developer.gserviceaccount.com","automaticUpdatePolicy":{}},"serviceConfig":{"service":"projects/laura-butallo-web/locations/us-central1/services/generatedownloadurl","timeoutSeconds":60,"environmentVariables":{"FIREBASE_CONFIG":"{\"projectId\":\"laura-butallo-web\",\"storageBucket\":\"laura-butallo-web.firebasestorage.app\"}","GCLOUD_PROJECT":"laura-butallo-web","EVENTARC_CLOUD_EVENT_SOURCE":"projects/laura-butallo-web/locations/us-central1/services/generateDownloadUrl","FUNCTION_TARGET":"generateDownloadUrl","LOG_EXECUTION_ID":"true"},"maxInstanceCount":10,"ingressSettings":"ALLOW_ALL","uri":"https://generatedownloadurl-iqcs3ho3pa-uc.a.run.app","serviceAccountEmail":"388226025861-compute@developer.gserviceaccount.com","availableMemory":"256Mi","allTrafficOnLatestRevision":true,"revision":"generatedownloadurl-00003-tuz","maxInstanceRequestConcurrency":80,"availableCpu":"1"},"state":"ACTIVE","labels":{"deployment-tool":"cli-firebase","deployment-callable":"true","firebase-functions-hash":"d11ed15f804aa79f0f35be9712b2470e6e47da66"},"environment":"GEN_2","url":"https://us-central1-laura-butallo-web.cloudfunctions.net/generateDownloadUrl","satisfiesPzi":true},"stages":[{"name":"BUILD","message":"Build in progress","state":"IN_PROGRESS","resource":"projects/388226025861/locations/us-central1/builds/ab53cf6f-9b9b-4e72-b047-bb6549f14c3a","resourceUri":"https://console.cloud.google.com/cloud-build/builds;region=us-central1/ab53cf6f-9b9b-4e72-b047-bb6549f14c3a?project=388226025861"},{"name":"SERVICE","state":"NOT_STARTED"}],"operationType":"UPDATE_FUNCTION","buildName":"projects/388226025861/locations/us-central1/builds/ab53cf6f-9b9b-4e72-b047-bb6549f14c3a"},"done":false}
[debug] [2025-11-17T01:30:11.076Z] [update-default-europe-west3-onImageFinalize] Retrying task index 0
[debug] [2025-11-17T01:30:11.076Z] Checked if tokens are valid: true, expires at: 1763345488902
[debug] [2025-11-17T01:30:11.076Z] Checked if tokens are valid: true, expires at: 1763345488902
[debug] [2025-11-17T01:30:11.076Z] >>> [apiv2][query] GET https://cloudfunctions.googleapis.com/v2/projects/laura-butallo-web/locations/europe-west3/operations/operation-1763342953473-643c0465be62f-72441587-f838f67c [none]
[debug] [2025-11-17T01:30:11.245Z] <<< [apiv2][status] GET https://cloudfunctions.googleapis.com/v2/projects/laura-butallo-web/locations/europe-west3/operations/operation-1763342953473-643c0465be62f-72441587-f838f67c 200
[debug] [2025-11-17T01:30:11.245Z] <<< [apiv2][body] GET https://cloudfunctions.googleapis.com/v2/projects/laura-butallo-web/locations/europe-west3/operations/operation-1763342953473-643c0465be62f-72441587-f838f67c {"name":"projects/laura-butallo-web/locations/europe-west3/operations/operation-1763342953473-643c0465be62f-72441587-f838f67c","metadata":{"@type":"type.googleapis.com/google.cloud.functions.v2.OperationMetadata","createTime":"2025-11-17T01:29:14.525804665Z","target":"projects/laura-butallo-web/locations/europe-west3/functions/onImageFinalize","verb":"update","cancelRequested":false,"apiVersion":"v2","requestResource":{"@type":"type.googleapis.com/google.cloud.functions.v2.Function","name":"projects/laura-butallo-web/locations/europe-west3/functions/onImageFinalize","buildConfig":{"runtime":"nodejs22","entryPoint":"onImageFinalize","source":{"storageSource":{"bucket":"gcf-v2-sources-388226025861-europe-west3","object":"onImageFinalize/function-source.zip","generation":"1763342954485648"}},"environmentVariables":{"GOOGLE_NODE_RUN_SCRIPTS":""},"dockerRepository":"projects/laura-butallo-web/locations/europe-west3/repositories/gcf-artifacts","sourceProvenance":{"resolvedStorageSource":{"bucket":"gcf-v2-sources-388226025861-europe-west3","object":"onImageFinalize/function-source.zip","generation":"1763341904430177"}},"dockerRegistry":"ARTIFACT_REGISTRY","serviceAccount":"projects/laura-butallo-web/serviceAccounts/388226025861-compute@developer.gserviceaccount.com","automaticUpdatePolicy":{}},"serviceConfig":{"service":"projects/laura-butallo-web/locations/europe-west3/services/onimagefinalize","timeoutSeconds":60,"environmentVariables":{"FIREBASE_CONFIG":"{\"projectId\":\"laura-butallo-web\",\"storageBucket\":\"laura-butallo-web.firebasestorage.app\"}","GCLOUD_PROJECT":"laura-butallo-web","EVENTARC_CLOUD_EVENT_SOURCE":"projects/laura-butallo-web/locations/europe-west3/services/onImageFinalize","FUNCTION_SIGNATURE_TYPE":"cloudevent","FUNCTION_TARGET":"onImageFinalize","LOG_EXECUTION_ID":"true"},"maxInstanceCount":10,"ingressSettings":"ALLOW_ALL","uri":"https://onimagefinalize-iqcs3ho3pa-ey.a.run.app","serviceAccountEmail":"388226025861-compute@developer.gserviceaccount.com","availableMemory":"256Mi","allTrafficOnLatestRevision":true,"revision":"onimagefinalize-00001-pir","maxInstanceRequestConcurrency":80,"availableCpu":"1"},"eventTrigger":{"trigger":"projects/laura-butallo-web/locations/eu/triggers/onimagefinalize-345816","triggerRegion":"eu","eventType":"google.cloud.storage.object.v1.finalized","eventFilters":[{"attribute":"bucket","value":"laura-butallo-web.firebasestorage.app"}],"pubsubTopic":"projects/laura-butallo-web/topics/eventarc-eu-onimagefinalize-345816-269","serviceAccountEmail":"388226025861-compute@developer.gserviceaccount.com","retryPolicy":"RETRY_POLICY_DO_NOT_RETRY"},"state":"ACTIVE","labels":{"deployment-tool":"cli-firebase","firebase-functions-hash":"d11ed15f804aa79f0f35be9712b2470e6e47da66"},"environment":"GEN_2","url":"https://europe-west3-laura-butallo-web.cloudfunctions.net/onImageFinalize","satisfiesPzs":true,"satisfiesPzi":true},"stages":[{"name":"BUILD","message":"Build in progress","state":"IN_PROGRESS","resource":"projects/388226025861/locations/europe-west3/builds/8628bd50-775e-446b-a58d-eaa6a98dfce7","resourceUri":"https://console.cloud.google.com/cloud-build/builds;region=europe-west3/8628bd50-775e-446b-a58d-eaa6a98dfce7?project=388226025861"},{"name":"SERVICE","state":"NOT_STARTED"},{"name":"TRIGGER","state":"NOT_STARTED"}],"operationType":"UPDATE_FUNCTION","buildName":"projects/388226025861/locations/europe-west3/builds/8628bd50-775e-446b-a58d-eaa6a98dfce7"},"done":false}
[debug] [2025-11-17T01:30:17.574Z] [update-default-us-central1-generateDownloadUrl] Retrying task index 0
[debug] [2025-11-17T01:30:17.575Z] Checked if tokens are valid: true, expires at: 1763345488902
[debug] [2025-11-17T01:30:17.575Z] Checked if tokens are valid: true, expires at: 1763345488902
[debug] [2025-11-17T01:30:17.575Z] >>> [apiv2][query] GET https://cloudfunctions.googleapis.com/v2/projects/laura-butallo-web/locations/us-central1/operations/operation-1763342954066-643c04664f07d-a28676e0-4f81122c [none]
[debug] [2025-11-17T01:30:18.360Z] <<< [apiv2][status] GET https://cloudfunctions.googleapis.com/v2/projects/laura-butallo-web/locations/us-central1/operations/operation-1763342954066-643c04664f07d-a28676e0-4f81122c 200
[debug] [2025-11-17T01:30:18.361Z] <<< [apiv2][body] GET https://cloudfunctions.googleapis.com/v2/projects/laura-butallo-web/locations/us-central1/operations/operation-1763342954066-643c04664f07d-a28676e0-4f81122c {"name":"projects/laura-butallo-web/locations/us-central1/operations/operation-1763342954066-643c04664f07d-a28676e0-4f81122c","metadata":{"@type":"type.googleapis.com/google.cloud.functions.v2.OperationMetadata","createTime":"2025-11-17T01:29:15.474345866Z","target":"projects/laura-butallo-web/locations/us-central1/functions/generateDownloadUrl","verb":"update","cancelRequested":false,"apiVersion":"v2","requestResource":{"@type":"type.googleapis.com/google.cloud.functions.v2.Function","name":"projects/laura-butallo-web/locations/us-central1/functions/generateDownloadUrl","buildConfig":{"runtime":"nodejs22","entryPoint":"generateDownloadUrl","source":{"storageSource":{"bucket":"gcf-v2-sources-388226025861-us-central1","object":"generateDownloadUrl/function-source.zip","generation":"1763342955423545"}},"environmentVariables":{"GOOGLE_NODE_RUN_SCRIPTS":""},"dockerRepository":"projects/laura-butallo-web/locations/us-central1/repositories/gcf-artifacts","sourceProvenance":{"resolvedStorageSource":{"bucket":"gcf-v2-sources-388226025861-us-central1","object":"generateDownloadUrl/function-source.zip","generation":"1763341907041287"}},"dockerRegistry":"ARTIFACT_REGISTRY","serviceAccount":"projects/laura-butallo-web/serviceAccounts/388226025861-compute@developer.gserviceaccount.com","automaticUpdatePolicy":{}},"serviceConfig":{"service":"projects/laura-butallo-web/locations/us-central1/services/generatedownloadurl","timeoutSeconds":60,"environmentVariables":{"FIREBASE_CONFIG":"{\"projectId\":\"laura-butallo-web\",\"storageBucket\":\"laura-butallo-web.firebasestorage.app\"}","GCLOUD_PROJECT":"laura-butallo-web","EVENTARC_CLOUD_EVENT_SOURCE":"projects/laura-butallo-web/locations/us-central1/services/generateDownloadUrl","FUNCTION_TARGET":"generateDownloadUrl","LOG_EXECUTION_ID":"true"},"maxInstanceCount":10,"ingressSettings":"ALLOW_ALL","uri":"https://generatedownloadurl-iqcs3ho3pa-uc.a.run.app","serviceAccountEmail":"388226025861-compute@developer.gserviceaccount.com","availableMemory":"256Mi","allTrafficOnLatestRevision":true,"revision":"generatedownloadurl-00003-tuz","maxInstanceRequestConcurrency":80,"availableCpu":"1"},"state":"ACTIVE","labels":{"deployment-tool":"cli-firebase","deployment-callable":"true","firebase-functions-hash":"d11ed15f804aa79f0f35be9712b2470e6e47da66"},"environment":"GEN_2","url":"https://us-central1-laura-butallo-web.cloudfunctions.net/generateDownloadUrl","satisfiesPzi":true},"stages":[{"name":"BUILD","message":"Build in progress","state":"IN_PROGRESS","resource":"projects/388226025861/locations/us-central1/builds/ab53cf6f-9b9b-4e72-b047-bb6549f14c3a","resourceUri":"https://console.cloud.google.com/cloud-build/builds;region=us-central1/ab53cf6f-9b9b-4e72-b047-bb6549f14c3a?project=388226025861"},{"name":"SERVICE","state":"NOT_STARTED"}],"operationType":"UPDATE_FUNCTION","buildName":"projects/388226025861/locations/us-central1/builds/ab53cf6f-9b9b-4e72-b047-bb6549f14c3a"},"done":false}
[debug] [2025-11-17T01:30:21.234Z] [update-default-europe-west3-onImageFinalize] Retrying task index 0
[debug] [2025-11-17T01:30:21.235Z] Checked if tokens are valid: true, expires at: 1763345488902
[debug] [2025-11-17T01:30:21.235Z] Checked if tokens are valid: true, expires at: 1763345488902
[debug] [2025-11-17T01:30:21.235Z] >>> [apiv2][query] GET https://cloudfunctions.googleapis.com/v2/projects/laura-butallo-web/locations/europe-west3/operations/operation-1763342953473-643c0465be62f-72441587-f838f67c [none]
[debug] [2025-11-17T01:30:21.362Z] <<< [apiv2][status] GET https://cloudfunctions.googleapis.com/v2/projects/laura-butallo-web/locations/europe-west3/operations/operation-1763342953473-643c0465be62f-72441587-f838f67c 200
[debug] [2025-11-17T01:30:21.362Z] <<< [apiv2][body] GET https://cloudfunctions.googleapis.com/v2/projects/laura-butallo-web/locations/europe-west3/operations/operation-1763342953473-643c0465be62f-72441587-f838f67c {"name":"projects/laura-butallo-web/locations/europe-west3/operations/operation-1763342953473-643c0465be62f-72441587-f838f67c","metadata":{"@type":"type.googleapis.com/google.cloud.functions.v2.OperationMetadata","createTime":"2025-11-17T01:29:14.525804665Z","endTime":"2025-11-17T01:30:12.028369669Z","target":"projects/laura-butallo-web/locations/europe-west3/functions/onImageFinalize","verb":"update","cancelRequested":false,"apiVersion":"v2","requestResource":{"@type":"type.googleapis.com/google.cloud.functions.v2.Function","name":"projects/laura-butallo-web/locations/europe-west3/functions/onImageFinalize","buildConfig":{"runtime":"nodejs22","entryPoint":"onImageFinalize","source":{"storageSource":{"bucket":"gcf-v2-sources-388226025861-europe-west3","object":"onImageFinalize/function-source.zip","generation":"1763342954485648"}},"environmentVariables":{"GOOGLE_NODE_RUN_SCRIPTS":""},"dockerRepository":"projects/laura-butallo-web/locations/europe-west3/repositories/gcf-artifacts","sourceProvenance":{"resolvedStorageSource":{"bucket":"gcf-v2-sources-388226025861-europe-west3","object":"onImageFinalize/function-source.zip","generation":"1763341904430177"}},"dockerRegistry":"ARTIFACT_REGISTRY","serviceAccount":"projects/laura-butallo-web/serviceAccounts/388226025861-compute@developer.gserviceaccount.com","automaticUpdatePolicy":{}},"serviceConfig":{"service":"projects/laura-butallo-web/locations/europe-west3/services/onimagefinalize","timeoutSeconds":60,"environmentVariables":{"FIREBASE_CONFIG":"{\"projectId\":\"laura-butallo-web\",\"storageBucket\":\"laura-butallo-web.firebasestorage.app\"}","GCLOUD_PROJECT":"laura-butallo-web","EVENTARC_CLOUD_EVENT_SOURCE":"projects/laura-butallo-web/locations/europe-west3/services/onImageFinalize","FUNCTION_SIGNATURE_TYPE":"cloudevent","FUNCTION_TARGET":"onImageFinalize","LOG_EXECUTION_ID":"true"},"maxInstanceCount":10,"ingressSettings":"ALLOW_ALL","uri":"https://onimagefinalize-iqcs3ho3pa-ey.a.run.app","serviceAccountEmail":"388226025861-compute@developer.gserviceaccount.com","availableMemory":"256Mi","allTrafficOnLatestRevision":true,"revision":"onimagefinalize-00001-pir","maxInstanceRequestConcurrency":80,"availableCpu":"1"},"eventTrigger":{"trigger":"projects/laura-butallo-web/locations/eu/triggers/onimagefinalize-345816","triggerRegion":"eu","eventType":"google.cloud.storage.object.v1.finalized","eventFilters":[{"attribute":"bucket","value":"laura-butallo-web.firebasestorage.app"}],"pubsubTopic":"projects/laura-butallo-web/topics/eventarc-eu-onimagefinalize-345816-269","serviceAccountEmail":"388226025861-compute@developer.gserviceaccount.com","retryPolicy":"RETRY_POLICY_DO_NOT_RETRY"},"state":"ACTIVE","labels":{"deployment-tool":"cli-firebase","firebase-functions-hash":"d11ed15f804aa79f0f35be9712b2470e6e47da66"},"environment":"GEN_2","url":"https://europe-west3-laura-butallo-web.cloudfunctions.net/onImageFinalize","satisfiesPzs":true,"satisfiesPzi":true},"stages":[{"name":"SERVICE","state":"NOT_STARTED"},{"name":"TRIGGER","state":"NOT_STARTED"}],"operationType":"UPDATE_FUNCTION"},"done":true,"error":{"code":3,"message":"Build failed with status: FAILURE and message: npm error code EUSAGE\nnpm error\nnpm error `npm ci` can only install packages when your package.json and package-lock.json or npm-shrinkwrap.json are in sync. Please update your lock file with `npm install` before continuing.\nnpm error\nnpm error Missing: jest@30.2.0 from lock file\nnpm error Missing: @jest/core@30.2.0 from lock file\nnpm error Missing: @jest/types@30.2.0 from lock file\nnpm error Missing: import-local@3.2.0 from lock file\nnpm error Missing: jest-cli@30.2.0 from lock file\nnpm error Missing: @jest/console@30.2.0 from lock file\nnpm error Missing: @jest/pattern@30.0.1 from lock file\nnpm error Missing: @jest/reporters@30.2.0 from lock file\nnpm error Missing: @jest/test-result@30.2.0 from lock file\nnpm error Missing: @jest/transform@30.2.0 from lock file\nnpm error Missing: ansi-escapes@4.3.2 from lock file\nnpm error Missing: ci-info@4.3.1 from lock file\nnpm error Missing: exit-x@0.2.2 from lock file\nnpm error Missing: graceful-fs@4.2.11 from lock file\nnpm error Missing: jest-changed-files@30.2.0 from lock file\nnpm error Missing: jest-config@30.2.0 from lock file\nnpm error Missing: jest-haste-map@30.2.0 from lock file\nnpm error Missing: jest-message-util@30.2.0 from lock file\nnpm error Missing: jest-regex-util@30.0.1 from lock file\nnpm error Missing: jest-resolve@30.2.0 from lock file\nnpm error Missing: jest-resolve-dependencies@30.2.0 from lock file\nnpm error Missing: jest-runner@30.2.0 from lock file\nnpm error Missing: jest-runtime@30.2.0 from lock file\nnpm error Missing: jest-snapshot@30.2.0 from lock file\nnpm error Missing: jest-util@30.2.0 from lock file\nnpm error Missing: jest-validate@30.2.0 from lock file\nnpm error Missing: jest-watcher@30.2.0 from lock file\nnpm error Missing: pretty-format@30.2.0 from lock file\nnpm error Missing: @bcoe/v8-coverage@0.2.3 from lock file\nnpm error Missing: @jridgewell/trace-mapping@0.3.31 from lock file\nnpm error Missing: collect-v8-coverage@1.0.3 from lock file\nnpm error Missing: glob@10.4.5 from lock file\nnpm error Missing: istanbul-lib-coverage@3.2.2 from lock file\nnpm error Missing: istanbul-lib-instrument@6.0.3 from lock file\nnpm error Missing: istanbul-lib-report@3.0.1 from lock file\nnpm error Missing: istanbul-lib-source-maps@5.0.6 from lock file\nnpm error Missing: istanbul-reports@3.2.0 from lock file\nnpm error Missing: jest-worker@30.2.0 from lock file\nnpm error Missing: string-length@4.0.2 from lock file\nnpm error Missing: v8-to-istanbul@9.3.0 from lock file\nnpm error Missing: @types/istanbul-lib-coverage@2.0.6 from lock file\nnpm error Missing: @babel/core@7.28.5 from lock file\nnpm error Missing: babel-plugin-istanbul@7.0.1 from lock file\nnpm error Missing: convert-source-map@2.0.0 from lock file\nnpm error Missing: pirates@4.0.7 from lock file\nnpm error Missing: write-file-atomic@5.0.1 from lock file\nnpm error Missing: @babel/code-frame@7.27.1 from lock file\nnpm error Missing: @babel/generator@7.28.5 from lock file\nnpm error Missing: @babel/helper-compilation-targets@7.27.2 from lock file\nnpm error Missing: @babel/helper-module-transforms@7.28.3 from lock file\nnpm error Missing: @babel/helpers@7.28.4 from lock file\nnpm error Missing: @babel/parser@7.28.5 from lock file\nnpm error Missing: @babel/template@7.27.2 from lock file\nnpm error Missing: @babel/traverse@7.28.5 from lock file\nnpm error Missing: @babel/types@7.28.5 from lock file\nnpm error Missing: @jridgewell/remapping@2.3.5 from lock file\nnpm error Missing: gensync@1.0.0-beta.2 from lock file\nnpm error Missing: json5@2.2.3 from lock file\nnpm error Missing: semver@6.3.1 from lock file\nnpm error Missing: @babel/helper-validator-identifier@7.28.5 from lock file\nnpm error Missing: js-tokens@4.0.0 from lock file\nnpm error Missing: picocolors@1.1.1 from lock file\nnpm error Missing: @jridgewell/gen-mapping@0.3.13 from lock file\nnpm error Missing: jsesc@3.1.0 from lock file\nnpm error Missing: @babel/compat-data@7.28.5 from lock file\nnpm error Missing: @babel/helper-validator-option@7.27.1 from lock file\nnpm error Missing: browserslist@4.28.0 from lock file\nnpm error Missing: lru-cache@5.1.1 from lock file\nnpm error Missing: semver@6.3.1 from lock file\nnpm error Missing: @babel/helper-module-imports@7.27.1 from lock file\nnpm error Missing: @babel/helper-globals@7.28.0 from lock file\nnpm error Missing: @babel/helper-string-parser@7.27.1 from lock file\nnpm error Missing: @jest/schemas@30.0.5 from lock file\nnpm error Missing: @types/istanbul-reports@3.0.4 from lock file\nnpm error Missing: @types/yargs@17.0.35 from lock file\nnpm error Missing: @sinclair/typebox@0.34.41 from lock file\nnpm error Missing: @jridgewell/sourcemap-codec@1.5.5 from lock file\nnpm error Missing: @jridgewell/resolve-uri@3.1.2 from lock file\nnpm error Missing: @types/istanbul-lib-report@3.0.3 from lock file\nnpm error Missing: @types/yargs-parser@21.0.3 from lock file\nnpm error Missing: type-fest@0.21.3 from lock file\nnpm error Missing: @babel/helper-plugin-utils@7.27.1 from lock file\nnpm error Missing: @istanbuljs/load-nyc-config@1.1.0 from lock file\nnpm error Missing: @istanbuljs/schema@0.1.3 from lock file\nnpm error Missing: test-exclude@6.0.0 from lock file\nnpm error Missing: camelcase@5.3.1 from lock file\nnpm error Missing: find-up@4.1.0 from lock file\nnpm error Missing: get-package-type@0.1.0 from lock file\nnpm error Missing: js-yaml@3.14.2 from lock file\nnpm error Missing: resolve-from@5.0.0 from lock file\nnpm error Missing: baseline-browser-mapping@2.8.28 from lock file\nnpm error Missing: caniuse-lite@1.0.30001755 from lock file\nnpm error Missing: electron-to-chromium@1.5.254 from lock file\nnpm error Missing: node-releases@2.0.27 from lock file\nnpm error Missing: update-browserslist-db@1.1.4 from lock file\nnpm error Missing: pkg-dir@4.2.0 from lock file\nnpm error Missing: resolve-cwd@3.0.0 from lock file\nnpm error Missing: make-dir@4.0.0 from lock file\nnpm error Missing: html-escaper@2.0.2 from lock file\nnpm error Missing: execa@5.1.1 from lock file\nnpm error Missing: get-stream@6.0.1 from lock file\nnpm error Missing: human-signals@2.1.0 from lock file\nnpm error Missing: merge-stream@2.0.0 from lock file\nnpm error Missing: npm-run-path@4.0.1 from lock file\nnpm error Missing: onetime@5.1.2 from lock file\nnpm error Missing: signal-exit@3.0.7 from lock file\nnpm error Missing: strip-final-newline@2.0.0 from lock file\nnpm error Missing: @jest/get-type@30.1.0 from lock file\nnpm error Missing: @jest/test-sequencer@30.2.0 from lock file\nnpm error Missing: babel-jest@30.2.0 from lock file\nnpm error Missing: deepmerge@4.3.1 from lock file\nnpm error Missing: glob@10.4.5 from lock file\nnpm error Missing: jest-circus@30.2.0 from lock file\nnpm error Missing: jest-docblock@30.2.0 from lock file\nnpm error Missing: jest-environment-node@30.2.0 from lock file\nnpm error Missing: parse-json@5.2.0 from lock file\nnpm error Missing: @types/babel__core@7.20.5 from lock file\nnpm error Missing: babel-preset-jest@30.2.0 from lock file\nnpm error Missing: @types/babel__generator@7.27.0 from lock file\nnpm error Missing: @types/babel__template@7.4.4 from lock file\nnpm error Missing: @types/babel__traverse@7.28.0 from lock file\nnpm error Missing: babel-plugin-jest-hoist@30.2.0 from lock file\nnpm error Missing: babel-preset-current-node-syntax@1.2.0 from lock file\nnpm error Missing: @babel/plugin-syntax-async-generators@7.8.4 from lock file\nnpm error Missing: @babel/plugin-syntax-bigint@7.8.3 from lock file\nnpm error Missing: @babel/plugin-syntax-class-properties@7.12.13 from lock file\nnpm error Missing: @babel/plugin-syntax-class-static-block@7.14.5 from lock file\nnpm error Missing: @babel/plugin-syntax-import-attributes@7.27.1 from lock file\nnpm error Missing: @babel/plugin-syntax-import-meta@7.10.4 from lock file\nnpm error Missing: @babel/plugin-syntax-json-strings@7.8.3 from lock file\nnpm error Missing: @babel/plugin-syntax-logical-assignment-operators@7.10.4 from lock file\nnpm error Missing: @babel/plugin-syntax-nullish-coalescing-operator@7.8.3 from lock file\nnpm error Missing: @babel/plugin-syntax-numeric-separator@7.10.4 from lock file\nnpm error Missing: @babel/plugin-syntax-object-rest-spread@7.8.3 from lock file\nnpm error Missing: @babel/plugin-syntax-optional-catch-binding@7.8.3 from lock file\nnpm error Missing: @babel/plugin-syntax-optional-chaining@7.8.3 from lock file\nnpm error Missing: @babel/plugin-syntax-private-property-in-object@7.14.5 from lock file\nnpm error Missing: @babel/plugin-syntax-top-level-await@7.14.5 from lock file\nnpm error Missing: @jest/environment@30.2.0 from lock file\nnpm error Missing: @jest/expect@30.2.0 from lock file\nnpm error Missing: co@4.6.0 from lock file\nnpm error Missing: dedent@1.7.0 from lock file\nnpm error Missing: is-generator-fn@2.1.0 from lock file\nnpm error Missing: jest-each@30.2.0 from lock file\nnpm error Missing: jest-matcher-utils@30.2.0 from lock file\nnpm error Missing: pure-rand@7.0.1 from lock file\nnpm error Missing: stack-utils@2.0.6 from lock file\nnpm error Missing: @jest/fake-timers@30.2.0 from lock file\nnpm error Missing: jest-mock@30.2.0 from lock file\nnpm error Missing: expect@30.2.0 from lock file\nnpm error Missing: @sinonjs/fake-timers@13.0.5 from lock file\nnpm error Missing: @sinonjs/commons@3.0.1 from lock file\nnpm error Missing: type-detect@4.0.8 from lock file\nnpm error Missing: @jest/expect-utils@30.2.0 from lock file\nnpm error Missing: detect-newline@3.1.0 from lock file\nnpm error Missing: anymatch@3.1.3 from lock file\nnpm error Missing: fb-watchman@2.0.2 from lock file\nnpm error Missing: fsevents@2.3.3 from lock file\nnpm error Missing: walker@1.0.8 from lock file\nnpm error Missing: normalize-path@3.0.0 from lock file\nnpm error Missing: bser@2.1.1 from lock file\nnpm error Missing: node-int64@0.4.0 from lock file\nnpm error Missing: jest-diff@30.2.0 from lock file\nnpm error Missing: @jest/diff-sequences@30.0.1 from lock file\nnpm error Missing: @types/stack-utils@2.0.3 from lock file\nnpm error Missing: jest-pnp-resolver@1.2.3 from lock file\nnpm error Missing: unrs-resolver@1.11.1 from lock file\nnpm error Missing: emittery@0.13.1 from lock file\nnpm error Missing: jest-leak-detector@30.2.0 from lock file\nnpm error Missing: source-map-support@0.5.13 from lock file\nnpm error Missing: @jest/globals@30.2.0 from lock file\nnpm error Missing: @jest/source-map@30.0.1 from lock file\nnpm error Missing: cjs-module-lexer@2.1.1 from lock file\nnpm error Missing: glob@10.4.5 from lock file\nnpm error Missing: strip-bom@4.0.0 from lock file\nnpm error Missing: @babel/plugin-syntax-jsx@7.27.1 from lock file\nnpm error Missing: @babel/plugin-syntax-typescript@7.27.1 from lock file\nnpm error Missing: @jest/snapshot-utils@30.2.0 from lock file\nnpm error Missing: synckit@0.11.11 from lock file\nnpm error Missing: picomatch@4.0.3 from lock file\nnpm error Missing: camelcase@6.3.0 from lock file\nnpm error Missing: leven@3.1.0 from lock file\nnpm error Missing: supports-color@8.1.1 from lock file\nnpm error Missing: mimic-fn@2.1.0 from lock file\nnpm error Missing: error-ex@1.3.4 from lock file\nnpm error Missing: json-parse-even-better-errors@2.3.1 from lock file\nnpm error Missing: lines-and-columns@1.2.4 from lock file\nnpm error Missing: is-arrayish@0.2.1 from lock file\nnpm error Missing: find-up@4.1.0 from lock file\nnpm error Missing: ansi-styles@5.2.0 from lock file\nnpm error Missing: react-is@18.3.1 from lock file\nnpm error Missing: resolve-from@5.0.0 from lock file\nnpm error Missing: buffer-from@1.1.2 from lock file\nnpm error Missing: source-map@0.6.1 from lock file\nnpm error Missing: escape-string-regexp@2.0.0 from lock file\nnpm error Missing: char-regex@1.0.2 from lock file\nnpm error Missing: @pkgr/core@0.2.9 from lock file\nnpm error Missing: @unrs/resolver-binding-android-arm-eabi@1.11.1 from lock file\nnpm error Missing: @unrs/resolver-binding-android-arm64@1.11.1 from lock file\nnpm error Missing: @unrs/resolver-binding-darwin-arm64@1.11.1 from lock file\nnpm error Missing: @unrs/resolver-binding-darwin-x64@1.11.1 from lock file\nnpm error Missing: @unrs/resolver-binding-freebsd-x64@1.11.1 from lock file\nnpm error Missing: @unrs/resolver-binding-linux-arm-gnueabihf@1.11.1 from lock file\nnpm error Missing: @unrs/resolver-binding-linux-arm-musleabihf@1.11.1 from lock file\nnpm error Missing: @unrs/resolver-binding-linux-arm64-gnu@1.11.1 from lock file\nnpm error Missing: @unrs/resolver-binding-linux-arm64-musl@1.11.1 from lock file\nnpm error Missing: @unrs/resolver-binding-linux-ppc64-gnu@1.11.1 from lock file\nnpm error Missing: @unrs/resolver-binding-linux-riscv64-gnu@1.11.1 from lock file\nnpm error Missing: @unrs/resolver-binding-linux-riscv64-musl@1.11.1 from lock file\nnpm error Missing: @unrs/resolver-binding-linux-s390x-gnu@1.11.1 from lock file\nnpm error Missing: @unrs/resolver-binding-linux-x64-gnu@1.11.1 from lock file\nnpm error Missing: @unrs/resolver-binding-linux-x64-musl@1.11.1 from lock file\nnpm error Missing: @unrs/resolver-binding-wasm32-wasi@1.11.1 from lock file\nnpm error Missing: @unrs/resolver-binding-win32-arm64-msvc@1.11.1 from lock file\nnpm error Missing: @unrs/resolver-binding-win32-ia32-msvc@1.11.1 from lock file\nnpm error Missing: @unrs/resolver-binding-win32-x64-msvc@1.11.1 from lock file\nnpm error Missing: napi-postinstall@0.3.4 from lock file\nnpm error Missing: @napi-rs/wasm-runtime@0.2.12 from lock file\nnpm error Missing: @emnapi/core@1.7.1 from lock file\nnpm error Missing: @emnapi/runtime@1.7.1 from lock file\nnpm error Missing: @tybys/wasm-util@0.10.1 from lock file\nnpm error Missing: @emnapi/wasi-threads@1.1.0 from lock file\nnpm error Missing: makeerror@1.0.12 from lock file\nnpm error Missing: tmpl@1.0.5 from lock file\nnpm error Missing: signal-exit@4.1.0 from lock file\nnpm error Missing: yallist@3.1.1 from lock file\nnpm error Missing: locate-path@5.0.0 from lock file\nnpm error Missing: argparse@1.0.10 from lock file\nnpm error Missing: esprima@4.0.1 from lock file\nnpm error Missing: sprintf-js@1.0.3 from lock file\nnpm error Missing: p-locate@4.1.0 from lock file\nnpm error Missing: p-limit@2.3.0 from lock file\nnpm error Missing: p-try@2.2.0 from lock file\nnpm error Missing: foreground-child@3.3.1 from lock file\nnpm error Missing: jackspeak@3.4.3 from lock file\nnpm error Missing: minimatch@9.0.5 from lock file\nnpm error Missing: minipass@7.1.2 from lock file\nnpm error Missing: package-json-from-dist@1.0.1 from lock file\nnpm error Missing: path-scurry@1.11.1 from lock file\nnpm error Missing: signal-exit@4.1.0 from lock file\nnpm error Missing: @isaacs/cliui@8.0.2 from lock file\nnpm error Missing: @pkgjs/parseargs@0.11.0 from lock file\nnpm error Missing: string-width@5.1.2 from lock file\nnpm error Missing: string-width-cjs@4.2.3 from lock file\nnpm error Missing: strip-ansi@7.1.2 from lock file\nnpm error Missing: strip-ansi-cjs@6.0.1 from lock file\nnpm error Missing: wrap-ansi@8.1.0 from lock file\nnpm error Missing: wrap-ansi-cjs@7.0.0 from lock file\nnpm error Missing: lru-cache@10.4.3 from lock file\nnpm error Missing: eastasianwidth@0.2.0 from lock file\nnpm error Missing: emoji-regex@9.2.2 from lock file\nnpm error Missing: ansi-regex@6.2.2 from lock file\nnpm error Missing: ansi-styles@6.2.3 from lock file\nnpm error Missing: brace-expansion@2.0.2 from lock file\nnpm error Missing: minimatch@9.0.5 from lock file\nnpm error Missing: brace-expansion@2.0.2 from lock file\nnpm error Missing: minimatch@9.0.5 from lock file\nnpm error Missing: brace-expansion@2.0.2 from lock file\nnpm error Missing: locate-path@5.0.0 from lock file\nnpm error Missing: p-locate@4.1.0 from lock file\nnpm error Missing: p-limit@2.3.0 from lock file\nnpm error\nnpm error Clean install a project\nnpm error\nnpm error Usage:\nnpm error npm ci\nnpm error\nnpm error Options:\nnpm error [--install-strategy <hoisted|nested|shallow|linked>] [--legacy-bundling]\nnpm error [--global-style] [--omit <dev|optional|peer> [--omit <dev|optional|peer> ...]]\nnpm error [--include <prod|dev|optional|peer> [--include <prod|dev|optional|peer> ...]]\nnpm error [--strict-peer-deps] [--foreground-scripts] [--ignore-scripts] [--no-audit]\nnpm error [--no-bin-links] [--no-fund] [--dry-run]\nnpm error [-w|--workspace <workspace-name> [-w|--workspace <workspace-name> ...]]\nnpm error [-ws|--workspaces] [--include-workspace-root] [--install-links]\nnpm error\nnpm error aliases: clean-install, ic, install-clean, isntall-clean\nnpm error\nnpm error Run \"npm help ci\" for more info\nnpm error A complete log of this run can be found in: /www-data-home/.npm/_logs/2025-11-17T01_29_35_063Z-debug-0.log. For more details see the logs at https://console.cloud.google.com/cloud-build/builds;region=europe-west3/8628bd50-775e-446b-a58d-eaa6a98dfce7?project=388226025861."}}
[debug] [2025-11-17T01:30:21.363Z] Got source token undefined for region europe-west3
[debug] [2025-11-17T01:30:21.363Z] Checked if tokens are valid: true, expires at: 1763345488902
[debug] [2025-11-17T01:30:21.363Z] Checked if tokens are valid: true, expires at: 1763345488902
[debug] [2025-11-17T01:30:21.364Z] >>> [apiv2][query] PATCH https://cloudfunctions.googleapis.com/v2/projects/laura-butallo-web/locations/europe-west3/functions/onVideoFinalize updateMask=name%2CbuildConfig.runtime%2CbuildConfig.entryPoint%2CbuildConfig.source.storageSource.bucket%2CbuildConfig.source.storageSource.object%2CbuildConfig.environmentVariables%2CbuildConfig.sourceToken%2CserviceConfig.environmentVariables%2CserviceConfig.ingressSettings%2CserviceConfig.timeoutSeconds%2CserviceConfig.serviceAccountEmail%2CserviceConfig.availableMemory%2CserviceConfig.minInstanceCount%2CserviceConfig.maxInstanceCount%2CserviceConfig.maxInstanceRequestConcurrency%2CserviceConfig.availableCpu%2CserviceConfig.vpcConnector%2CserviceConfig.vpcConnectorEgressSettings%2Clabels%2CeventTrigger.eventType%2CeventTrigger.retryPolicy%2CeventTrigger.eventFilters%2CeventTrigger.triggerRegion
[debug] [2025-11-17T01:30:21.364Z] >>> [apiv2][body] PATCH https://cloudfunctions.googleapis.com/v2/projects/laura-butallo-web/locations/europe-west3/functions/onVideoFinalize {"name":"projects/laura-butallo-web/locations/europe-west3/functions/onVideoFinalize","buildConfig":{"runtime":"nodejs22","entryPoint":"onVideoFinalize","source":{"storageSource":{"bucket":"gcf-v2-uploads-388226025861.europe-west3.cloudfunctions.appspot.com","object":"5b2a06e4-6e59-43a9-9bd1-15cf76b9f936.zip"}},"environmentVariables":{"GOOGLE_NODE_RUN_SCRIPTS":""}},"serviceConfig":{"environmentVariables":{"FIREBASE_CONFIG":"{\"projectId\":\"laura-butallo-web\",\"storageBucket\":\"laura-butallo-web.firebasestorage.app\"}","GCLOUD_PROJECT":"laura-butallo-web","EVENTARC_CLOUD_EVENT_SOURCE":"projects/laura-butallo-web/locations/europe-west3/services/onVideoFinalize","FUNCTION_SIGNATURE_TYPE":"cloudevent","FUNCTION_TARGET":"onVideoFinalize","LOG_EXECUTION_ID":"true"},"ingressSettings":null,"timeoutSeconds":null,"serviceAccountEmail":null,"availableMemory":"256Mi","minInstanceCount":null,"maxInstanceCount":10,"maxInstanceRequestConcurrency":80,"availableCpu":"1","vpcConnector":null,"vpcConnectorEgressSettings":null},"labels":{"deployment-tool":"cli-firebase","firebase-functions-hash":"d11ed15f804aa79f0f35be9712b2470e6e47da66"},"eventTrigger":{"eventType":"google.cloud.storage.object.v1.finalized","retryPolicy":"RETRY_POLICY_DO_NOT_RETRY","eventFilters":[{"attribute":"bucket","value":"laura-butallo-web.firebasestorage.app"}],"triggerRegion":"eu"}}
[error] Build failed with status: FAILURE and message: npm error code EUSAGE
npm error
npm error `npm ci` can only install packages when your package.json and package-lock.json or npm-shrinkwrap.json are in sync. Please update your lock file with `npm install` before continuing.
npm error
npm error Missing: jest@30.2.0 from lock file
npm error Missing: @jest/core@30.2.0 from lock file
npm error Missing: @jest/types@30.2.0 from lock file
npm error Missing: import-local@3.2.0 from lock file
npm error Missing: jest-cli@30.2.0 from lock file
npm error Missing: @jest/console@30.2.0 from lock file
npm error Missing: @jest/pattern@30.0.1 from lock file
npm error Missing: @jest/reporters@30.2.0 from lock file
npm error Missing: @jest/test-result@30.2.0 from lock file
npm error Missing: @jest/transform@30.2.0 from lock file
npm error Missing: ansi-escapes@4.3.2 from lock file
npm error Missing: ci-info@4.3.1 from lock file
npm error Missing: exit-x@0.2.2 from lock file
npm error Missing: graceful-fs@4.2.11 from lock file
npm error Missing: jest-changed-files@30.2.0 from lock file
npm error Missing: jest-config@30.2.0 from lock file
npm error Missing: jest-haste-map@30.2.0 from lock file
npm error Missing: jest-message-util@30.2.0 from lock file
npm error Missing: jest-regex-util@30.0.1 from lock file
npm error Missing: jest-resolve@30.2.0 from lock file
npm error Missing: jest-resolve-dependencies@30.2.0 from lock file
npm error Missing: jest-runner@30.2.0 from lock file
npm error Missing: jest-runtime@30.2.0 from lock file
npm error Missing: jest-snapshot@30.2.0 from lock file
npm error Missing: jest-util@30.2.0 from lock file
npm error Missing: jest-validate@30.2.0 from lock file
npm error Missing: jest-watcher@30.2.0 from lock file
npm error Missing: pretty-format@30.2.0 from lock file
npm error Missing: @bcoe/v8-coverage@0.2.3 from lock file
npm error Missing: @jridgewell/trace-mapping@0.3.31 from lock file
npm error Missing: collect-v8-coverage@1.0.3 from lock file
npm error Missing: glob@10.4.5 from lock file
npm error Missing: istanbul-lib-coverage@3.2.2 from lock file
npm error Missing: istanbul-lib-instrument@6.0.3 from lock file
npm error Missing: istanbul-lib-report@3.0.1 from lock file
npm error Missing: istanbul-lib-source-maps@5.0.6 from lock file
npm error Missing: istanbul-reports@3.2.0 from lock file
npm error Missing: jest-worker@30.2.0 from lock file
npm error Missing: string-length@4.0.2 from lock file
npm error Missing: v8-to-istanbul@9.3.0 from lock file
npm error Missing: @types/istanbul-lib-coverage@2.0.6 from lock file
npm error Missing: @babel/core@7.28.5 from lock file
npm error Missing: babel-plugin-istanbul@7.0.1 from lock file
npm error Missing: convert-source-map@2.0.0 from lock file
npm error Missing: pirates@4.0.7 from lock file
npm error Missing: write-file-atomic@5.0.1 from lock file
npm error Missing: @babel/code-frame@7.27.1 from lock file
npm error Missing: @babel/generator@7.28.5 from lock file
npm error Missing: @babel/helper-compilation-targets@7.27.2 from lock file
npm error Missing: @babel/helper-module-transforms@7.28.3 from lock file
npm error Missing: @babel/helpers@7.28.4 from lock file
npm error Missing: @babel/parser@7.28.5 from lock file
npm error Missing: @babel/template@7.27.2 from lock file
npm error Missing: @babel/traverse@7.28.5 from lock file
npm error Missing: @babel/types@7.28.5 from lock file
npm error Missing: @jridgewell/remapping@2.3.5 from lock file
npm error Missing: gensync@1.0.0-beta.2 from lock file
npm error Missing: json5@2.2.3 from lock file
npm error Missing: semver@6.3.1 from lock file
npm error Missing: @babel/helper-validator-identifier@7.28.5 from lock file
npm error Missing: js-tokens@4.0.0 from lock file
npm error Missing: picocolors@1.1.1 from lock file
npm error Missing: @jridgewell/gen-mapping@0.3.13 from lock file
npm error Missing: jsesc@3.1.0 from lock file
npm error Missing: @babel/compat-data@7.28.5 from lock file
npm error Missing: @babel/helper-validator-option@7.27.1 from lock file
npm error Missing: browserslist@4.28.0 from lock file
npm error Missing: lru-cache@5.1.1 from lock file
npm error Missing: semver@6.3.1 from lock file
npm error Missing: @babel/helper-module-imports@7.27.1 from lock file
npm error Missing: @babel/helper-globals@7.28.0 from lock file
npm error Missing: @babel/helper-string-parser@7.27.1 from lock file
npm error Missing: @jest/schemas@30.0.5 from lock file
npm error Missing: @types/istanbul-reports@3.0.4 from lock file
npm error Missing: @types/yargs@17.0.35 from lock file
npm error Missing: @sinclair/typebox@0.34.41 from lock file
npm error Missing: @jridgewell/sourcemap-codec@1.5.5 from lock file
npm error Missing: @jridgewell/resolve-uri@3.1.2 from lock file
npm error Missing: @types/istanbul-lib-report@3.0.3 from lock file
npm error Missing: @types/yargs-parser@21.0.3 from lock file
npm error Missing: type-fest@0.21.3 from lock file
npm error Missing: @babel/helper-plugin-utils@7.27.1 from lock file
npm error Missing: @istanbuljs/load-nyc-config@1.1.0 from lock file
npm error Missing: @istanbuljs/schema@0.1.3 from lock file
npm error Missing: test-exclude@6.0.0 from lock file
npm error Missing: camelcase@5.3.1 from lock file
npm error Missing: find-up@4.1.0 from lock file
npm error Missing: get-package-type@0.1.0 from lock file
npm error Missing: js-yaml@3.14.2 from lock file
npm error Missing: resolve-from@5.0.0 from lock file
npm error Missing: baseline-browser-mapping@2.8.28 from lock file
npm error Missing: caniuse-lite@1.0.30001755 from lock file
npm error Missing: electron-to-chromium@1.5.254 from lock file
npm error Missing: node-releases@2.0.27 from lock file
npm error Missing: update-browserslist-db@1.1.4 from lock file
npm error Missing: pkg-dir@4.2.0 from lock file
npm error Missing: resolve-cwd@3.0.0 from lock file
npm error Missing: make-dir@4.0.0 from lock file
npm error Missing: html-escaper@2.0.2 from lock file
npm error Missing: execa@5.1.1 from lock file
npm error Missing: get-stream@6.0.1 from lock file
npm error Missing: human-signals@2.1.0 from lock file
npm error Missing: merge-stream@2.0.0 from lock file
npm error Missing: npm-run-path@4.0.1 from lock file
npm error Missing: onetime@5.1.2 from lock file
npm error Missing: signal-exit@3.0.7 from lock file
npm error Missing: strip-final-newline@2.0.0 from lock file
npm error Missing: @jest/get-type@30.1.0 from lock file
npm error Missing: @jest/test-sequencer@30.2.0 from lock file
npm error Missing: babel-jest@30.2.0 from lock file
npm error Missing: deepmerge@4.3.1 from lock file
npm error Missing: glob@10.4.5 from lock file
npm error Missing: jest-circus@30.2.0 from lock file
npm error Missing: jest-docblock@30.2.0 from lock file
npm error Missing: jest-environment-node@30.2.0 from lock file
npm error Missing: parse-json@5.2.0 from lock file
npm error Missing: @types/babel__core@7.20.5 from lock file
npm error Missing: babel-preset-jest@30.2.0 from lock file
npm error Missing: @types/babel__generator@7.27.0 from lock file
npm error Missing: @types/babel__template@7.4.4 from lock file
npm error Missing: @types/babel__traverse@7.28.0 from lock file
npm error Missing: babel-plugin-jest-hoist@30.2.0 from lock file
npm error Missing: babel-preset-current-node-syntax@1.2.0 from lock file
npm error Missing: @babel/plugin-syntax-async-generators@7.8.4 from lock file
npm error Missing: @babel/plugin-syntax-bigint@7.8.3 from lock file
npm error Missing: @babel/plugin-syntax-class-properties@7.12.13 from lock file
npm error Missing: @babel/plugin-syntax-class-static-block@7.14.5 from lock file
npm error Missing: @babel/plugin-syntax-import-attributes@7.27.1 from lock file
npm error Missing: @babel/plugin-syntax-import-meta@7.10.4 from lock file
npm error Missing: @babel/plugin-syntax-json-strings@7.8.3 from lock file
npm error Missing: @babel/plugin-syntax-logical-assignment-operators@7.10.4 from lock file
npm error Missing: @babel/plugin-syntax-nullish-coalescing-operator@7.8.3 from lock file
npm error Missing: @babel/plugin-syntax-numeric-separator@7.10.4 from lock file
npm error Missing: @babel/plugin-syntax-object-rest-spread@7.8.3 from lock file
npm error Missing: @babel/plugin-syntax-optional-catch-binding@7.8.3 from lock file
npm error Missing: @babel/plugin-syntax-optional-chaining@7.8.3 from lock file
npm error Missing: @babel/plugin-syntax-private-property-in-object@7.14.5 from lock file
npm error Missing: @babel/plugin-syntax-top-level-await@7.14.5 from lock file
npm error Missing: @jest/environment@30.2.0 from lock file
npm error Missing: @jest/expect@30.2.0 from lock file
npm error Missing: co@4.6.0 from lock file
npm error Missing: dedent@1.7.0 from lock file
npm error Missing: is-generator-fn@2.1.0 from lock file
npm error Missing: jest-each@30.2.0 from lock file
npm error Missing: jest-matcher-utils@30.2.0 from lock file
npm error Missing: pure-rand@7.0.1 from lock file
npm error Missing: stack-utils@2.0.6 from lock file
npm error Missing: @jest/fake-timers@30.2.0 from lock file
npm error Missing: jest-mock@30.2.0 from lock file
npm error Missing: expect@30.2.0 from lock file
npm error Missing: @sinonjs/fake-timers@13.0.5 from lock file
npm error Missing: @sinonjs/commons@3.0.1 from lock file
npm error Missing: type-detect@4.0.8 from lock file
npm error Missing: @jest/expect-utils@30.2.0 from lock file
npm error Missing: detect-newline@3.1.0 from lock file
npm error Missing: anymatch@3.1.3 from lock file
npm error Missing: fb-watchman@2.0.2 from lock file
npm error Missing: fsevents@2.3.3 from lock file
npm error Missing: walker@1.0.8 from lock file
npm error Missing: normalize-path@3.0.0 from lock file
npm error Missing: bser@2.1.1 from lock file
npm error Missing: node-int64@0.4.0 from lock file
npm error Missing: jest-diff@30.2.0 from lock file
npm error Missing: @jest/diff-sequences@30.0.1 from lock file
npm error Missing: @types/stack-utils@2.0.3 from lock file
npm error Missing: jest-pnp-resolver@1.2.3 from lock file
npm error Missing: unrs-resolver@1.11.1 from lock file
npm error Missing: emittery@0.13.1 from lock file
npm error Missing: jest-leak-detector@30.2.0 from lock file
npm error Missing: source-map-support@0.5.13 from lock file
npm error Missing: @jest/globals@30.2.0 from lock file
npm error Missing: @jest/source-map@30.0.1 from lock file
npm error Missing: cjs-module-lexer@2.1.1 from lock file
npm error Missing: glob@10.4.5 from lock file
npm error Missing: strip-bom@4.0.0 from lock file
npm error Missing: @babel/plugin-syntax-jsx@7.27.1 from lock file
npm error Missing: @babel/plugin-syntax-typescript@7.27.1 from lock file
npm error Missing: @jest/snapshot-utils@30.2.0 from lock file
npm error Missing: synckit@0.11.11 from lock file
npm error Missing: picomatch@4.0.3 from lock file
npm error Missing: camelcase@6.3.0 from lock file
npm error Missing: leven@3.1.0 from lock file
npm error Missing: supports-color@8.1.1 from lock file
npm error Missing: mimic-fn@2.1.0 from lock file
npm error Missing: error-ex@1.3.4 from lock file
npm error Missing: json-parse-even-better-errors@2.3.1 from lock file
npm error Missing: lines-and-columns@1.2.4 from lock file
npm error Missing: is-arrayish@0.2.1 from lock file
npm error Missing: find-up@4.1.0 from lock file
npm error Missing: ansi-styles@5.2.0 from lock file
npm error Missing: react-is@18.3.1 from lock file
npm error Missing: resolve-from@5.0.0 from lock file
npm error Missing: buffer-from@1.1.2 from lock file
npm error Missing: source-map@0.6.1 from lock file
npm error Missing: escape-string-regexp@2.0.0 from lock file
npm error Missing: char-regex@1.0.2 from lock file
npm error Missing: @pkgr/core@0.2.9 from lock file
npm error Missing: @unrs/resolver-binding-android-arm-eabi@1.11.1 from lock file
npm error Missing: @unrs/resolver-binding-android-arm64@1.11.1 from lock file
npm error Missing: @unrs/resolver-binding-darwin-arm64@1.11.1 from lock file
npm error Missing: @unrs/resolver-binding-darwin-x64@1.11.1 from lock file
npm error Missing: @unrs/resolver-binding-freebsd-x64@1.11.1 from lock file
npm error Missing: @unrs/resolver-binding-linux-arm-gnueabihf@1.11.1 from lock file
npm error Missing: @unrs/resolver-binding-linux-arm-musleabihf@1.11.1 from lock file
npm error Missing: @unrs/resolver-binding-linux-arm64-gnu@1.11.1 from lock file
npm error Missing: @unrs/resolver-binding-linux-arm64-musl@1.11.1 from lock file
npm error Missing: @unrs/resolver-binding-linux-ppc64-gnu@1.11.1 from lock file
npm error Missing: @unrs/resolver-binding-linux-riscv64-gnu@1.11.1 from lock file
npm error Missing: @unrs/resolver-binding-linux-riscv64-musl@1.11.1 from lock file
npm error Missing: @unrs/resolver-binding-linux-s390x-gnu@1.11.1 from lock file
npm error Missing: @unrs/resolver-binding-linux-x64-gnu@1.11.1 from lock file
npm error Missing: @unrs/resolver-binding-linux-x64-musl@1.11.1 from lock file
npm error Missing: @unrs/resolver-binding-wasm32-wasi@1.11.1 from lock file
npm error Missing: @unrs/resolver-binding-win32-arm64-msvc@1.11.1 from lock file
npm error Missing: @unrs/resolver-binding-win32-ia32-msvc@1.11.1 from lock file
npm error Missing: @unrs/resolver-binding-win32-x64-msvc@1.11.1 from lock file
npm error Missing: napi-postinstall@0.3.4 from lock file
npm error Missing: @napi-rs/wasm-runtime@0.2.12 from lock file
npm error Missing: @emnapi/core@1.7.1 from lock file
npm error Missing: @emnapi/runtime@1.7.1 from lock file
npm error Missing: @tybys/wasm-util@0.10.1 from lock file
npm error Missing: @emnapi/wasi-threads@1.1.0 from lock file
npm error Missing: makeerror@1.0.12 from lock file
npm error Missing: tmpl@1.0.5 from lock file
npm error Missing: signal-exit@4.1.0 from lock file
npm error Missing: yallist@3.1.1 from lock file
npm error Missing: locate-path@5.0.0 from lock file
npm error Missing: argparse@1.0.10 from lock file
npm error Missing: esprima@4.0.1 from lock file
npm error Missing: sprintf-js@1.0.3 from lock file
npm error Missing: p-locate@4.1.0 from lock file
npm error Missing: p-limit@2.3.0 from lock file
npm error Missing: p-try@2.2.0 from lock file
npm error Missing: foreground-child@3.3.1 from lock file
npm error Missing: jackspeak@3.4.3 from lock file
npm error Missing: minimatch@9.0.5 from lock file
npm error Missing: minipass@7.1.2 from lock file
npm error Missing: package-json-from-dist@1.0.1 from lock file
npm error Missing: path-scurry@1.11.1 from lock file
npm error Missing: signal-exit@4.1.0 from lock file
npm error Missing: @isaacs/cliui@8.0.2 from lock file
npm error Missing: @pkgjs/parseargs@0.11.0 from lock file
npm error Missing: string-width@5.1.2 from lock file
npm error Missing: string-width-cjs@4.2.3 from lock file
npm error Missing: strip-ansi@7.1.2 from lock file
npm error Missing: strip-ansi-cjs@6.0.1 from lock file
npm error Missing: wrap-ansi@8.1.0 from lock file
npm error Missing: wrap-ansi-cjs@7.0.0 from lock file
npm error Missing: lru-cache@10.4.3 from lock file
npm error Missing: eastasianwidth@0.2.0 from lock file
npm error Missing: emoji-regex@9.2.2 from lock file
npm error Missing: ansi-regex@6.2.2 from lock file
npm error Missing: ansi-styles@6.2.3 from lock file
npm error Missing: brace-expansion@2.0.2 from lock file
npm error Missing: minimatch@9.0.5 from lock file
npm error Missing: brace-expansion@2.0.2 from lock file
npm error Missing: minimatch@9.0.5 from lock file
npm error Missing: brace-expansion@2.0.2 from lock file
npm error Missing: locate-path@5.0.0 from lock file
npm error Missing: p-locate@4.1.0 from lock file
npm error Missing: p-limit@2.3.0 from lock file
npm error
npm error Clean install a project
npm error
npm error Usage:
npm error npm ci
npm error
npm error Options:
npm error [--install-strategy <hoisted|nested|shallow|linked>] [--legacy-bundling]
npm error [--global-style] [--omit <dev|optional|peer> [--omit <dev|optional|peer> ...]]
npm error [--include <prod|dev|optional|peer> [--include <prod|dev|optional|peer> ...]]
npm error [--strict-peer-deps] [--foreground-scripts] [--ignore-scripts] [--no-audit]
npm error [--no-bin-links] [--no-fund] [--dry-run]
npm error [-w|--workspace <workspace-name> [-w|--workspace <workspace-name> ...]]
npm error [-ws|--workspaces] [--include-workspace-root] [--install-links]
npm error
npm error aliases: clean-install, ic, install-clean, isntall-clean
npm error
npm error Run "npm help ci" for more info
npm error A complete log of this run can be found in: /www-data-home/.npm/_logs/2025-11-17T01_29_35_063Z-debug-0.log. For more details see the logs at https://console.cloud.google.com/cloud-build/builds;region=europe-west3/8628bd50-775e-446b-a58d-eaa6a98dfce7?project=388226025861.
[debug] [2025-11-17T01:30:22.520Z] <<< [apiv2][status] PATCH https://cloudfunctions.googleapis.com/v2/projects/laura-butallo-web/locations/europe-west3/functions/onVideoFinalize 200
[debug] [2025-11-17T01:30:22.520Z] <<< [apiv2][body] PATCH https://cloudfunctions.googleapis.com/v2/projects/laura-butallo-web/locations/europe-west3/functions/onVideoFinalize {"name":"projects/laura-butallo-web/locations/europe-west3/operations/operation-1763343021547-643c04a6a9f1e-3131d657-00444e65","metadata":{"@type":"type.googleapis.com/google.cloud.functions.v2.OperationMetadata","createTime":"2025-11-17T01:30:22.560394938Z","target":"projects/laura-butallo-web/locations/europe-west3/functions/onVideoFinalize","verb":"update","cancelRequested":false,"apiVersion":"v2"},"done":false}
[debug] [2025-11-17T01:30:22.521Z] Checked if tokens are valid: true, expires at: 1763345488902
[debug] [2025-11-17T01:30:22.521Z] Checked if tokens are valid: true, expires at: 1763345488902
[debug] [2025-11-17T01:30:22.521Z] >>> [apiv2][query] GET https://cloudfunctions.googleapis.com/v2/projects/laura-butallo-web/locations/europe-west3/operations/operation-1763343021547-643c04a6a9f1e-3131d657-00444e65 [none]
[debug] [2025-11-17T01:30:22.653Z] <<< [apiv2][status] GET https://cloudfunctions.googleapis.com/v2/projects/laura-butallo-web/locations/europe-west3/operations/operation-1763343021547-643c04a6a9f1e-3131d657-00444e65 200
[debug] [2025-11-17T01:30:22.653Z] <<< [apiv2][body] GET https://cloudfunctions.googleapis.com/v2/projects/laura-butallo-web/locations/europe-west3/operations/operation-1763343021547-643c04a6a9f1e-3131d657-00444e65 {"name":"projects/laura-butallo-web/locations/europe-west3/operations/operation-1763343021547-643c04a6a9f1e-3131d657-00444e65","metadata":{"@type":"type.googleapis.com/google.cloud.functions.v2.OperationMetadata","createTime":"2025-11-17T01:30:22.560394938Z","target":"projects/laura-butallo-web/locations/europe-west3/functions/onVideoFinalize","verb":"update","cancelRequested":false,"apiVersion":"v2","requestResource":{"@type":"type.googleapis.com/google.cloud.functions.v2.Function","name":"projects/laura-butallo-web/locations/europe-west3/functions/onVideoFinalize","buildConfig":{"runtime":"nodejs22","entryPoint":"onVideoFinalize","source":{"storageSource":{"bucket":"gcf-v2-sources-388226025861-europe-west3","object":"onVideoFinalize/function-source.zip","generation":"1763343022519398"}},"environmentVariables":{"GOOGLE_NODE_RUN_SCRIPTS":""},"dockerRepository":"projects/laura-butallo-web/locations/europe-west3/repositories/gcf-artifacts","sourceProvenance":{"resolvedStorageSource":{"bucket":"gcf-v2-sources-388226025861-europe-west3","object":"onVideoFinalize/function-source.zip","generation":"1763342023202701"}},"dockerRegistry":"ARTIFACT_REGISTRY","serviceAccount":"projects/laura-butallo-web/serviceAccounts/388226025861-compute@developer.gserviceaccount.com","automaticUpdatePolicy":{}},"serviceConfig":{"service":"projects/laura-butallo-web/locations/europe-west3/services/onvideofinalize","timeoutSeconds":60,"environmentVariables":{"FIREBASE_CONFIG":"{\"projectId\":\"laura-butallo-web\",\"storageBucket\":\"laura-butallo-web.firebasestorage.app\"}","GCLOUD_PROJECT":"laura-butallo-web","EVENTARC_CLOUD_EVENT_SOURCE":"projects/laura-butallo-web/locations/europe-west3/services/onVideoFinalize","FUNCTION_SIGNATURE_TYPE":"cloudevent","FUNCTION_TARGET":"onVideoFinalize","LOG_EXECUTION_ID":"true"},"maxInstanceCount":10,"ingressSettings":"ALLOW_ALL","uri":"https://onvideofinalize-iqcs3ho3pa-ey.a.run.app","serviceAccountEmail":"388226025861-compute@developer.gserviceaccount.com","availableMemory":"256Mi","allTrafficOnLatestRevision":true,"revision":"onvideofinalize-00001-nax","maxInstanceRequestConcurrency":80,"availableCpu":"1"},"eventTrigger":{"trigger":"projects/laura-butallo-web/locations/eu/triggers/onvideofinalize-821748","triggerRegion":"eu","eventType":"google.cloud.storage.object.v1.finalized","eventFilters":[{"attribute":"bucket","value":"laura-butallo-web.firebasestorage.app"}],"pubsubTopic":"projects/laura-butallo-web/topics/eventarc-eu-onvideofinalize-821748-574","serviceAccountEmail":"388226025861-compute@developer.gserviceaccount.com","retryPolicy":"RETRY_POLICY_DO_NOT_RETRY"},"state":"ACTIVE","labels":{"deployment-tool":"cli-firebase","firebase-functions-hash":"d11ed15f804aa79f0f35be9712b2470e6e47da66"},"environment":"GEN_2","url":"https://europe-west3-laura-butallo-web.cloudfunctions.net/onVideoFinalize","satisfiesPzs":true,"satisfiesPzi":true},"stages":[{"name":"BUILD","state":"NOT_STARTED"},{"name":"SERVICE","state":"NOT_STARTED"},{"name":"TRIGGER","state":"NOT_STARTED"}],"operationType":"UPDATE_FUNCTION"},"done":false}
[debug] [2025-11-17T01:30:23.153Z] [update-default-europe-west3-onVideoFinalize] Retrying task index 0
[debug] [2025-11-17T01:30:23.154Z] Checked if tokens are valid: true, expires at: 1763345488902
[debug] [2025-11-17T01:30:23.154Z] Checked if tokens are valid: true, expires at: 1763345488902
[debug] [2025-11-17T01:30:23.154Z] >>> [apiv2][query] GET https://cloudfunctions.googleapis.com/v2/projects/laura-butallo-web/locations/europe-west3/operations/operation-1763343021547-643c04a6a9f1e-3131d657-00444e65 [none]
[debug] [2025-11-17T01:30:23.272Z] <<< [apiv2][status] GET https://cloudfunctions.googleapis.com/v2/projects/laura-butallo-web/locations/europe-west3/operations/operation-1763343021547-643c04a6a9f1e-3131d657-00444e65 200
[debug] [2025-11-17T01:30:23.272Z] <<< [apiv2][body] GET https://cloudfunctions.googleapis.com/v2/projects/laura-butallo-web/locations/europe-west3/operations/operation-1763343021547-643c04a6a9f1e-3131d657-00444e65 {"name":"projects/laura-butallo-web/locations/europe-west3/operations/operation-1763343021547-643c04a6a9f1e-3131d657-00444e65","metadata":{"@type":"type.googleapis.com/google.cloud.functions.v2.OperationMetadata","createTime":"2025-11-17T01:30:22.560394938Z","target":"projects/laura-butallo-web/locations/europe-west3/functions/onVideoFinalize","verb":"update","cancelRequested":false,"apiVersion":"v2","requestResource":{"@type":"type.googleapis.com/google.cloud.functions.v2.Function","name":"projects/laura-butallo-web/locations/europe-west3/functions/onVideoFinalize","buildConfig":{"runtime":"nodejs22","entryPoint":"onVideoFinalize","source":{"storageSource":{"bucket":"gcf-v2-sources-388226025861-europe-west3","object":"onVideoFinalize/function-source.zip","generation":"1763343022519398"}},"environmentVariables":{"GOOGLE_NODE_RUN_SCRIPTS":""},"dockerRepository":"projects/laura-butallo-web/locations/europe-west3/repositories/gcf-artifacts","sourceProvenance":{"resolvedStorageSource":{"bucket":"gcf-v2-sources-388226025861-europe-west3","object":"onVideoFinalize/function-source.zip","generation":"1763342023202701"}},"dockerRegistry":"ARTIFACT_REGISTRY","serviceAccount":"projects/laura-butallo-web/serviceAccounts/388226025861-compute@developer.gserviceaccount.com","automaticUpdatePolicy":{}},"serviceConfig":{"service":"projects/laura-butallo-web/locations/europe-west3/services/onvideofinalize","timeoutSeconds":60,"environmentVariables":{"FIREBASE_CONFIG":"{\"projectId\":\"laura-butallo-web\",\"storageBucket\":\"laura-butallo-web.firebasestorage.app\"}","GCLOUD_PROJECT":"laura-butallo-web","EVENTARC_CLOUD_EVENT_SOURCE":"projects/laura-butallo-web/locations/europe-west3/services/onVideoFinalize","FUNCTION_SIGNATURE_TYPE":"cloudevent","FUNCTION_TARGET":"onVideoFinalize","LOG_EXECUTION_ID":"true"},"maxInstanceCount":10,"ingressSettings":"ALLOW_ALL","uri":"https://onvideofinalize-iqcs3ho3pa-ey.a.run.app","serviceAccountEmail":"388226025861-compute@developer.gserviceaccount.com","availableMemory":"256Mi","allTrafficOnLatestRevision":true,"revision":"onvideofinalize-00001-nax","maxInstanceRequestConcurrency":80,"availableCpu":"1"},"eventTrigger":{"trigger":"projects/laura-butallo-web/locations/eu/triggers/onvideofinalize-821748","triggerRegion":"eu","eventType":"google.cloud.storage.object.v1.finalized","eventFilters":[{"attribute":"bucket","value":"laura-butallo-web.firebasestorage.app"}],"pubsubTopic":"projects/laura-butallo-web/topics/eventarc-eu-onvideofinalize-821748-574","serviceAccountEmail":"388226025861-compute@developer.gserviceaccount.com","retryPolicy":"RETRY_POLICY_DO_NOT_RETRY"},"state":"ACTIVE","labels":{"deployment-tool":"cli-firebase","firebase-functions-hash":"d11ed15f804aa79f0f35be9712b2470e6e47da66"},"environment":"GEN_2","url":"https://europe-west3-laura-butallo-web.cloudfunctions.net/onVideoFinalize","satisfiesPzs":true,"satisfiesPzi":true},"stages":[{"name":"BUILD","state":"NOT_STARTED"},{"name":"SERVICE","state":"NOT_STARTED"},{"name":"TRIGGER","state":"NOT_STARTED"}],"operationType":"UPDATE_FUNCTION"},"done":false}
[debug] [2025-11-17T01:30:24.273Z] [update-default-europe-west3-onVideoFinalize] Retrying task index 0
[debug] [2025-11-17T01:30:24.273Z] Checked if tokens are valid: true, expires at: 1763345488902
[debug] [2025-11-17T01:30:24.274Z] Checked if tokens are valid: true, expires at: 1763345488902
[debug] [2025-11-17T01:30:24.274Z] >>> [apiv2][query] GET https://cloudfunctions.googleapis.com/v2/projects/laura-butallo-web/locations/europe-west3/operations/operation-1763343021547-643c04a6a9f1e-3131d657-00444e65 [none]
[debug] [2025-11-17T01:30:24.380Z] <<< [apiv2][status] GET https://cloudfunctions.googleapis.com/v2/projects/laura-butallo-web/locations/europe-west3/operations/operation-1763343021547-643c04a6a9f1e-3131d657-00444e65 200
[debug] [2025-11-17T01:30:24.380Z] <<< [apiv2][body] GET https://cloudfunctions.googleapis.com/v2/projects/laura-butallo-web/locations/europe-west3/operations/operation-1763343021547-643c04a6a9f1e-3131d657-00444e65 {"name":"projects/laura-butallo-web/locations/europe-west3/operations/operation-1763343021547-643c04a6a9f1e-3131d657-00444e65","metadata":{"@type":"type.googleapis.com/google.cloud.functions.v2.OperationMetadata","createTime":"2025-11-17T01:30:22.560394938Z","target":"projects/laura-butallo-web/locations/europe-west3/functions/onVideoFinalize","verb":"update","cancelRequested":false,"apiVersion":"v2","requestResource":{"@type":"type.googleapis.com/google.cloud.functions.v2.Function","name":"projects/laura-butallo-web/locations/europe-west3/functions/onVideoFinalize","buildConfig":{"runtime":"nodejs22","entryPoint":"onVideoFinalize","source":{"storageSource":{"bucket":"gcf-v2-sources-388226025861-europe-west3","object":"onVideoFinalize/function-source.zip","generation":"1763343022519398"}},"environmentVariables":{"GOOGLE_NODE_RUN_SCRIPTS":""},"dockerRepository":"projects/laura-butallo-web/locations/europe-west3/repositories/gcf-artifacts","sourceProvenance":{"resolvedStorageSource":{"bucket":"gcf-v2-sources-388226025861-europe-west3","object":"onVideoFinalize/function-source.zip","generation":"1763342023202701"}},"dockerRegistry":"ARTIFACT_REGISTRY","serviceAccount":"projects/laura-butallo-web/serviceAccounts/388226025861-compute@developer.gserviceaccount.com","automaticUpdatePolicy":{}},"serviceConfig":{"service":"projects/laura-butallo-web/locations/europe-west3/services/onvideofinalize","timeoutSeconds":60,"environmentVariables":{"FIREBASE_CONFIG":"{\"projectId\":\"laura-butallo-web\",\"storageBucket\":\"laura-butallo-web.firebasestorage.app\"}","GCLOUD_PROJECT":"laura-butallo-web","EVENTARC_CLOUD_EVENT_SOURCE":"projects/laura-butallo-web/locations/europe-west3/services/onVideoFinalize","FUNCTION_SIGNATURE_TYPE":"cloudevent","FUNCTION_TARGET":"onVideoFinalize","LOG_EXECUTION_ID":"true"},"maxInstanceCount":10,"ingressSettings":"ALLOW_ALL","uri":"https://onvideofinalize-iqcs3ho3pa-ey.a.run.app","serviceAccountEmail":"388226025861-compute@developer.gserviceaccount.com","availableMemory":"256Mi","allTrafficOnLatestRevision":true,"revision":"onvideofinalize-00001-nax","maxInstanceRequestConcurrency":80,"availableCpu":"1"},"eventTrigger":{"trigger":"projects/laura-butallo-web/locations/eu/triggers/onvideofinalize-821748","triggerRegion":"eu","eventType":"google.cloud.storage.object.v1.finalized","eventFilters":[{"attribute":"bucket","value":"laura-butallo-web.firebasestorage.app"}],"pubsubTopic":"projects/laura-butallo-web/topics/eventarc-eu-onvideofinalize-821748-574","serviceAccountEmail":"388226025861-compute@developer.gserviceaccount.com","retryPolicy":"RETRY_POLICY_DO_NOT_RETRY"},"state":"ACTIVE","labels":{"deployment-tool":"cli-firebase","firebase-functions-hash":"d11ed15f804aa79f0f35be9712b2470e6e47da66"},"environment":"GEN_2","url":"https://europe-west3-laura-butallo-web.cloudfunctions.net/onVideoFinalize","satisfiesPzs":true,"satisfiesPzi":true},"stages":[{"name":"BUILD","message":"Build in progress","state":"IN_PROGRESS","resource":"projects/388226025861/locations/europe-west3/builds/f6535671-ce36-4aa5-88d2-ed3bba4ca5b1","resourceUri":"https://console.cloud.google.com/cloud-build/builds;region=europe-west3/f6535671-ce36-4aa5-88d2-ed3bba4ca5b1?project=388226025861"},{"name":"SERVICE","state":"NOT_STARTED"},{"name":"TRIGGER","state":"NOT_STARTED"}],"operationType":"UPDATE_FUNCTION","buildName":"projects/388226025861/locations/europe-west3/builds/f6535671-ce36-4aa5-88d2-ed3bba4ca5b1"},"done":false}
[debug] [2025-11-17T01:30:26.380Z] [update-default-europe-west3-onVideoFinalize] Retrying task index 0
[debug] [2025-11-17T01:30:26.380Z] Checked if tokens are valid: true, expires at: 1763345488902
[debug] [2025-11-17T01:30:26.380Z] Checked if tokens are valid: true, expires at: 1763345488902
[debug] [2025-11-17T01:30:26.381Z] >>> [apiv2][query] GET https://cloudfunctions.googleapis.com/v2/projects/laura-butallo-web/locations/europe-west3/operations/operation-1763343021547-643c04a6a9f1e-3131d657-00444e65 [none]
[debug] [2025-11-17T01:30:26.477Z] <<< [apiv2][status] GET https://cloudfunctions.googleapis.com/v2/projects/laura-butallo-web/locations/europe-west3/operations/operation-1763343021547-643c04a6a9f1e-3131d657-00444e65 200
[debug] [2025-11-17T01:30:26.477Z] <<< [apiv2][body] GET https://cloudfunctions.googleapis.com/v2/projects/laura-butallo-web/locations/europe-west3/operations/operation-1763343021547-643c04a6a9f1e-3131d657-00444e65 {"name":"projects/laura-butallo-web/locations/europe-west3/operations/operation-1763343021547-643c04a6a9f1e-3131d657-00444e65","metadata":{"@type":"type.googleapis.com/google.cloud.functions.v2.OperationMetadata","createTime":"2025-11-17T01:30:22.560394938Z","target":"projects/laura-butallo-web/locations/europe-west3/functions/onVideoFinalize","verb":"update","cancelRequested":false,"apiVersion":"v2","requestResource":{"@type":"type.googleapis.com/google.cloud.functions.v2.Function","name":"projects/laura-butallo-web/locations/europe-west3/functions/onVideoFinalize","buildConfig":{"runtime":"nodejs22","entryPoint":"onVideoFinalize","source":{"storageSource":{"bucket":"gcf-v2-sources-388226025861-europe-west3","object":"onVideoFinalize/function-source.zip","generation":"1763343022519398"}},"environmentVariables":{"GOOGLE_NODE_RUN_SCRIPTS":""},"dockerRepository":"projects/laura-butallo-web/locations/europe-west3/repositories/gcf-artifacts","sourceProvenance":{"resolvedStorageSource":{"bucket":"gcf-v2-sources-388226025861-europe-west3","object":"onVideoFinalize/function-source.zip","generation":"1763342023202701"}},"dockerRegistry":"ARTIFACT_REGISTRY","serviceAccount":"projects/laura-butallo-web/serviceAccounts/388226025861-compute@developer.gserviceaccount.com","automaticUpdatePolicy":{}},"serviceConfig":{"service":"projects/laura-butallo-web/locations/europe-west3/services/onvideofinalize","timeoutSeconds":60,"environmentVariables":{"FIREBASE_CONFIG":"{\"projectId\":\"laura-butallo-web\",\"storageBucket\":\"laura-butallo-web.firebasestorage.app\"}","GCLOUD_PROJECT":"laura-butallo-web","EVENTARC_CLOUD_EVENT_SOURCE":"projects/laura-butallo-web/locations/europe-west3/services/onVideoFinalize","FUNCTION_SIGNATURE_TYPE":"cloudevent","FUNCTION_TARGET":"onVideoFinalize","LOG_EXECUTION_ID":"true"},"maxInstanceCount":10,"ingressSettings":"ALLOW_ALL","uri":"https://onvideofinalize-iqcs3ho3pa-ey.a.run.app","serviceAccountEmail":"388226025861-compute@developer.gserviceaccount.com","availableMemory":"256Mi","allTrafficOnLatestRevision":true,"revision":"onvideofinalize-00001-nax","maxInstanceRequestConcurrency":80,"availableCpu":"1"},"eventTrigger":{"trigger":"projects/laura-butallo-web/locations/eu/triggers/onvideofinalize-821748","triggerRegion":"eu","eventType":"google.cloud.storage.object.v1.finalized","eventFilters":[{"attribute":"bucket","value":"laura-butallo-web.firebasestorage.app"}],"pubsubTopic":"projects/laura-butallo-web/topics/eventarc-eu-onvideofinalize-821748-574","serviceAccountEmail":"388226025861-compute@developer.gserviceaccount.com","retryPolicy":"RETRY_POLICY_DO_NOT_RETRY"},"state":"ACTIVE","labels":{"deployment-tool":"cli-firebase","firebase-functions-hash":"d11ed15f804aa79f0f35be9712b2470e6e47da66"},"environment":"GEN_2","url":"https://europe-west3-laura-butallo-web.cloudfunctions.net/onVideoFinalize","satisfiesPzs":true,"satisfiesPzi":true},"stages":[{"name":"BUILD","message":"Build in progress","state":"IN_PROGRESS","resource":"projects/388226025861/locations/europe-west3/builds/f6535671-ce36-4aa5-88d2-ed3bba4ca5b1","resourceUri":"https://console.cloud.google.com/cloud-build/builds;region=europe-west3/f6535671-ce36-4aa5-88d2-ed3bba4ca5b1?project=388226025861"},{"name":"SERVICE","state":"NOT_STARTED"},{"name":"TRIGGER","state":"NOT_STARTED"}],"operationType":"UPDATE_FUNCTION","buildName":"projects/388226025861/locations/europe-west3/builds/f6535671-ce36-4aa5-88d2-ed3bba4ca5b1"},"done":false}
[debug] [2025-11-17T01:30:28.354Z] [update-default-us-central1-generateDownloadUrl] Retrying task index 0
[debug] [2025-11-17T01:30:28.355Z] Checked if tokens are valid: true, expires at: 1763345488902
[debug] [2025-11-17T01:30:28.355Z] Checked if tokens are valid: true, expires at: 1763345488902
[debug] [2025-11-17T01:30:28.356Z] >>> [apiv2][query] GET https://cloudfunctions.googleapis.com/v2/projects/laura-butallo-web/locations/us-central1/operations/operation-1763342954066-643c04664f07d-a28676e0-4f81122c [none]
[debug] [2025-11-17T01:30:29.061Z] <<< [apiv2][status] GET https://cloudfunctions.googleapis.com/v2/projects/laura-butallo-web/locations/us-central1/operations/operation-1763342954066-643c04664f07d-a28676e0-4f81122c 200
[debug] [2025-11-17T01:30:29.061Z] <<< [apiv2][body] GET https://cloudfunctions.googleapis.com/v2/projects/laura-butallo-web/locations/us-central1/operations/operation-1763342954066-643c04664f07d-a28676e0-4f81122c {"name":"projects/laura-butallo-web/locations/us-central1/operations/operation-1763342954066-643c04664f07d-a28676e0-4f81122c","metadata":{"@type":"type.googleapis.com/google.cloud.functions.v2.OperationMetadata","createTime":"2025-11-17T01:29:15.474345866Z","endTime":"2025-11-17T01:30:19.250965612Z","target":"projects/laura-butallo-web/locations/us-central1/functions/generateDownloadUrl","verb":"update","cancelRequested":false,"apiVersion":"v2","requestResource":{"@type":"type.googleapis.com/google.cloud.functions.v2.Function","name":"projects/laura-butallo-web/locations/us-central1/functions/generateDownloadUrl","buildConfig":{"runtime":"nodejs22","entryPoint":"generateDownloadUrl","source":{"storageSource":{"bucket":"gcf-v2-sources-388226025861-us-central1","object":"generateDownloadUrl/function-source.zip","generation":"1763342955423545"}},"environmentVariables":{"GOOGLE_NODE_RUN_SCRIPTS":""},"dockerRepository":"projects/laura-butallo-web/locations/us-central1/repositories/gcf-artifacts","sourceProvenance":{"resolvedStorageSource":{"bucket":"gcf-v2-sources-388226025861-us-central1","object":"generateDownloadUrl/function-source.zip","generation":"1763341907041287"}},"dockerRegistry":"ARTIFACT_REGISTRY","serviceAccount":"projects/laura-butallo-web/serviceAccounts/388226025861-compute@developer.gserviceaccount.com","automaticUpdatePolicy":{}},"serviceConfig":{"service":"projects/laura-butallo-web/locations/us-central1/services/generatedownloadurl","timeoutSeconds":60,"environmentVariables":{"FIREBASE_CONFIG":"{\"projectId\":\"laura-butallo-web\",\"storageBucket\":\"laura-butallo-web.firebasestorage.app\"}","GCLOUD_PROJECT":"laura-butallo-web","EVENTARC_CLOUD_EVENT_SOURCE":"projects/laura-butallo-web/locations/us-central1/services/generateDownloadUrl","FUNCTION_TARGET":"generateDownloadUrl","LOG_EXECUTION_ID":"true"},"maxInstanceCount":10,"ingressSettings":"ALLOW_ALL","uri":"https://generatedownloadurl-iqcs3ho3pa-uc.a.run.app","serviceAccountEmail":"388226025861-compute@developer.gserviceaccount.com","availableMemory":"256Mi","allTrafficOnLatestRevision":true,"revision":"generatedownloadurl-00003-tuz","maxInstanceRequestConcurrency":80,"availableCpu":"1"},"state":"ACTIVE","labels":{"deployment-tool":"cli-firebase","deployment-callable":"true","firebase-functions-hash":"d11ed15f804aa79f0f35be9712b2470e6e47da66"},"environment":"GEN_2","url":"https://us-central1-laura-butallo-web.cloudfunctions.net/generateDownloadUrl","satisfiesPzi":true},"stages":[{"name":"SERVICE","state":"NOT_STARTED"}],"operationType":"UPDATE_FUNCTION"},"done":true,"error":{"code":3,"message":"Build failed with status: FAILURE and message: npm error code EUSAGE\nnpm error\nnpm error `npm ci` can only install packages when your package.json and package-lock.json or npm-shrinkwrap.json are in sync. Please update your lock file with `npm install` before continuing.\nnpm error\nnpm error Missing: jest@30.2.0 from lock file\nnpm error Missing: @jest/core@30.2.0 from lock file\nnpm error Missing: @jest/types@30.2.0 from lock file\nnpm error Missing: import-local@3.2.0 from lock file\nnpm error Missing: jest-cli@30.2.0 from lock file\nnpm error Missing: @jest/console@30.2.0 from lock file\nnpm error Missing: @jest/pattern@30.0.1 from lock file\nnpm error Missing: @jest/reporters@30.2.0 from lock file\nnpm error Missing: @jest/test-result@30.2.0 from lock file\nnpm error Missing: @jest/transform@30.2.0 from lock file\nnpm error Missing: ansi-escapes@4.3.2 from lock file\nnpm error Missing: ci-info@4.3.1 from lock file\nnpm error Missing: exit-x@0.2.2 from lock file\nnpm error Missing: graceful-fs@4.2.11 from lock file\nnpm error Missing: jest-changed-files@30.2.0 from lock file\nnpm error Missing: jest-config@30.2.0 from lock file\nnpm error Missing: jest-haste-map@30.2.0 from lock file\nnpm error Missing: jest-message-util@30.2.0 from lock file\nnpm error Missing: jest-regex-util@30.0.1 from lock file\nnpm error Missing: jest-resolve@30.2.0 from lock file\nnpm error Missing: jest-resolve-dependencies@30.2.0 from lock file\nnpm error Missing: jest-runner@30.2.0 from lock file\nnpm error Missing: jest-runtime@30.2.0 from lock file\nnpm error Missing: jest-snapshot@30.2.0 from lock file\nnpm error Missing: jest-util@30.2.0 from lock file\nnpm error Missing: jest-validate@30.2.0 from lock file\nnpm error Missing: jest-watcher@30.2.0 from lock file\nnpm error Missing: pretty-format@30.2.0 from lock file\nnpm error Missing: @bcoe/v8-coverage@0.2.3 from lock file\nnpm error Missing: @jridgewell/trace-mapping@0.3.31 from lock file\nnpm error Missing: collect-v8-coverage@1.0.3 from lock file\nnpm error Missing: glob@10.4.5 from lock file\nnpm error Missing: istanbul-lib-coverage@3.2.2 from lock file\nnpm error Missing: istanbul-lib-instrument@6.0.3 from lock file\nnpm error Missing: istanbul-lib-report@3.0.1 from lock file\nnpm error Missing: istanbul-lib-source-maps@5.0.6 from lock file\nnpm error Missing: istanbul-reports@3.2.0 from lock file\nnpm error Missing: jest-worker@30.2.0 from lock file\nnpm error Missing: string-length@4.0.2 from lock file\nnpm error Missing: v8-to-istanbul@9.3.0 from lock file\nnpm error Missing: @types/istanbul-lib-coverage@2.0.6 from lock file\nnpm error Missing: @babel/core@7.28.5 from lock file\nnpm error Missing: babel-plugin-istanbul@7.0.1 from lock file\nnpm error Missing: convert-source-map@2.0.0 from lock file\nnpm error Missing: pirates@4.0.7 from lock file\nnpm error Missing: write-file-atomic@5.0.1 from lock file\nnpm error Missing: @babel/code-frame@7.27.1 from lock file\nnpm error Missing: @babel/generator@7.28.5 from lock file\nnpm error Missing: @babel/helper-compilation-targets@7.27.2 from lock file\nnpm error Missing: @babel/helper-module-transforms@7.28.3 from lock file\nnpm error Missing: @babel/helpers@7.28.4 from lock file\nnpm error Missing: @babel/parser@7.28.5 from lock file\nnpm error Missing: @babel/template@7.27.2 from lock file\nnpm error Missing: @babel/traverse@7.28.5 from lock file\nnpm error Missing: @babel/types@7.28.5 from lock file\nnpm error Missing: @jridgewell/remapping@2.3.5 from lock file\nnpm error Missing: gensync@1.0.0-beta.2 from lock file\nnpm error Missing: json5@2.2.3 from lock file\nnpm error Missing: semver@6.3.1 from lock file\nnpm error Missing: @babel/helper-validator-identifier@7.28.5 from lock file\nnpm error Missing: js-tokens@4.0.0 from lock file\nnpm error Missing: picocolors@1.1.1 from lock file\nnpm error Missing: @jridgewell/gen-mapping@0.3.13 from lock file\nnpm error Missing: jsesc@3.1.0 from lock file\nnpm error Missing: @babel/compat-data@7.28.5 from lock file\nnpm error Missing: @babel/helper-validator-option@7.27.1 from lock file\nnpm error Missing: browserslist@4.28.0 from lock file\nnpm error Missing: lru-cache@5.1.1 from lock file\nnpm error Missing: semver@6.3.1 from lock file\nnpm error Missing: @babel/helper-module-imports@7.27.1 from lock file\nnpm error Missing: @babel/helper-globals@7.28.0 from lock file\nnpm error Missing: @babel/helper-string-parser@7.27.1 from lock file\nnpm error Missing: @jest/schemas@30.0.5 from lock file\nnpm error Missing: @types/istanbul-reports@3.0.4 from lock file\nnpm error Missing: @types/yargs@17.0.35 from lock file\nnpm error Missing: @sinclair/typebox@0.34.41 from lock file\nnpm error Missing: @jridgewell/sourcemap-codec@1.5.5 from lock file\nnpm error Missing: @jridgewell/resolve-uri@3.1.2 from lock file\nnpm error Missing: @types/istanbul-lib-report@3.0.3 from lock file\nnpm error Missing: @types/yargs-parser@21.0.3 from lock file\nnpm error Missing: type-fest@0.21.3 from lock file\nnpm error Missing: @babel/helper-plugin-utils@7.27.1 from lock file\nnpm error Missing: @istanbuljs/load-nyc-config@1.1.0 from lock file\nnpm error Missing: @istanbuljs/schema@0.1.3 from lock file\nnpm error Missing: test-exclude@6.0.0 from lock file\nnpm error Missing: camelcase@5.3.1 from lock file\nnpm error Missing: find-up@4.1.0 from lock file\nnpm error Missing: get-package-type@0.1.0 from lock file\nnpm error Missing: js-yaml@3.14.2 from lock file\nnpm error Missing: resolve-from@5.0.0 from lock file\nnpm error Missing: baseline-browser-mapping@2.8.28 from lock file\nnpm error Missing: caniuse-lite@1.0.30001755 from lock file\nnpm error Missing: electron-to-chromium@1.5.254 from lock file\nnpm error Missing: node-releases@2.0.27 from lock file\nnpm error Missing: update-browserslist-db@1.1.4 from lock file\nnpm error Missing: pkg-dir@4.2.0 from lock file\nnpm error Missing: resolve-cwd@3.0.0 from lock file\nnpm error Missing: make-dir@4.0.0 from lock file\nnpm error Missing: html-escaper@2.0.2 from lock file\nnpm error Missing: execa@5.1.1 from lock file\nnpm error Missing: get-stream@6.0.1 from lock file\nnpm error Missing: human-signals@2.1.0 from lock file\nnpm error Missing: merge-stream@2.0.0 from lock file\nnpm error Missing: npm-run-path@4.0.1 from lock file\nnpm error Missing: onetime@5.1.2 from lock file\nnpm error Missing: signal-exit@3.0.7 from lock file\nnpm error Missing: strip-final-newline@2.0.0 from lock file\nnpm error Missing: @jest/get-type@30.1.0 from lock file\nnpm error Missing: @jest/test-sequencer@30.2.0 from lock file\nnpm error Missing: babel-jest@30.2.0 from lock file\nnpm error Missing: deepmerge@4.3.1 from lock file\nnpm error Missing: glob@10.4.5 from lock file\nnpm error Missing: jest-circus@30.2.0 from lock file\nnpm error Missing: jest-docblock@30.2.0 from lock file\nnpm error Missing: jest-environment-node@30.2.0 from lock file\nnpm error Missing: parse-json@5.2.0 from lock file\nnpm error Missing: @types/babel__core@7.20.5 from lock file\nnpm error Missing: babel-preset-jest@30.2.0 from lock file\nnpm error Missing: @types/babel__generator@7.27.0 from lock file\nnpm error Missing: @types/babel__template@7.4.4 from lock file\nnpm error Missing: @types/babel__traverse@7.28.0 from lock file\nnpm error Missing: babel-plugin-jest-hoist@30.2.0 from lock file\nnpm error Missing: babel-preset-current-node-syntax@1.2.0 from lock file\nnpm error Missing: @babel/plugin-syntax-async-generators@7.8.4 from lock file\nnpm error Missing: @babel/plugin-syntax-bigint@7.8.3 from lock file\nnpm error Missing: @babel/plugin-syntax-class-properties@7.12.13 from lock file\nnpm error Missing: @babel/plugin-syntax-class-static-block@7.14.5 from lock file\nnpm error Missing: @babel/plugin-syntax-import-attributes@7.27.1 from lock file\nnpm error Missing: @babel/plugin-syntax-import-meta@7.10.4 from lock file\nnpm error Missing: @babel/plugin-syntax-json-strings@7.8.3 from lock file\nnpm error Missing: @babel/plugin-syntax-logical-assignment-operators@7.10.4 from lock file\nnpm error Missing: @babel/plugin-syntax-nullish-coalescing-operator@7.8.3 from lock file\nnpm error Missing: @babel/plugin-syntax-numeric-separator@7.10.4 from lock file\nnpm error Missing: @babel/plugin-syntax-object-rest-spread@7.8.3 from lock file\nnpm error Missing: @babel/plugin-syntax-optional-catch-binding@7.8.3 from lock file\nnpm error Missing: @babel/plugin-syntax-optional-chaining@7.8.3 from lock file\nnpm error Missing: @babel/plugin-syntax-private-property-in-object@7.14.5 from lock file\nnpm error Missing: @babel/plugin-syntax-top-level-await@7.14.5 from lock file\nnpm error Missing: @jest/environment@30.2.0 from lock file\nnpm error Missing: @jest/expect@30.2.0 from lock file\nnpm error Missing: co@4.6.0 from lock file\nnpm error Missing: dedent@1.7.0 from lock file\nnpm error Missing: is-generator-fn@2.1.0 from lock file\nnpm error Missing: jest-each@30.2.0 from lock file\nnpm error Missing: jest-matcher-utils@30.2.0 from lock file\nnpm error Missing: pure-rand@7.0.1 from lock file\nnpm error Missing: stack-utils@2.0.6 from lock file\nnpm error Missing: @jest/fake-timers@30.2.0 from lock file\nnpm error Missing: jest-mock@30.2.0 from lock file\nnpm error Missing: expect@30.2.0 from lock file\nnpm error Missing: @sinonjs/fake-timers@13.0.5 from lock file\nnpm error Missing: @sinonjs/commons@3.0.1 from lock file\nnpm error Missing: type-detect@4.0.8 from lock file\nnpm error Missing: @jest/expect-utils@30.2.0 from lock file\nnpm error Missing: detect-newline@3.1.0 from lock file\nnpm error Missing: anymatch@3.1.3 from lock file\nnpm error Missing: fb-watchman@2.0.2 from lock file\nnpm error Missing: fsevents@2.3.3 from lock file\nnpm error Missing: walker@1.0.8 from lock file\nnpm error Missing: normalize-path@3.0.0 from lock file\nnpm error Missing: bser@2.1.1 from lock file\nnpm error Missing: node-int64@0.4.0 from lock file\nnpm error Missing: jest-diff@30.2.0 from lock file\nnpm error Missing: @jest/diff-sequences@30.0.1 from lock file\nnpm error Missing: @types/stack-utils@2.0.3 from lock file\nnpm error Missing: jest-pnp-resolver@1.2.3 from lock file\nnpm error Missing: unrs-resolver@1.11.1 from lock file\nnpm error Missing: emittery@0.13.1 from lock file\nnpm error Missing: jest-leak-detector@30.2.0 from lock file\nnpm error Missing: source-map-support@0.5.13 from lock file\nnpm error Missing: @jest/globals@30.2.0 from lock file\nnpm error Missing: @jest/source-map@30.0.1 from lock file\nnpm error Missing: cjs-module-lexer@2.1.1 from lock file\nnpm error Missing: glob@10.4.5 from lock file\nnpm error Missing: strip-bom@4.0.0 from lock file\nnpm error Missing: @babel/plugin-syntax-jsx@7.27.1 from lock file\nnpm error Missing: @babel/plugin-syntax-typescript@7.27.1 from lock file\nnpm error Missing: @jest/snapshot-utils@30.2.0 from lock file\nnpm error Missing: synckit@0.11.11 from lock file\nnpm error Missing: picomatch@4.0.3 from lock file\nnpm error Missing: camelcase@6.3.0 from lock file\nnpm error Missing: leven@3.1.0 from lock file\nnpm error Missing: supports-color@8.1.1 from lock file\nnpm error Missing: mimic-fn@2.1.0 from lock file\nnpm error Missing: error-ex@1.3.4 from lock file\nnpm error Missing: json-parse-even-better-errors@2.3.1 from lock file\nnpm error Missing: lines-and-columns@1.2.4 from lock file\nnpm error Missing: is-arrayish@0.2.1 from lock file\nnpm error Missing: find-up@4.1.0 from lock file\nnpm error Missing: ansi-styles@5.2.0 from lock file\nnpm error Missing: react-is@18.3.1 from lock file\nnpm error Missing: resolve-from@5.0.0 from lock file\nnpm error Missing: buffer-from@1.1.2 from lock file\nnpm error Missing: source-map@0.6.1 from lock file\nnpm error Missing: escape-string-regexp@2.0.0 from lock file\nnpm error Missing: char-regex@1.0.2 from lock file\nnpm error Missing: @pkgr/core@0.2.9 from lock file\nnpm error Missing: @unrs/resolver-binding-android-arm-eabi@1.11.1 from lock file\nnpm error Missing: @unrs/resolver-binding-android-arm64@1.11.1 from lock file\nnpm error Missing: @unrs/resolver-binding-darwin-arm64@1.11.1 from lock file\nnpm error Missing: @unrs/resolver-binding-darwin-x64@1.11.1 from lock file\nnpm error Missing: @unrs/resolver-binding-freebsd-x64@1.11.1 from lock file\nnpm error Missing: @unrs/resolver-binding-linux-arm-gnueabihf@1.11.1 from lock file\nnpm error Missing: @unrs/resolver-binding-linux-arm-musleabihf@1.11.1 from lock file\nnpm error Missing: @unrs/resolver-binding-linux-arm64-gnu@1.11.1 from lock file\nnpm error Missing: @unrs/resolver-binding-linux-arm64-musl@1.11.1 from lock file\nnpm error Missing: @unrs/resolver-binding-linux-ppc64-gnu@1.11.1 from lock file\nnpm error Missing: @unrs/resolver-binding-linux-riscv64-gnu@1.11.1 from lock file\nnpm error Missing: @unrs/resolver-binding-linux-riscv64-musl@1.11.1 from lock file\nnpm error Missing: @unrs/resolver-binding-linux-s390x-gnu@1.11.1 from lock file\nnpm error Missing: @unrs/resolver-binding-linux-x64-gnu@1.11.1 from lock file\nnpm error Missing: @unrs/resolver-binding-linux-x64-musl@1.11.1 from lock file\nnpm error Missing: @unrs/resolver-binding-wasm32-wasi@1.11.1 from lock file\nnpm error Missing: @unrs/resolver-binding-win32-arm64-msvc@1.11.1 from lock file\nnpm error Missing: @unrs/resolver-binding-win32-ia32-msvc@1.11.1 from lock file\nnpm error Missing: @unrs/resolver-binding-win32-x64-msvc@1.11.1 from lock file\nnpm error Missing: napi-postinstall@0.3.4 from lock file\nnpm error Missing: @napi-rs/wasm-runtime@0.2.12 from lock file\nnpm error Missing: @emnapi/core@1.7.1 from lock file\nnpm error Missing: @emnapi/runtime@1.7.1 from lock file\nnpm error Missing: @tybys/wasm-util@0.10.1 from lock file\nnpm error Missing: @emnapi/wasi-threads@1.1.0 from lock file\nnpm error Missing: makeerror@1.0.12 from lock file\nnpm error Missing: tmpl@1.0.5 from lock file\nnpm error Missing: signal-exit@4.1.0 from lock file\nnpm error Missing: yallist@3.1.1 from lock file\nnpm error Missing: locate-path@5.0.0 from lock file\nnpm error Missing: argparse@1.0.10 from lock file\nnpm error Missing: esprima@4.0.1 from lock file\nnpm error Missing: sprintf-js@1.0.3 from lock file\nnpm error Missing: p-locate@4.1.0 from lock file\nnpm error Missing: p-limit@2.3.0 from lock file\nnpm error Missing: p-try@2.2.0 from lock file\nnpm error Missing: foreground-child@3.3.1 from lock file\nnpm error Missing: jackspeak@3.4.3 from lock file\nnpm error Missing: minimatch@9.0.5 from lock file\nnpm error Missing: minipass@7.1.2 from lock file\nnpm error Missing: package-json-from-dist@1.0.1 from lock file\nnpm error Missing: path-scurry@1.11.1 from lock file\nnpm error Missing: signal-exit@4.1.0 from lock file\nnpm error Missing: @isaacs/cliui@8.0.2 from lock file\nnpm error Missing: @pkgjs/parseargs@0.11.0 from lock file\nnpm error Missing: string-width@5.1.2 from lock file\nnpm error Missing: string-width-cjs@4.2.3 from lock file\nnpm error Missing: strip-ansi@7.1.2 from lock file\nnpm error Missing: strip-ansi-cjs@6.0.1 from lock file\nnpm error Missing: wrap-ansi@8.1.0 from lock file\nnpm error Missing: wrap-ansi-cjs@7.0.0 from lock file\nnpm error Missing: lru-cache@10.4.3 from lock file\nnpm error Missing: eastasianwidth@0.2.0 from lock file\nnpm error Missing: emoji-regex@9.2.2 from lock file\nnpm error Missing: ansi-regex@6.2.2 from lock file\nnpm error Missing: ansi-styles@6.2.3 from lock file\nnpm error Missing: brace-expansion@2.0.2 from lock file\nnpm error Missing: minimatch@9.0.5 from lock file\nnpm error Missing: brace-expansion@2.0.2 from lock file\nnpm error Missing: minimatch@9.0.5 from lock file\nnpm error Missing: brace-expansion@2.0.2 from lock file\nnpm error Missing: locate-path@5.0.0 from lock file\nnpm error Missing: p-locate@4.1.0 from lock file\nnpm error Missing: p-limit@2.3.0 from lock file\nnpm error\nnpm error Clean install a project\nnpm error\nnpm error Usage:\nnpm error npm ci\nnpm error\nnpm error Options:\nnpm error [--install-strategy <hoisted|nested|shallow|linked>] [--legacy-bundling]\nnpm error [--global-style] [--omit <dev|optional|peer> [--omit <dev|optional|peer> ...]]\nnpm error [--include <prod|dev|optional|peer> [--include <prod|dev|optional|peer> ...]]\nnpm error [--strict-peer-deps] [--foreground-scripts] [--ignore-scripts] [--no-audit]\nnpm error [--no-bin-links] [--no-fund] [--dry-run]\nnpm error [-w|--workspace <workspace-name> [-w|--workspace <workspace-name> ...]]\nnpm error [-ws|--workspaces] [--include-workspace-root] [--install-links]\nnpm error\nnpm error aliases: clean-install, ic, install-clean, isntall-clean\nnpm error\nnpm error Run \"npm help ci\" for more info\nnpm error A complete log of this run can be found in: /www-data-home/.npm/_logs/2025-11-17T01_29_36_593Z-debug-0.log. For more details see the logs at https://console.cloud.google.com/cloud-build/builds;region=us-central1/ab53cf6f-9b9b-4e72-b047-bb6549f14c3a?project=388226025861."}}
[debug] [2025-11-17T01:30:29.062Z] Got source token undefined for region us-central1
[debug] [2025-11-17T01:30:29.062Z] Checked if tokens are valid: true, expires at: 1763345488902
[debug] [2025-11-17T01:30:29.062Z] Checked if tokens are valid: true, expires at: 1763345488902
[debug] [2025-11-17T01:30:29.062Z] Checked if tokens are valid: true, expires at: 1763345488902
[debug] [2025-11-17T01:30:29.062Z] Checked if tokens are valid: true, expires at: 1763345488902
[debug] [2025-11-17T01:30:29.062Z] Checked if tokens are valid: true, expires at: 1763345488902
[debug] [2025-11-17T01:30:29.062Z] Checked if tokens are valid: true, expires at: 1763345488902
[debug] [2025-11-17T01:30:29.063Z] >>> [apiv2][query] PATCH https://cloudfunctions.googleapis.com/v2/projects/laura-butallo-web/locations/us-central1/functions/regenerateDownloadUrl updateMask=name%2CbuildConfig.runtime%2CbuildConfig.entryPoint%2CbuildConfig.source.storageSource.bucket%2CbuildConfig.source.storageSource.object%2CbuildConfig.environmentVariables%2CbuildConfig.sourceToken%2CserviceConfig.environmentVariables%2CserviceConfig.ingressSettings%2CserviceConfig.timeoutSeconds%2CserviceConfig.serviceAccountEmail%2CserviceConfig.availableMemory%2CserviceConfig.minInstanceCount%2CserviceConfig.maxInstanceCount%2CserviceConfig.maxInstanceRequestConcurrency%2CserviceConfig.availableCpu%2CserviceConfig.vpcConnector%2CserviceConfig.vpcConnectorEgressSettings%2Clabels
[debug] [2025-11-17T01:30:29.063Z] >>> [apiv2][body] PATCH https://cloudfunctions.googleapis.com/v2/projects/laura-butallo-web/locations/us-central1/functions/regenerateDownloadUrl {"name":"projects/laura-butallo-web/locations/us-central1/functions/regenerateDownloadUrl","buildConfig":{"runtime":"nodejs22","entryPoint":"regenerateDownloadUrl","source":{"storageSource":{"bucket":"gcf-v2-uploads-388226025861.europe-west3.cloudfunctions.appspot.com","object":"5b2a06e4-6e59-43a9-9bd1-15cf76b9f936.zip"}},"environmentVariables":{"GOOGLE_NODE_RUN_SCRIPTS":""}},"serviceConfig":{"environmentVariables":{"FIREBASE_CONFIG":"{\"projectId\":\"laura-butallo-web\",\"storageBucket\":\"laura-butallo-web.firebasestorage.app\"}","GCLOUD_PROJECT":"laura-butallo-web","EVENTARC_CLOUD_EVENT_SOURCE":"projects/laura-butallo-web/locations/us-central1/services/regenerateDownloadUrl","FUNCTION_TARGET":"regenerateDownloadUrl","LOG_EXECUTION_ID":"true","FUNCTION_SIGNATURE_TYPE":"http"},"ingressSettings":null,"timeoutSeconds":null,"serviceAccountEmail":null,"availableMemory":"256Mi","minInstanceCount":null,"maxInstanceCount":10,"maxInstanceRequestConcurrency":80,"availableCpu":"1","vpcConnector":null,"vpcConnectorEgressSettings":null},"labels":{"deployment-tool":"cli-firebase","deployment-callable":"true","firebase-functions-hash":"d11ed15f804aa79f0f35be9712b2470e6e47da66"}}
[debug] [2025-11-17T01:30:29.063Z] >>> [apiv2][query] PATCH https://cloudfunctions.googleapis.com/v2/projects/laura-butallo-web/locations/us-central1/functions/validateDelete updateMask=name%2CbuildConfig.runtime%2CbuildConfig.entryPoint%2CbuildConfig.source.storageSource.bucket%2CbuildConfig.source.storageSource.object%2CbuildConfig.environmentVariables%2CbuildConfig.sourceToken%2CserviceConfig.environmentVariables%2CserviceConfig.ingressSettings%2CserviceConfig.timeoutSeconds%2CserviceConfig.serviceAccountEmail%2CserviceConfig.availableMemory%2CserviceConfig.minInstanceCount%2CserviceConfig.maxInstanceCount%2CserviceConfig.maxInstanceRequestConcurrency%2CserviceConfig.availableCpu%2CserviceConfig.vpcConnector%2CserviceConfig.vpcConnectorEgressSettings%2Clabels
[debug] [2025-11-17T01:30:29.064Z] >>> [apiv2][body] PATCH https://cloudfunctions.googleapis.com/v2/projects/laura-butallo-web/locations/us-central1/functions/validateDelete {"name":"projects/laura-butallo-web/locations/us-central1/functions/validateDelete","buildConfig":{"runtime":"nodejs22","entryPoint":"validateDelete","source":{"storageSource":{"bucket":"gcf-v2-uploads-388226025861.europe-west3.cloudfunctions.appspot.com","object":"5b2a06e4-6e59-43a9-9bd1-15cf76b9f936.zip"}},"environmentVariables":{"GOOGLE_NODE_RUN_SCRIPTS":""}},"serviceConfig":{"environmentVariables":{"FIREBASE_CONFIG":"{\"projectId\":\"laura-butallo-web\",\"storageBucket\":\"laura-butallo-web.firebasestorage.app\"}","GCLOUD_PROJECT":"laura-butallo-web","EVENTARC_CLOUD_EVENT_SOURCE":"projects/laura-butallo-web/locations/us-central1/services/validateDelete","FUNCTION_TARGET":"validateDelete","LOG_EXECUTION_ID":"true","FUNCTION_SIGNATURE_TYPE":"http"},"ingressSettings":null,"timeoutSeconds":null,"serviceAccountEmail":null,"availableMemory":"256Mi","minInstanceCount":null,"maxInstanceCount":10,"maxInstanceRequestConcurrency":80,"availableCpu":"1","vpcConnector":null,"vpcConnectorEgressSettings":null},"labels":{"deployment-tool":"cli-firebase","deployment-callable":"true","firebase-functions-hash":"d11ed15f804aa79f0f35be9712b2470e6e47da66"}}
[debug] [2025-11-17T01:30:29.067Z] >>> [apiv2][query] PATCH https://cloudfunctions.googleapis.com/v2/projects/laura-butallo-web/locations/us-central1/functions/migrateArtworksToAssets updateMask=name%2CbuildConfig.runtime%2CbuildConfig.entryPoint%2CbuildConfig.source.storageSource.bucket%2CbuildConfig.source.storageSource.object%2CbuildConfig.environmentVariables%2CbuildConfig.sourceToken%2CserviceConfig.environmentVariables%2CserviceConfig.ingressSettings%2CserviceConfig.timeoutSeconds%2CserviceConfig.serviceAccountEmail%2CserviceConfig.availableMemory%2CserviceConfig.minInstanceCount%2CserviceConfig.maxInstanceCount%2CserviceConfig.maxInstanceRequestConcurrency%2CserviceConfig.availableCpu%2CserviceConfig.vpcConnector%2CserviceConfig.vpcConnectorEgressSettings%2Clabels
[debug] [2025-11-17T01:30:29.067Z] >>> [apiv2][body] PATCH https://cloudfunctions.googleapis.com/v2/projects/laura-butallo-web/locations/us-central1/functions/migrateArtworksToAssets {"name":"projects/laura-butallo-web/locations/us-central1/functions/migrateArtworksToAssets","buildConfig":{"runtime":"nodejs22","entryPoint":"migrateArtworksToAssets","source":{"storageSource":{"bucket":"gcf-v2-uploads-388226025861.europe-west3.cloudfunctions.appspot.com","object":"5b2a06e4-6e59-43a9-9bd1-15cf76b9f936.zip"}},"environmentVariables":{"GOOGLE_NODE_RUN_SCRIPTS":""}},"serviceConfig":{"environmentVariables":{"FIREBASE_CONFIG":"{\"projectId\":\"laura-butallo-web\",\"storageBucket\":\"laura-butallo-web.firebasestorage.app\"}","GCLOUD_PROJECT":"laura-butallo-web","EVENTARC_CLOUD_EVENT_SOURCE":"projects/laura-butallo-web/locations/us-central1/services/migrateArtworksToAssets","FUNCTION_TARGET":"migrateArtworksToAssets","LOG_EXECUTION_ID":"true","FUNCTION_SIGNATURE_TYPE":"http"},"ingressSettings":null,"timeoutSeconds":null,"serviceAccountEmail":null,"availableMemory":"256Mi","minInstanceCount":null,"maxInstanceCount":10,"maxInstanceRequestConcurrency":80,"availableCpu":"1","vpcConnector":null,"vpcConnectorEgressSettings":null},"labels":{"deployment-tool":"cli-firebase","deployment-callable":"true","firebase-functions-hash":"d11ed15f804aa79f0f35be9712b2470e6e47da66"}}
[error] Build failed with status: FAILURE and message: npm error code EUSAGE
npm error
npm error `npm ci` can only install packages when your package.json and package-lock.json or npm-shrinkwrap.json are in sync. Please update your lock file with `npm install` before continuing.
npm error
npm error Missing: jest@30.2.0 from lock file
npm error Missing: @jest/core@30.2.0 from lock file
npm error Missing: @jest/types@30.2.0 from lock file
npm error Missing: import-local@3.2.0 from lock file
npm error Missing: jest-cli@30.2.0 from lock file
npm error Missing: @jest/console@30.2.0 from lock file
npm error Missing: @jest/pattern@30.0.1 from lock file
npm error Missing: @jest/reporters@30.2.0 from lock file
npm error Missing: @jest/test-result@30.2.0 from lock file
npm error Missing: @jest/transform@30.2.0 from lock file
npm error Missing: ansi-escapes@4.3.2 from lock file
npm error Missing: ci-info@4.3.1 from lock file
npm error Missing: exit-x@0.2.2 from lock file
npm error Missing: graceful-fs@4.2.11 from lock file
npm error Missing: jest-changed-files@30.2.0 from lock file
npm error Missing: jest-config@30.2.0 from lock file
npm error Missing: jest-haste-map@30.2.0 from lock file
npm error Missing: jest-message-util@30.2.0 from lock file
npm error Missing: jest-regex-util@30.0.1 from lock file
npm error Missing: jest-resolve@30.2.0 from lock file
npm error Missing: jest-resolve-dependencies@30.2.0 from lock file
npm error Missing: jest-runner@30.2.0 from lock file
npm error Missing: jest-runtime@30.2.0 from lock file
npm error Missing: jest-snapshot@30.2.0 from lock file
npm error Missing: jest-util@30.2.0 from lock file
npm error Missing: jest-validate@30.2.0 from lock file
npm error Missing: jest-watcher@30.2.0 from lock file
npm error Missing: pretty-format@30.2.0 from lock file
npm error Missing: @bcoe/v8-coverage@0.2.3 from lock file
npm error Missing: @jridgewell/trace-mapping@0.3.31 from lock file
npm error Missing: collect-v8-coverage@1.0.3 from lock file
npm error Missing: glob@10.4.5 from lock file
npm error Missing: istanbul-lib-coverage@3.2.2 from lock file
npm error Missing: istanbul-lib-instrument@6.0.3 from lock file
npm error Missing: istanbul-lib-report@3.0.1 from lock file
npm error Missing: istanbul-lib-source-maps@5.0.6 from lock file
npm error Missing: istanbul-reports@3.2.0 from lock file
npm error Missing: jest-worker@30.2.0 from lock file
npm error Missing: string-length@4.0.2 from lock file
npm error Missing: v8-to-istanbul@9.3.0 from lock file
npm error Missing: @types/istanbul-lib-coverage@2.0.6 from lock file
npm error Missing: @babel/core@7.28.5 from lock file
npm error Missing: babel-plugin-istanbul@7.0.1 from lock file
npm error Missing: convert-source-map@2.0.0 from lock file
npm error Missing: pirates@4.0.7 from lock file
npm error Missing: write-file-atomic@5.0.1 from lock file
npm error Missing: @babel/code-frame@7.27.1 from lock file
npm error Missing: @babel/generator@7.28.5 from lock file
npm error Missing: @babel/helper-compilation-targets@7.27.2 from lock file
npm error Missing: @babel/helper-module-transforms@7.28.3 from lock file
npm error Missing: @babel/helpers@7.28.4 from lock file
npm error Missing: @babel/parser@7.28.5 from lock file
npm error Missing: @babel/template@7.27.2 from lock file
npm error Missing: @babel/traverse@7.28.5 from lock file
npm error Missing: @babel/types@7.28.5 from lock file
npm error Missing: @jridgewell/remapping@2.3.5 from lock file
npm error Missing: gensync@1.0.0-beta.2 from lock file
npm error Missing: json5@2.2.3 from lock file
npm error Missing: semver@6.3.1 from lock file
npm error Missing: @babel/helper-validator-identifier@7.28.5 from lock file
npm error Missing: js-tokens@4.0.0 from lock file
npm error Missing: picocolors@1.1.1 from lock file
npm error Missing: @jridgewell/gen-mapping@0.3.13 from lock file
npm error Missing: jsesc@3.1.0 from lock file
npm error Missing: @babel/compat-data@7.28.5 from lock file
npm error Missing: @babel/helper-validator-option@7.27.1 from lock file
npm error Missing: browserslist@4.28.0 from lock file
npm error Missing: lru-cache@5.1.1 from lock file
npm error Missing: semver@6.3.1 from lock file
npm error Missing: @babel/helper-module-imports@7.27.1 from lock file
npm error Missing: @babel/helper-globals@7.28.0 from lock file
npm error Missing: @babel/helper-string-parser@7.27.1 from lock file
npm error Missing: @jest/schemas@30.0.5 from lock file
npm error Missing: @types/istanbul-reports@3.0.4 from lock file
npm error Missing: @types/yargs@17.0.35 from lock file
npm error Missing: @sinclair/typebox@0.34.41 from lock file
npm error Missing: @jridgewell/sourcemap-codec@1.5.5 from lock file
npm error Missing: @jridgewell/resolve-uri@3.1.2 from lock file
npm error Missing: @types/istanbul-lib-report@3.0.3 from lock file
npm error Missing: @types/yargs-parser@21.0.3 from lock file
npm error Missing: type-fest@0.21.3 from lock file
npm error Missing: @babel/helper-plugin-utils@7.27.1 from lock file
npm error Missing: @istanbuljs/load-nyc-config@1.1.0 from lock file
npm error Missing: @istanbuljs/schema@0.1.3 from lock file
npm error Missing: test-exclude@6.0.0 from lock file
npm error Missing: camelcase@5.3.1 from lock file
npm error Missing: find-up@4.1.0 from lock file
npm error Missing: get-package-type@0.1.0 from lock file
npm error Missing: js-yaml@3.14.2 from lock file
npm error Missing: resolve-from@5.0.0 from lock file
npm error Missing: baseline-browser-mapping@2.8.28 from lock file
npm error Missing: caniuse-lite@1.0.30001755 from lock file
npm error Missing: electron-to-chromium@1.5.254 from lock file
npm error Missing: node-releases@2.0.27 from lock file
npm error Missing: update-browserslist-db@1.1.4 from lock file
npm error Missing: pkg-dir@4.2.0 from lock file
npm error Missing: resolve-cwd@3.0.0 from lock file
npm error Missing: make-dir@4.0.0 from lock file
npm error Missing: html-escaper@2.0.2 from lock file
npm error Missing: execa@5.1.1 from lock file
npm error Missing: get-stream@6.0.1 from lock file
npm error Missing: human-signals@2.1.0 from lock file
npm error Missing: merge-stream@2.0.0 from lock file
npm error Missing: npm-run-path@4.0.1 from lock file
npm error Missing: onetime@5.1.2 from lock file
npm error Missing: signal-exit@3.0.7 from lock file
npm error Missing: strip-final-newline@2.0.0 from lock file
npm error Missing: @jest/get-type@30.1.0 from lock file
npm error Missing: @jest/test-sequencer@30.2.0 from lock file
npm error Missing: babel-jest@30.2.0 from lock file
npm error Missing: deepmerge@4.3.1 from lock file
npm error Missing: glob@10.4.5 from lock file
npm error Missing: jest-circus@30.2.0 from lock file
npm error Missing: jest-docblock@30.2.0 from lock file
npm error Missing: jest-environment-node@30.2.0 from lock file
npm error Missing: parse-json@5.2.0 from lock file
npm error Missing: @types/babel__core@7.20.5 from lock file
npm error Missing: babel-preset-jest@30.2.0 from lock file
npm error Missing: @types/babel__generator@7.27.0 from lock file
npm error Missing: @types/babel__template@7.4.4 from lock file
npm error Missing: @types/babel__traverse@7.28.0 from lock file
npm error Missing: babel-plugin-jest-hoist@30.2.0 from lock file
npm error Missing: babel-preset-current-node-syntax@1.2.0 from lock file
npm error Missing: @babel/plugin-syntax-async-generators@7.8.4 from lock file
npm error Missing: @babel/plugin-syntax-bigint@7.8.3 from lock file
npm error Missing: @babel/plugin-syntax-class-properties@7.12.13 from lock file
npm error Missing: @babel/plugin-syntax-class-static-block@7.14.5 from lock file
npm error Missing: @babel/plugin-syntax-import-attributes@7.27.1 from lock file
npm error Missing: @babel/plugin-syntax-import-meta@7.10.4 from lock file
npm error Missing: @babel/plugin-syntax-json-strings@7.8.3 from lock file
npm error Missing: @babel/plugin-syntax-logical-assignment-operators@7.10.4 from lock file
npm error Missing: @babel/plugin-syntax-nullish-coalescing-operator@7.8.3 from lock file
npm error Missing: @babel/plugin-syntax-numeric-separator@7.10.4 from lock file
npm error Missing: @babel/plugin-syntax-object-rest-spread@7.8.3 from lock file
npm error Missing: @babel/plugin-syntax-optional-catch-binding@7.8.3 from lock file
npm error Missing: @babel/plugin-syntax-optional-chaining@7.8.3 from lock file
npm error Missing: @babel/plugin-syntax-private-property-in-object@7.14.5 from lock file
npm error Missing: @babel/plugin-syntax-top-level-await@7.14.5 from lock file
npm error Missing: @jest/environment@30.2.0 from lock file
npm error Missing: @jest/expect@30.2.0 from lock file
npm error Missing: co@4.6.0 from lock file
npm error Missing: dedent@1.7.0 from lock file
npm error Missing: is-generator-fn@2.1.0 from lock file
npm error Missing: jest-each@30.2.0 from lock file
npm error Missing: jest-matcher-utils@30.2.0 from lock file
npm error Missing: pure-rand@7.0.1 from lock file
npm error Missing: stack-utils@2.0.6 from lock file
npm error Missing: @jest/fake-timers@30.2.0 from lock file
npm error Missing: jest-mock@30.2.0 from lock file
npm error Missing: expect@30.2.0 from lock file
npm error Missing: @sinonjs/fake-timers@13.0.5 from lock file
npm error Missing: @sinonjs/commons@3.0.1 from lock file
npm error Missing: type-detect@4.0.8 from lock file
npm error Missing: @jest/expect-utils@30.2.0 from lock file
npm error Missing: detect-newline@3.1.0 from lock file
npm error Missing: anymatch@3.1.3 from lock file
npm error Missing: fb-watchman@2.0.2 from lock file
npm error Missing: fsevents@2.3.3 from lock file
npm error Missing: walker@1.0.8 from lock file
npm error Missing: normalize-path@3.0.0 from lock file
npm error Missing: bser@2.1.1 from lock file
npm error Missing: node-int64@0.4.0 from lock file
npm error Missing: jest-diff@30.2.0 from lock file
npm error Missing: @jest/diff-sequences@30.0.1 from lock file
npm error Missing: @types/stack-utils@2.0.3 from lock file
npm error Missing: jest-pnp-resolver@1.2.3 from lock file
npm error Missing: unrs-resolver@1.11.1 from lock file
npm error Missing: emittery@0.13.1 from lock file
npm error Missing: jest-leak-detector@30.2.0 from lock file
npm error Missing: source-map-support@0.5.13 from lock file
npm error Missing: @jest/globals@30.2.0 from lock file
npm error Missing: @jest/source-map@30.0.1 from lock file
npm error Missing: cjs-module-lexer@2.1.1 from lock file
npm error Missing: glob@10.4.5 from lock file
npm error Missing: strip-bom@4.0.0 from lock file
npm error Missing: @babel/plugin-syntax-jsx@7.27.1 from lock file
npm error Missing: @babel/plugin-syntax-typescript@7.27.1 from lock file
npm error Missing: @jest/snapshot-utils@30.2.0 from lock file
npm error Missing: synckit@0.11.11 from lock file
npm error Missing: picomatch@4.0.3 from lock file
npm error Missing: camelcase@6.3.0 from lock file
npm error Missing: leven@3.1.0 from lock file
npm error Missing: supports-color@8.1.1 from lock file
npm error Missing: mimic-fn@2.1.0 from lock file
npm error Missing: error-ex@1.3.4 from lock file
npm error Missing: json-parse-even-better-errors@2.3.1 from lock file
npm error Missing: lines-and-columns@1.2.4 from lock file
npm error Missing: is-arrayish@0.2.1 from lock file
npm error Missing: find-up@4.1.0 from lock file
npm error Missing: ansi-styles@5.2.0 from lock file
npm error Missing: react-is@18.3.1 from lock file
npm error Missing: resolve-from@5.0.0 from lock file
npm error Missing: buffer-from@1.1.2 from lock file
npm error Missing: source-map@0.6.1 from lock file
npm error Missing: escape-string-regexp@2.0.0 from lock file
npm error Missing: char-regex@1.0.2 from lock file
npm error Missing: @pkgr/core@0.2.9 from lock file
npm error Missing: @unrs/resolver-binding-android-arm-eabi@1.11.1 from lock file
npm error Missing: @unrs/resolver-binding-android-arm64@1.11.1 from lock file
npm error Missing: @unrs/resolver-binding-darwin-arm64@1.11.1 from lock file
npm error Missing: @unrs/resolver-binding-darwin-x64@1.11.1 from lock file
npm error Missing: @unrs/resolver-binding-freebsd-x64@1.11.1 from lock file
npm error Missing: @unrs/resolver-binding-linux-arm-gnueabihf@1.11.1 from lock file
npm error Missing: @unrs/resolver-binding-linux-arm-musleabihf@1.11.1 from lock file
npm error Missing: @unrs/resolver-binding-linux-arm64-gnu@1.11.1 from lock file
npm error Missing: @unrs/resolver-binding-linux-arm64-musl@1.11.1 from lock file
npm error Missing: @unrs/resolver-binding-linux-ppc64-gnu@1.11.1 from lock file
npm error Missing: @unrs/resolver-binding-linux-riscv64-gnu@1.11.1 from lock file
npm error Missing: @unrs/resolver-binding-linux-riscv64-musl@1.11.1 from lock file
npm error Missing: @unrs/resolver-binding-linux-s390x-gnu@1.11.1 from lock file
npm error Missing: @unrs/resolver-binding-linux-x64-gnu@1.11.1 from lock file
npm error Missing: @unrs/resolver-binding-linux-x64-musl@1.11.1 from lock file
npm error Missing: @unrs/resolver-binding-wasm32-wasi@1.11.1 from lock file
npm error Missing: @unrs/resolver-binding-win32-arm64-msvc@1.11.1 from lock file
npm error Missing: @unrs/resolver-binding-win32-ia32-msvc@1.11.1 from lock file
npm error Missing: @unrs/resolver-binding-win32-x64-msvc@1.11.1 from lock file
npm error Missing: napi-postinstall@0.3.4 from lock file
npm error Missing: @napi-rs/wasm-runtime@0.2.12 from lock file
npm error Missing: @emnapi/core@1.7.1 from lock file
npm error Missing: @emnapi/runtime@1.7.1 from lock file
npm error Missing: @tybys/wasm-util@0.10.1 from lock file
npm error Missing: @emnapi/wasi-threads@1.1.0 from lock file
npm error Missing: makeerror@1.0.12 from lock file
npm error Missing: tmpl@1.0.5 from lock file
npm error Missing: signal-exit@4.1.0 from lock file
npm error Missing: yallist@3.1.1 from lock file
npm error Missing: locate-path@5.0.0 from lock file
npm error Missing: argparse@1.0.10 from lock file
npm error Missing: esprima@4.0.1 from lock file
npm error Missing: sprintf-js@1.0.3 from lock file
npm error Missing: p-locate@4.1.0 from lock file
npm error Missing: p-limit@2.3.0 from lock file
npm error Missing: p-try@2.2.0 from lock file
npm error Missing: foreground-child@3.3.1 from lock file
npm error Missing: jackspeak@3.4.3 from lock file
npm error Missing: minimatch@9.0.5 from lock file
npm error Missing: minipass@7.1.2 from lock file
npm error Missing: package-json-from-dist@1.0.1 from lock file
npm error Missing: path-scurry@1.11.1 from lock file
npm error Missing: signal-exit@4.1.0 from lock file
npm error Missing: @isaacs/cliui@8.0.2 from lock file
npm error Missing: @pkgjs/parseargs@0.11.0 from lock file
npm error Missing: string-width@5.1.2 from lock file
npm error Missing: string-width-cjs@4.2.3 from lock file
npm error Missing: strip-ansi@7.1.2 from lock file
npm error Missing: strip-ansi-cjs@6.0.1 from lock file
npm error Missing: wrap-ansi@8.1.0 from lock file
npm error Missing: wrap-ansi-cjs@7.0.0 from lock file
npm error Missing: lru-cache@10.4.3 from lock file
npm error Missing: eastasianwidth@0.2.0 from lock file
npm error Missing: emoji-regex@9.2.2 from lock file
npm error Missing: ansi-regex@6.2.2 from lock file
npm error Missing: ansi-styles@6.2.3 from lock file
npm error Missing: brace-expansion@2.0.2 from lock file
npm error Missing: minimatch@9.0.5 from lock file
npm error Missing: brace-expansion@2.0.2 from lock file
npm error Missing: minimatch@9.0.5 from lock file
npm error Missing: brace-expansion@2.0.2 from lock file
npm error Missing: locate-path@5.0.0 from lock file
npm error Missing: p-locate@4.1.0 from lock file
npm error Missing: p-limit@2.3.0 from lock file
npm error
npm error Clean install a project
npm error
npm error Usage:
npm error npm ci
npm error
npm error Options:
npm error [--install-strategy <hoisted|nested|shallow|linked>] [--legacy-bundling]
npm error [--global-style] [--omit <dev|optional|peer> [--omit <dev|optional|peer> ...]]
npm error [--include <prod|dev|optional|peer> [--include <prod|dev|optional|peer> ...]]
npm error [--strict-peer-deps] [--foreground-scripts] [--ignore-scripts] [--no-audit]
npm error [--no-bin-links] [--no-fund] [--dry-run]
npm error [-w|--workspace <workspace-name> [-w|--workspace <workspace-name> ...]]
npm error [-ws|--workspaces] [--include-workspace-root] [--install-links]
npm error
npm error aliases: clean-install, ic, install-clean, isntall-clean
npm error
npm error Run "npm help ci" for more info
npm error A complete log of this run can be found in: /www-data-home/.npm/_logs/2025-11-17T01_29_36_593Z-debug-0.log. For more details see the logs at https://console.cloud.google.com/cloud-build/builds;region=us-central1/ab53cf6f-9b9b-4e72-b047-bb6549f14c3a?project=388226025861.
[debug] [2025-11-17T01:30:30.477Z] [update-default-europe-west3-onVideoFinalize] Retrying task index 0
[debug] [2025-11-17T01:30:30.478Z] Checked if tokens are valid: true, expires at: 1763345488902
[debug] [2025-11-17T01:30:30.478Z] Checked if tokens are valid: true, expires at: 1763345488902
[debug] [2025-11-17T01:30:30.478Z] >>> [apiv2][query] GET https://cloudfunctions.googleapis.com/v2/projects/laura-butallo-web/locations/europe-west3/operations/operation-1763343021547-643c04a6a9f1e-3131d657-00444e65 [none]
[debug] [2025-11-17T01:30:30.646Z] <<< [apiv2][status] GET https://cloudfunctions.googleapis.com/v2/projects/laura-butallo-web/locations/europe-west3/operations/operation-1763343021547-643c04a6a9f1e-3131d657-00444e65 200
[debug] [2025-11-17T01:30:30.646Z] <<< [apiv2][body] GET https://cloudfunctions.googleapis.com/v2/projects/laura-butallo-web/locations/europe-west3/operations/operation-1763343021547-643c04a6a9f1e-3131d657-00444e65 {"name":"projects/laura-butallo-web/locations/europe-west3/operations/operation-1763343021547-643c04a6a9f1e-3131d657-00444e65","metadata":{"@type":"type.googleapis.com/google.cloud.functions.v2.OperationMetadata","createTime":"2025-11-17T01:30:22.560394938Z","target":"projects/laura-butallo-web/locations/europe-west3/functions/onVideoFinalize","verb":"update","cancelRequested":false,"apiVersion":"v2","requestResource":{"@type":"type.googleapis.com/google.cloud.functions.v2.Function","name":"projects/laura-butallo-web/locations/europe-west3/functions/onVideoFinalize","buildConfig":{"runtime":"nodejs22","entryPoint":"onVideoFinalize","source":{"storageSource":{"bucket":"gcf-v2-sources-388226025861-europe-west3","object":"onVideoFinalize/function-source.zip","generation":"1763343022519398"}},"environmentVariables":{"GOOGLE_NODE_RUN_SCRIPTS":""},"dockerRepository":"projects/laura-butallo-web/locations/europe-west3/repositories/gcf-artifacts","sourceProvenance":{"resolvedStorageSource":{"bucket":"gcf-v2-sources-388226025861-europe-west3","object":"onVideoFinalize/function-source.zip","generation":"1763342023202701"}},"dockerRegistry":"ARTIFACT_REGISTRY","serviceAccount":"projects/laura-butallo-web/serviceAccounts/388226025861-compute@developer.gserviceaccount.com","automaticUpdatePolicy":{}},"serviceConfig":{"service":"projects/laura-butallo-web/locations/europe-west3/services/onvideofinalize","timeoutSeconds":60,"environmentVariables":{"FIREBASE_CONFIG":"{\"projectId\":\"laura-butallo-web\",\"storageBucket\":\"laura-butallo-web.firebasestorage.app\"}","GCLOUD_PROJECT":"laura-butallo-web","EVENTARC_CLOUD_EVENT_SOURCE":"projects/laura-butallo-web/locations/europe-west3/services/onVideoFinalize","FUNCTION_SIGNATURE_TYPE":"cloudevent","FUNCTION_TARGET":"onVideoFinalize","LOG_EXECUTION_ID":"true"},"maxInstanceCount":10,"ingressSettings":"ALLOW_ALL","uri":"https://onvideofinalize-iqcs3ho3pa-ey.a.run.app","serviceAccountEmail":"388226025861-compute@developer.gserviceaccount.com","availableMemory":"256Mi","allTrafficOnLatestRevision":true,"revision":"onvideofinalize-00001-nax","maxInstanceRequestConcurrency":80,"availableCpu":"1"},"eventTrigger":{"trigger":"projects/laura-butallo-web/locations/eu/triggers/onvideofinalize-821748","triggerRegion":"eu","eventType":"google.cloud.storage.object.v1.finalized","eventFilters":[{"attribute":"bucket","value":"laura-butallo-web.firebasestorage.app"}],"pubsubTopic":"projects/laura-butallo-web/topics/eventarc-eu-onvideofinalize-821748-574","serviceAccountEmail":"388226025861-compute@developer.gserviceaccount.com","retryPolicy":"RETRY_POLICY_DO_NOT_RETRY"},"state":"ACTIVE","labels":{"deployment-tool":"cli-firebase","firebase-functions-hash":"d11ed15f804aa79f0f35be9712b2470e6e47da66"},"environment":"GEN_2","url":"https://europe-west3-laura-butallo-web.cloudfunctions.net/onVideoFinalize","satisfiesPzs":true,"satisfiesPzi":true},"stages":[{"name":"BUILD","message":"Build in progress","state":"IN_PROGRESS","resource":"projects/388226025861/locations/europe-west3/builds/f6535671-ce36-4aa5-88d2-ed3bba4ca5b1","resourceUri":"https://console.cloud.google.com/cloud-build/builds;region=europe-west3/f6535671-ce36-4aa5-88d2-ed3bba4ca5b1?project=388226025861"},{"name":"SERVICE","state":"NOT_STARTED"},{"name":"TRIGGER","state":"NOT_STARTED"}],"operationType":"UPDATE_FUNCTION","buildName":"projects/388226025861/locations/europe-west3/builds/f6535671-ce36-4aa5-88d2-ed3bba4ca5b1"},"done":false}
[debug] [2025-11-17T01:30:31.278Z] <<< [apiv2][status] PATCH https://cloudfunctions.googleapis.com/v2/projects/laura-butallo-web/locations/us-central1/functions/migrateArtworksToAssets 200
[debug] [2025-11-17T01:30:31.278Z] <<< [apiv2][body] PATCH https://cloudfunctions.googleapis.com/v2/projects/laura-butallo-web/locations/us-central1/functions/migrateArtworksToAssets {"name":"projects/laura-butallo-web/locations/us-central1/operations/operation-1763343029848-643c04ae9487b-2feb40a7-55c8bb43","metadata":{"@type":"type.googleapis.com/google.cloud.functions.v2.OperationMetadata","createTime":"2025-11-17T01:30:31.272772663Z","target":"projects/laura-butallo-web/locations/us-central1/functions/migrateArtworksToAssets","verb":"update","cancelRequested":false,"apiVersion":"v2"},"done":false}
[debug] [2025-11-17T01:30:31.278Z] Checked if tokens are valid: true, expires at: 1763345488902
[debug] [2025-11-17T01:30:31.278Z] Checked if tokens are valid: true, expires at: 1763345488902
[debug] [2025-11-17T01:30:31.278Z] >>> [apiv2][query] GET https://cloudfunctions.googleapis.com/v2/projects/laura-butallo-web/locations/us-central1/operations/operation-1763343029848-643c04ae9487b-2feb40a7-55c8bb43 [none]
[debug] [2025-11-17T01:30:31.974Z] <<< [apiv2][status] GET https://cloudfunctions.googleapis.com/v2/projects/laura-butallo-web/locations/us-central1/operations/operation-1763343029848-643c04ae9487b-2feb40a7-55c8bb43 200
[debug] [2025-11-17T01:30:31.975Z] <<< [apiv2][body] GET https://cloudfunctions.googleapis.com/v2/projects/laura-butallo-web/locations/us-central1/operations/operation-1763343029848-643c04ae9487b-2feb40a7-55c8bb43 {"name":"projects/laura-butallo-web/locations/us-central1/operations/operation-1763343029848-643c04ae9487b-2feb40a7-55c8bb43","metadata":{"@type":"type.googleapis.com/google.cloud.functions.v2.OperationMetadata","createTime":"2025-11-17T01:30:31.272772663Z","target":"projects/laura-butallo-web/locations/us-central1/functions/migrateArtworksToAssets","verb":"update","cancelRequested":false,"apiVersion":"v2","requestResource":{"@type":"type.googleapis.com/google.cloud.functions.v2.Function","name":"projects/laura-butallo-web/locations/us-central1/functions/migrateArtworksToAssets","buildConfig":{"runtime":"nodejs22","entryPoint":"migrateArtworksToAssets","source":{"storageSource":{"bucket":"gcf-v2-sources-388226025861-us-central1","object":"migrateArtworksToAssets/function-source.zip","generation":"1763343031222174"}},"environmentVariables":{"GOOGLE_NODE_RUN_SCRIPTS":""},"dockerRepository":"projects/laura-butallo-web/locations/us-central1/repositories/gcf-artifacts","sourceProvenance":{"resolvedStorageSource":{"bucket":"gcf-v2-sources-388226025861-us-central1","object":"migrateArtworksToAssets/function-source.zip","generation":"1763342017154677"}},"dockerRegistry":"ARTIFACT_REGISTRY","serviceAccount":"projects/laura-butallo-web/serviceAccounts/388226025861-compute@developer.gserviceaccount.com","automaticUpdatePolicy":{}},"serviceConfig":{"service":"projects/laura-butallo-web/locations/us-central1/services/migrateartworkstoassets","timeoutSeconds":60,"environmentVariables":{"FIREBASE_CONFIG":"{\"projectId\":\"laura-butallo-web\",\"storageBucket\":\"laura-butallo-web.firebasestorage.app\"}","GCLOUD_PROJECT":"laura-butallo-web","EVENTARC_CLOUD_EVENT_SOURCE":"projects/laura-butallo-web/locations/us-central1/services/migrateArtworksToAssets","FUNCTION_TARGET":"migrateArtworksToAssets","LOG_EXECUTION_ID":"true","FUNCTION_SIGNATURE_TYPE":"http"},"maxInstanceCount":10,"ingressSettings":"ALLOW_ALL","uri":"https://migrateartworkstoassets-iqcs3ho3pa-uc.a.run.app","serviceAccountEmail":"388226025861-compute@developer.gserviceaccount.com","availableMemory":"256Mi","allTrafficOnLatestRevision":true,"revision":"migrateartworkstoassets-00003-vol","maxInstanceRequestConcurrency":80,"availableCpu":"1"},"state":"ACTIVE","labels":{"deployment-tool":"cli-firebase","deployment-callable":"true","firebase-functions-hash":"d11ed15f804aa79f0f35be9712b2470e6e47da66"},"environment":"GEN_2","url":"https://us-central1-laura-butallo-web.cloudfunctions.net/migrateArtworksToAssets","satisfiesPzi":true},"stages":[{"name":"BUILD","message":"Creating build","state":"IN_PROGRESS","resource":"projects/388226025861/locations/us-central1/builds/cd29994c-8f78-4ee1-b8f3-f03872edb4fd","resourceUri":"https://console.cloud.google.com/cloud-build/builds;region=us-central1/cd29994c-8f78-4ee1-b8f3-f03872edb4fd?project=388226025861"},{"name":"SERVICE","state":"NOT_STARTED"}],"operationType":"UPDATE_FUNCTION","buildName":"projects/388226025861/locations/us-central1/builds/cd29994c-8f78-4ee1-b8f3-f03872edb4fd"},"done":false}
[debug] [2025-11-17T01:30:32.211Z] <<< [apiv2][status] PATCH https://cloudfunctions.googleapis.com/v2/projects/laura-butallo-web/locations/us-central1/functions/validateDelete 200
[debug] [2025-11-17T01:30:32.211Z] <<< [apiv2][body] PATCH https://cloudfunctions.googleapis.com/v2/projects/laura-butallo-web/locations/us-central1/functions/validateDelete {"name":"projects/laura-butallo-web/locations/us-central1/operations/operation-1763343029841-643c04ae92e9b-af89f214-9eb57570","metadata":{"@type":"type.googleapis.com/google.cloud.functions.v2.OperationMetadata","createTime":"2025-11-17T01:30:32.208676762Z","target":"projects/laura-butallo-web/locations/us-central1/functions/validateDelete","verb":"update","cancelRequested":false,"apiVersion":"v2"},"done":false}
[debug] [2025-11-17T01:30:32.212Z] Checked if tokens are valid: true, expires at: 1763345488902
[debug] [2025-11-17T01:30:32.212Z] Checked if tokens are valid: true, expires at: 1763345488902
[debug] [2025-11-17T01:30:32.212Z] >>> [apiv2][query] GET https://cloudfunctions.googleapis.com/v2/projects/laura-butallo-web/locations/us-central1/operations/operation-1763343029841-643c04ae92e9b-af89f214-9eb57570 [none]
[debug] [2025-11-17T01:30:32.476Z] [update-default-us-central1-migrateArtworksToAssets] Retrying task index 0
[debug] [2025-11-17T01:30:32.477Z] Checked if tokens are valid: true, expires at: 1763345488902
[debug] [2025-11-17T01:30:32.477Z] Checked if tokens are valid: true, expires at: 1763345488902
[debug] [2025-11-17T01:30:32.477Z] >>> [apiv2][query] GET https://cloudfunctions.googleapis.com/v2/projects/laura-butallo-web/locations/us-central1/operations/operation-1763343029848-643c04ae9487b-2feb40a7-55c8bb43 [none]
[debug] [2025-11-17T01:30:32.916Z] <<< [apiv2][status] GET https://cloudfunctions.googleapis.com/v2/projects/laura-butallo-web/locations/us-central1/operations/operation-1763343029841-643c04ae92e9b-af89f214-9eb57570 200
[debug] [2025-11-17T01:30:32.916Z] <<< [apiv2][body] GET https://cloudfunctions.googleapis.com/v2/projects/laura-butallo-web/locations/us-central1/operations/operation-1763343029841-643c04ae92e9b-af89f214-9eb57570 {"name":"projects/laura-butallo-web/locations/us-central1/operations/operation-1763343029841-643c04ae92e9b-af89f214-9eb57570","metadata":{"@type":"type.googleapis.com/google.cloud.functions.v2.OperationMetadata","createTime":"2025-11-17T01:30:32.208676762Z","target":"projects/laura-butallo-web/locations/us-central1/functions/validateDelete","verb":"update","cancelRequested":false,"apiVersion":"v2","requestResource":{"@type":"type.googleapis.com/google.cloud.functions.v2.Function","name":"projects/laura-butallo-web/locations/us-central1/functions/validateDelete","buildConfig":{"runtime":"nodejs22","entryPoint":"validateDelete","source":{"storageSource":{"bucket":"gcf-v2-sources-388226025861-us-central1","object":"validateDelete/function-source.zip","generation":"1763343032147878"}},"environmentVariables":{"GOOGLE_NODE_RUN_SCRIPTS":""},"dockerRepository":"projects/laura-butallo-web/locations/us-central1/repositories/gcf-artifacts","sourceProvenance":{"resolvedStorageSource":{"bucket":"gcf-v2-sources-388226025861-us-central1","object":"validateDelete/function-source.zip","generation":"1763342016089566"}},"dockerRegistry":"ARTIFACT_REGISTRY","serviceAccount":"projects/laura-butallo-web/serviceAccounts/388226025861-compute@developer.gserviceaccount.com","automaticUpdatePolicy":{}},"serviceConfig":{"service":"projects/laura-butallo-web/locations/us-central1/services/validatedelete","timeoutSeconds":60,"environmentVariables":{"FIREBASE_CONFIG":"{\"projectId\":\"laura-butallo-web\",\"storageBucket\":\"laura-butallo-web.firebasestorage.app\"}","GCLOUD_PROJECT":"laura-butallo-web","EVENTARC_CLOUD_EVENT_SOURCE":"projects/laura-butallo-web/locations/us-central1/services/validateDelete","FUNCTION_TARGET":"validateDelete","LOG_EXECUTION_ID":"true","FUNCTION_SIGNATURE_TYPE":"http"},"maxInstanceCount":10,"ingressSettings":"ALLOW_ALL","uri":"https://validatedelete-iqcs3ho3pa-uc.a.run.app","serviceAccountEmail":"388226025861-compute@developer.gserviceaccount.com","availableMemory":"256Mi","allTrafficOnLatestRevision":true,"revision":"validatedelete-00003-lat","maxInstanceRequestConcurrency":80,"availableCpu":"1"},"state":"ACTIVE","labels":{"deployment-tool":"cli-firebase","deployment-callable":"true","firebase-functions-hash":"d11ed15f804aa79f0f35be9712b2470e6e47da66"},"environment":"GEN_2","url":"https://us-central1-laura-butallo-web.cloudfunctions.net/validateDelete","satisfiesPzi":true},"stages":[{"name":"BUILD","message":"Creating build","state":"IN_PROGRESS","resource":"projects/388226025861/locations/us-central1/builds/7d3f9da3-01ad-4a9c-be9b-28af1bd86b48","resourceUri":"https://console.cloud.google.com/cloud-build/builds;region=us-central1/7d3f9da3-01ad-4a9c-be9b-28af1bd86b48?project=388226025861"},{"name":"SERVICE","state":"NOT_STARTED"}],"operationType":"UPDATE_FUNCTION","buildName":"projects/388226025861/locations/us-central1/builds/7d3f9da3-01ad-4a9c-be9b-28af1bd86b48"},"done":false}
[debug] [2025-11-17T01:30:33.190Z] <<< [apiv2][status] GET https://cloudfunctions.googleapis.com/v2/projects/laura-butallo-web/locations/us-central1/operations/operation-1763343029848-643c04ae9487b-2feb40a7-55c8bb43 200
[debug] [2025-11-17T01:30:33.191Z] <<< [apiv2][body] GET https://cloudfunctions.googleapis.com/v2/projects/laura-butallo-web/locations/us-central1/operations/operation-1763343029848-643c04ae9487b-2feb40a7-55c8bb43 {"name":"projects/laura-butallo-web/locations/us-central1/operations/operation-1763343029848-643c04ae9487b-2feb40a7-55c8bb43","metadata":{"@type":"type.googleapis.com/google.cloud.functions.v2.OperationMetadata","createTime":"2025-11-17T01:30:31.272772663Z","target":"projects/laura-butallo-web/locations/us-central1/functions/migrateArtworksToAssets","verb":"update","cancelRequested":false,"apiVersion":"v2","requestResource":{"@type":"type.googleapis.com/google.cloud.functions.v2.Function","name":"projects/laura-butallo-web/locations/us-central1/functions/migrateArtworksToAssets","buildConfig":{"runtime":"nodejs22","entryPoint":"migrateArtworksToAssets","source":{"storageSource":{"bucket":"gcf-v2-sources-388226025861-us-central1","object":"migrateArtworksToAssets/function-source.zip","generation":"1763343031222174"}},"environmentVariables":{"GOOGLE_NODE_RUN_SCRIPTS":""},"dockerRepository":"projects/laura-butallo-web/locations/us-central1/repositories/gcf-artifacts","sourceProvenance":{"resolvedStorageSource":{"bucket":"gcf-v2-sources-388226025861-us-central1","object":"migrateArtworksToAssets/function-source.zip","generation":"1763342017154677"}},"dockerRegistry":"ARTIFACT_REGISTRY","serviceAccount":"projects/laura-butallo-web/serviceAccounts/388226025861-compute@developer.gserviceaccount.com","automaticUpdatePolicy":{}},"serviceConfig":{"service":"projects/laura-butallo-web/locations/us-central1/services/migrateartworkstoassets","timeoutSeconds":60,"environmentVariables":{"FIREBASE_CONFIG":"{\"projectId\":\"laura-butallo-web\",\"storageBucket\":\"laura-butallo-web.firebasestorage.app\"}","GCLOUD_PROJECT":"laura-butallo-web","EVENTARC_CLOUD_EVENT_SOURCE":"projects/laura-butallo-web/locations/us-central1/services/migrateArtworksToAssets","FUNCTION_TARGET":"migrateArtworksToAssets","LOG_EXECUTION_ID":"true","FUNCTION_SIGNATURE_TYPE":"http"},"maxInstanceCount":10,"ingressSettings":"ALLOW_ALL","uri":"https://migrateartworkstoassets-iqcs3ho3pa-uc.a.run.app","serviceAccountEmail":"388226025861-compute@developer.gserviceaccount.com","availableMemory":"256Mi","allTrafficOnLatestRevision":true,"revision":"migrateartworkstoassets-00003-vol","maxInstanceRequestConcurrency":80,"availableCpu":"1"},"state":"ACTIVE","labels":{"deployment-tool":"cli-firebase","deployment-callable":"true","firebase-functions-hash":"d11ed15f804aa79f0f35be9712b2470e6e47da66"},"environment":"GEN_2","url":"https://us-central1-laura-butallo-web.cloudfunctions.net/migrateArtworksToAssets","satisfiesPzi":true},"stages":[{"name":"BUILD","message":"Build in progress","state":"IN_PROGRESS","resource":"projects/388226025861/locations/us-central1/builds/cd29994c-8f78-4ee1-b8f3-f03872edb4fd","resourceUri":"https://console.cloud.google.com/cloud-build/builds;region=us-central1/cd29994c-8f78-4ee1-b8f3-f03872edb4fd?project=388226025861"},{"name":"SERVICE","state":"NOT_STARTED"}],"operationType":"UPDATE_FUNCTION","buildName":"projects/388226025861/locations/us-central1/builds/cd29994c-8f78-4ee1-b8f3-f03872edb4fd"},"done":false}
[debug] [2025-11-17T01:30:33.418Z] [update-default-us-central1-validateDelete] Retrying task index 0
[debug] [2025-11-17T01:30:33.418Z] Checked if tokens are valid: true, expires at: 1763345488902
[debug] [2025-11-17T01:30:33.418Z] Checked if tokens are valid: true, expires at: 1763345488902
[debug] [2025-11-17T01:30:33.419Z] >>> [apiv2][query] GET https://cloudfunctions.googleapis.com/v2/projects/laura-butallo-web/locations/us-central1/operations/operation-1763343029841-643c04ae92e9b-af89f214-9eb57570 [none]
[debug] [2025-11-17T01:30:33.857Z] <<< [apiv2][status] PATCH https://cloudfunctions.googleapis.com/v2/projects/laura-butallo-web/locations/us-central1/functions/regenerateDownloadUrl 200
[debug] [2025-11-17T01:30:33.857Z] <<< [apiv2][body] PATCH https://cloudfunctions.googleapis.com/v2/projects/laura-butallo-web/locations/us-central1/functions/regenerateDownloadUrl {"name":"projects/laura-butallo-web/locations/us-central1/operations/operation-1763343029797-643c04ae88153-159d6827-112df137","metadata":{"@type":"type.googleapis.com/google.cloud.functions.v2.OperationMetadata","createTime":"2025-11-17T01:30:33.855241618Z","target":"projects/laura-butallo-web/locations/us-central1/functions/regenerateDownloadUrl","verb":"update","cancelRequested":false,"apiVersion":"v2"},"done":false}
[debug] [2025-11-17T01:30:33.857Z] Checked if tokens are valid: true, expires at: 1763345488902
[debug] [2025-11-17T01:30:33.857Z] Checked if tokens are valid: true, expires at: 1763345488902
[debug] [2025-11-17T01:30:33.857Z] >>> [apiv2][query] GET https://cloudfunctions.googleapis.com/v2/projects/laura-butallo-web/locations/us-central1/operations/operation-1763343029797-643c04ae88153-159d6827-112df137 [none]
[debug] [2025-11-17T01:30:34.121Z] <<< [apiv2][status] GET https://cloudfunctions.googleapis.com/v2/projects/laura-butallo-web/locations/us-central1/operations/operation-1763343029841-643c04ae92e9b-af89f214-9eb57570 200
[debug] [2025-11-17T01:30:34.122Z] <<< [apiv2][body] GET https://cloudfunctions.googleapis.com/v2/projects/laura-butallo-web/locations/us-central1/operations/operation-1763343029841-643c04ae92e9b-af89f214-9eb57570 {"name":"projects/laura-butallo-web/locations/us-central1/operations/operation-1763343029841-643c04ae92e9b-af89f214-9eb57570","metadata":{"@type":"type.googleapis.com/google.cloud.functions.v2.OperationMetadata","createTime":"2025-11-17T01:30:32.208676762Z","target":"projects/laura-butallo-web/locations/us-central1/functions/validateDelete","verb":"update","cancelRequested":false,"apiVersion":"v2","requestResource":{"@type":"type.googleapis.com/google.cloud.functions.v2.Function","name":"projects/laura-butallo-web/locations/us-central1/functions/validateDelete","buildConfig":{"runtime":"nodejs22","entryPoint":"validateDelete","source":{"storageSource":{"bucket":"gcf-v2-sources-388226025861-us-central1","object":"validateDelete/function-source.zip","generation":"1763343032147878"}},"environmentVariables":{"GOOGLE_NODE_RUN_SCRIPTS":""},"dockerRepository":"projects/laura-butallo-web/locations/us-central1/repositories/gcf-artifacts","sourceProvenance":{"resolvedStorageSource":{"bucket":"gcf-v2-sources-388226025861-us-central1","object":"validateDelete/function-source.zip","generation":"1763342016089566"}},"dockerRegistry":"ARTIFACT_REGISTRY","serviceAccount":"projects/laura-butallo-web/serviceAccounts/388226025861-compute@developer.gserviceaccount.com","automaticUpdatePolicy":{}},"serviceConfig":{"service":"projects/laura-butallo-web/locations/us-central1/services/validatedelete","timeoutSeconds":60,"environmentVariables":{"FIREBASE_CONFIG":"{\"projectId\":\"laura-butallo-web\",\"storageBucket\":\"laura-butallo-web.firebasestorage.app\"}","GCLOUD_PROJECT":"laura-butallo-web","EVENTARC_CLOUD_EVENT_SOURCE":"projects/laura-butallo-web/locations/us-central1/services/validateDelete","FUNCTION_TARGET":"validateDelete","LOG_EXECUTION_ID":"true","FUNCTION_SIGNATURE_TYPE":"http"},"maxInstanceCount":10,"ingressSettings":"ALLOW_ALL","uri":"https://validatedelete-iqcs3ho3pa-uc.a.run.app","serviceAccountEmail":"388226025861-compute@developer.gserviceaccount.com","availableMemory":"256Mi","allTrafficOnLatestRevision":true,"revision":"validatedelete-00003-lat","maxInstanceRequestConcurrency":80,"availableCpu":"1"},"state":"ACTIVE","labels":{"deployment-tool":"cli-firebase","deployment-callable":"true","firebase-functions-hash":"d11ed15f804aa79f0f35be9712b2470e6e47da66"},"environment":"GEN_2","url":"https://us-central1-laura-butallo-web.cloudfunctions.net/validateDelete","satisfiesPzi":true},"stages":[{"name":"BUILD","message":"Build in progress","state":"IN_PROGRESS","resource":"projects/388226025861/locations/us-central1/builds/7d3f9da3-01ad-4a9c-be9b-28af1bd86b48","resourceUri":"https://console.cloud.google.com/cloud-build/builds;region=us-central1/7d3f9da3-01ad-4a9c-be9b-28af1bd86b48?project=388226025861"},{"name":"SERVICE","state":"NOT_STARTED"}],"operationType":"UPDATE_FUNCTION","buildName":"projects/388226025861/locations/us-central1/builds/7d3f9da3-01ad-4a9c-be9b-28af1bd86b48"},"done":false}
[debug] [2025-11-17T01:30:34.191Z] [update-default-us-central1-migrateArtworksToAssets] Retrying task index 0
[debug] [2025-11-17T01:30:34.191Z] Checked if tokens are valid: true, expires at: 1763345488902
[debug] [2025-11-17T01:30:34.191Z] Checked if tokens are valid: true, expires at: 1763345488902
[debug] [2025-11-17T01:30:34.191Z] >>> [apiv2][query] GET https://cloudfunctions.googleapis.com/v2/projects/laura-butallo-web/locations/us-central1/operations/operation-1763343029848-643c04ae9487b-2feb40a7-55c8bb43 [none]
[debug] [2025-11-17T01:30:34.577Z] <<< [apiv2][status] GET https://cloudfunctions.googleapis.com/v2/projects/laura-butallo-web/locations/us-central1/operations/operation-1763343029797-643c04ae88153-159d6827-112df137 200
[debug] [2025-11-17T01:30:34.577Z] <<< [apiv2][body] GET https://cloudfunctions.googleapis.com/v2/projects/laura-butallo-web/locations/us-central1/operations/operation-1763343029797-643c04ae88153-159d6827-112df137 {"name":"projects/laura-butallo-web/locations/us-central1/operations/operation-1763343029797-643c04ae88153-159d6827-112df137","metadata":{"@type":"type.googleapis.com/google.cloud.functions.v2.OperationMetadata","createTime":"2025-11-17T01:30:33.855241618Z","target":"projects/laura-butallo-web/locations/us-central1/functions/regenerateDownloadUrl","verb":"update","cancelRequested":false,"apiVersion":"v2","requestResource":{"@type":"type.googleapis.com/google.cloud.functions.v2.Function","name":"projects/laura-butallo-web/locations/us-central1/functions/regenerateDownloadUrl","buildConfig":{"runtime":"nodejs22","entryPoint":"regenerateDownloadUrl","source":{"storageSource":{"bucket":"gcf-v2-sources-388226025861-us-central1","object":"regenerateDownloadUrl/function-source.zip","generation":"1763343033808021"}},"environmentVariables":{"GOOGLE_NODE_RUN_SCRIPTS":""},"dockerRepository":"projects/laura-butallo-web/locations/us-central1/repositories/gcf-artifacts","sourceProvenance":{"resolvedStorageSource":{"bucket":"gcf-v2-sources-388226025861-us-central1","object":"regenerateDownloadUrl/function-source.zip","generation":"1763342016869486"}},"dockerRegistry":"ARTIFACT_REGISTRY","serviceAccount":"projects/laura-butallo-web/serviceAccounts/388226025861-compute@developer.gserviceaccount.com","automaticUpdatePolicy":{}},"serviceConfig":{"service":"projects/laura-butallo-web/locations/us-central1/services/regeneratedownloadurl","timeoutSeconds":60,"environmentVariables":{"FIREBASE_CONFIG":"{\"projectId\":\"laura-butallo-web\",\"storageBucket\":\"laura-butallo-web.firebasestorage.app\"}","GCLOUD_PROJECT":"laura-butallo-web","EVENTARC_CLOUD_EVENT_SOURCE":"projects/laura-butallo-web/locations/us-central1/services/regenerateDownloadUrl","FUNCTION_TARGET":"regenerateDownloadUrl","LOG_EXECUTION_ID":"true","FUNCTION_SIGNATURE_TYPE":"http"},"maxInstanceCount":10,"ingressSettings":"ALLOW_ALL","uri":"https://regeneratedownloadurl-iqcs3ho3pa-uc.a.run.app","serviceAccountEmail":"388226025861-compute@developer.gserviceaccount.com","availableMemory":"256Mi","allTrafficOnLatestRevision":true,"revision":"regeneratedownloadurl-00003-bay","maxInstanceRequestConcurrency":80,"availableCpu":"1"},"state":"ACTIVE","labels":{"deployment-tool":"cli-firebase","deployment-callable":"true","firebase-functions-hash":"d11ed15f804aa79f0f35be9712b2470e6e47da66"},"environment":"GEN_2","url":"https://us-central1-laura-butallo-web.cloudfunctions.net/regenerateDownloadUrl","satisfiesPzi":true},"stages":[{"name":"BUILD","message":"Creating build","state":"IN_PROGRESS","resource":"projects/388226025861/locations/us-central1/builds/ee19c948-bce1-4dc5-af9d-cebf57daea18","resourceUri":"https://console.cloud.google.com/cloud-build/builds;region=us-central1/ee19c948-bce1-4dc5-af9d-cebf57daea18?project=388226025861"},{"name":"SERVICE","state":"NOT_STARTED"}],"operationType":"UPDATE_FUNCTION","buildName":"projects/388226025861/locations/us-central1/builds/ee19c948-bce1-4dc5-af9d-cebf57daea18"},"done":false}
[debug] [2025-11-17T01:30:34.899Z] <<< [apiv2][status] GET https://cloudfunctions.googleapis.com/v2/projects/laura-butallo-web/locations/us-central1/operations/operation-1763343029848-643c04ae9487b-2feb40a7-55c8bb43 200
[debug] [2025-11-17T01:30:34.899Z] <<< [apiv2][body] GET https://cloudfunctions.googleapis.com/v2/projects/laura-butallo-web/locations/us-central1/operations/operation-1763343029848-643c04ae9487b-2feb40a7-55c8bb43 {"name":"projects/laura-butallo-web/locations/us-central1/operations/operation-1763343029848-643c04ae9487b-2feb40a7-55c8bb43","metadata":{"@type":"type.googleapis.com/google.cloud.functions.v2.OperationMetadata","createTime":"2025-11-17T01:30:31.272772663Z","target":"projects/laura-butallo-web/locations/us-central1/functions/migrateArtworksToAssets","verb":"update","cancelRequested":false,"apiVersion":"v2","requestResource":{"@type":"type.googleapis.com/google.cloud.functions.v2.Function","name":"projects/laura-butallo-web/locations/us-central1/functions/migrateArtworksToAssets","buildConfig":{"runtime":"nodejs22","entryPoint":"migrateArtworksToAssets","source":{"storageSource":{"bucket":"gcf-v2-sources-388226025861-us-central1","object":"migrateArtworksToAssets/function-source.zip","generation":"1763343031222174"}},"environmentVariables":{"GOOGLE_NODE_RUN_SCRIPTS":""},"dockerRepository":"projects/laura-butallo-web/locations/us-central1/repositories/gcf-artifacts","sourceProvenance":{"resolvedStorageSource":{"bucket":"gcf-v2-sources-388226025861-us-central1","object":"migrateArtworksToAssets/function-source.zip","generation":"1763342017154677"}},"dockerRegistry":"ARTIFACT_REGISTRY","serviceAccount":"projects/laura-butallo-web/serviceAccounts/388226025861-compute@developer.gserviceaccount.com","automaticUpdatePolicy":{}},"serviceConfig":{"service":"projects/laura-butallo-web/locations/us-central1/services/migrateartworkstoassets","timeoutSeconds":60,"environmentVariables":{"FIREBASE_CONFIG":"{\"projectId\":\"laura-butallo-web\",\"storageBucket\":\"laura-butallo-web.firebasestorage.app\"}","GCLOUD_PROJECT":"laura-butallo-web","EVENTARC_CLOUD_EVENT_SOURCE":"projects/laura-butallo-web/locations/us-central1/services/migrateArtworksToAssets","FUNCTION_TARGET":"migrateArtworksToAssets","LOG_EXECUTION_ID":"true","FUNCTION_SIGNATURE_TYPE":"http"},"maxInstanceCount":10,"ingressSettings":"ALLOW_ALL","uri":"https://migrateartworkstoassets-iqcs3ho3pa-uc.a.run.app","serviceAccountEmail":"388226025861-compute@developer.gserviceaccount.com","availableMemory":"256Mi","allTrafficOnLatestRevision":true,"revision":"migrateartworkstoassets-00003-vol","maxInstanceRequestConcurrency":80,"availableCpu":"1"},"state":"ACTIVE","labels":{"deployment-tool":"cli-firebase","deployment-callable":"true","firebase-functions-hash":"d11ed15f804aa79f0f35be9712b2470e6e47da66"},"environment":"GEN_2","url":"https://us-central1-laura-butallo-web.cloudfunctions.net/migrateArtworksToAssets","satisfiesPzi":true},"stages":[{"name":"BUILD","message":"Build in progress","state":"IN_PROGRESS","resource":"projects/388226025861/locations/us-central1/builds/cd29994c-8f78-4ee1-b8f3-f03872edb4fd","resourceUri":"https://console.cloud.google.com/cloud-build/builds;region=us-central1/cd29994c-8f78-4ee1-b8f3-f03872edb4fd?project=388226025861"},{"name":"SERVICE","state":"NOT_STARTED"}],"operationType":"UPDATE_FUNCTION","buildName":"projects/388226025861/locations/us-central1/builds/cd29994c-8f78-4ee1-b8f3-f03872edb4fd"},"done":false}
[debug] [2025-11-17T01:30:35.077Z] [update-default-us-central1-regenerateDownloadUrl] Retrying task index 0
[debug] [2025-11-17T01:30:35.078Z] Checked if tokens are valid: true, expires at: 1763345488902
[debug] [2025-11-17T01:30:35.078Z] Checked if tokens are valid: true, expires at: 1763345488902
[debug] [2025-11-17T01:30:35.078Z] >>> [apiv2][query] GET https://cloudfunctions.googleapis.com/v2/projects/laura-butallo-web/locations/us-central1/operations/operation-1763343029797-643c04ae88153-159d6827-112df137 [none]
[debug] [2025-11-17T01:30:35.123Z] [update-default-us-central1-validateDelete] Retrying task index 0
[debug] [2025-11-17T01:30:35.123Z] Checked if tokens are valid: true, expires at: 1763345488902
[debug] [2025-11-17T01:30:35.123Z] Checked if tokens are valid: true, expires at: 1763345488902
[debug] [2025-11-17T01:30:35.124Z] >>> [apiv2][query] GET https://cloudfunctions.googleapis.com/v2/projects/laura-butallo-web/locations/us-central1/operations/operation-1763343029841-643c04ae92e9b-af89f214-9eb57570 [none]
[debug] [2025-11-17T01:30:35.818Z] <<< [apiv2][status] GET https://cloudfunctions.googleapis.com/v2/projects/laura-butallo-web/locations/us-central1/operations/operation-1763343029841-643c04ae92e9b-af89f214-9eb57570 200
[debug] [2025-11-17T01:30:35.818Z] <<< [apiv2][body] GET https://cloudfunctions.googleapis.com/v2/projects/laura-butallo-web/locations/us-central1/operations/operation-1763343029841-643c04ae92e9b-af89f214-9eb57570 {"name":"projects/laura-butallo-web/locations/us-central1/operations/operation-1763343029841-643c04ae92e9b-af89f214-9eb57570","metadata":{"@type":"type.googleapis.com/google.cloud.functions.v2.OperationMetadata","createTime":"2025-11-17T01:30:32.208676762Z","target":"projects/laura-butallo-web/locations/us-central1/functions/validateDelete","verb":"update","cancelRequested":false,"apiVersion":"v2","requestResource":{"@type":"type.googleapis.com/google.cloud.functions.v2.Function","name":"projects/laura-butallo-web/locations/us-central1/functions/validateDelete","buildConfig":{"runtime":"nodejs22","entryPoint":"validateDelete","source":{"storageSource":{"bucket":"gcf-v2-sources-388226025861-us-central1","object":"validateDelete/function-source.zip","generation":"1763343032147878"}},"environmentVariables":{"GOOGLE_NODE_RUN_SCRIPTS":""},"dockerRepository":"projects/laura-butallo-web/locations/us-central1/repositories/gcf-artifacts","sourceProvenance":{"resolvedStorageSource":{"bucket":"gcf-v2-sources-388226025861-us-central1","object":"validateDelete/function-source.zip","generation":"1763342016089566"}},"dockerRegistry":"ARTIFACT_REGISTRY","serviceAccount":"projects/laura-butallo-web/serviceAccounts/388226025861-compute@developer.gserviceaccount.com","automaticUpdatePolicy":{}},"serviceConfig":{"service":"projects/laura-butallo-web/locations/us-central1/services/validatedelete","timeoutSeconds":60,"environmentVariables":{"FIREBASE_CONFIG":"{\"projectId\":\"laura-butallo-web\",\"storageBucket\":\"laura-butallo-web.firebasestorage.app\"}","GCLOUD_PROJECT":"laura-butallo-web","EVENTARC_CLOUD_EVENT_SOURCE":"projects/laura-butallo-web/locations/us-central1/services/validateDelete","FUNCTION_TARGET":"validateDelete","LOG_EXECUTION_ID":"true","FUNCTION_SIGNATURE_TYPE":"http"},"maxInstanceCount":10,"ingressSettings":"ALLOW_ALL","uri":"https://validatedelete-iqcs3ho3pa-uc.a.run.app","serviceAccountEmail":"388226025861-compute@developer.gserviceaccount.com","availableMemory":"256Mi","allTrafficOnLatestRevision":true,"revision":"validatedelete-00003-lat","maxInstanceRequestConcurrency":80,"availableCpu":"1"},"state":"ACTIVE","labels":{"deployment-tool":"cli-firebase","deployment-callable":"true","firebase-functions-hash":"d11ed15f804aa79f0f35be9712b2470e6e47da66"},"environment":"GEN_2","url":"https://us-central1-laura-butallo-web.cloudfunctions.net/validateDelete","satisfiesPzi":true},"stages":[{"name":"BUILD","message":"Build in progress","state":"IN_PROGRESS","resource":"projects/388226025861/locations/us-central1/builds/7d3f9da3-01ad-4a9c-be9b-28af1bd86b48","resourceUri":"https://console.cloud.google.com/cloud-build/builds;region=us-central1/7d3f9da3-01ad-4a9c-be9b-28af1bd86b48?project=388226025861"},{"name":"SERVICE","state":"NOT_STARTED"}],"operationType":"UPDATE_FUNCTION","buildName":"projects/388226025861/locations/us-central1/builds/7d3f9da3-01ad-4a9c-be9b-28af1bd86b48"},"done":false}
[debug] [2025-11-17T01:30:35.881Z] <<< [apiv2][status] GET https://cloudfunctions.googleapis.com/v2/projects/laura-butallo-web/locations/us-central1/operations/operation-1763343029797-643c04ae88153-159d6827-112df137 200
[debug] [2025-11-17T01:30:35.881Z] <<< [apiv2][body] GET https://cloudfunctions.googleapis.com/v2/projects/laura-butallo-web/locations/us-central1/operations/operation-1763343029797-643c04ae88153-159d6827-112df137 {"name":"projects/laura-butallo-web/locations/us-central1/operations/operation-1763343029797-643c04ae88153-159d6827-112df137","metadata":{"@type":"type.googleapis.com/google.cloud.functions.v2.OperationMetadata","createTime":"2025-11-17T01:30:33.855241618Z","target":"projects/laura-butallo-web/locations/us-central1/functions/regenerateDownloadUrl","verb":"update","cancelRequested":false,"apiVersion":"v2","requestResource":{"@type":"type.googleapis.com/google.cloud.functions.v2.Function","name":"projects/laura-butallo-web/locations/us-central1/functions/regenerateDownloadUrl","buildConfig":{"runtime":"nodejs22","entryPoint":"regenerateDownloadUrl","source":{"storageSource":{"bucket":"gcf-v2-sources-388226025861-us-central1","object":"regenerateDownloadUrl/function-source.zip","generation":"1763343033808021"}},"environmentVariables":{"GOOGLE_NODE_RUN_SCRIPTS":""},"dockerRepository":"projects/laura-butallo-web/locations/us-central1/repositories/gcf-artifacts","sourceProvenance":{"resolvedStorageSource":{"bucket":"gcf-v2-sources-388226025861-us-central1","object":"regenerateDownloadUrl/function-source.zip","generation":"1763342016869486"}},"dockerRegistry":"ARTIFACT_REGISTRY","serviceAccount":"projects/laura-butallo-web/serviceAccounts/388226025861-compute@developer.gserviceaccount.com","automaticUpdatePolicy":{}},"serviceConfig":{"service":"projects/laura-butallo-web/locations/us-central1/services/regeneratedownloadurl","timeoutSeconds":60,"environmentVariables":{"FIREBASE_CONFIG":"{\"projectId\":\"laura-butallo-web\",\"storageBucket\":\"laura-butallo-web.firebasestorage.app\"}","GCLOUD_PROJECT":"laura-butallo-web","EVENTARC_CLOUD_EVENT_SOURCE":"projects/laura-butallo-web/locations/us-central1/services/regenerateDownloadUrl","FUNCTION_TARGET":"regenerateDownloadUrl","LOG_EXECUTION_ID":"true","FUNCTION_SIGNATURE_TYPE":"http"},"maxInstanceCount":10,"ingressSettings":"ALLOW_ALL","uri":"https://regeneratedownloadurl-iqcs3ho3pa-uc.a.run.app","serviceAccountEmail":"388226025861-compute@developer.gserviceaccount.com","availableMemory":"256Mi","allTrafficOnLatestRevision":true,"revision":"regeneratedownloadurl-00003-bay","maxInstanceRequestConcurrency":80,"availableCpu":"1"},"state":"ACTIVE","labels":{"deployment-tool":"cli-firebase","deployment-callable":"true","firebase-functions-hash":"d11ed15f804aa79f0f35be9712b2470e6e47da66"},"environment":"GEN_2","url":"https://us-central1-laura-butallo-web.cloudfunctions.net/regenerateDownloadUrl","satisfiesPzi":true},"stages":[{"name":"BUILD","message":"Build in progress","state":"IN_PROGRESS","resource":"projects/388226025861/locations/us-central1/builds/ee19c948-bce1-4dc5-af9d-cebf57daea18","resourceUri":"https://console.cloud.google.com/cloud-build/builds;region=us-central1/ee19c948-bce1-4dc5-af9d-cebf57daea18?project=388226025861"},{"name":"SERVICE","state":"NOT_STARTED"}],"operationType":"UPDATE_FUNCTION","buildName":"projects/388226025861/locations/us-central1/builds/ee19c948-bce1-4dc5-af9d-cebf57daea18"},"done":false}
[debug] [2025-11-17T01:30:36.882Z] [update-default-us-central1-regenerateDownloadUrl] Retrying task index 0
[debug] [2025-11-17T01:30:36.882Z] Checked if tokens are valid: true, expires at: 1763345488902
[debug] [2025-11-17T01:30:36.882Z] Checked if tokens are valid: true, expires at: 1763345488902
[debug] [2025-11-17T01:30:36.882Z] >>> [apiv2][query] GET https://cloudfunctions.googleapis.com/v2/projects/laura-butallo-web/locations/us-central1/operations/operation-1763343029797-643c04ae88153-159d6827-112df137 [none]
[debug] [2025-11-17T01:30:36.899Z] [update-default-us-central1-migrateArtworksToAssets] Retrying task index 0
[debug] [2025-11-17T01:30:36.900Z] Checked if tokens are valid: true, expires at: 1763345488902
[debug] [2025-11-17T01:30:36.900Z] Checked if tokens are valid: true, expires at: 1763345488902
[debug] [2025-11-17T01:30:36.900Z] >>> [apiv2][query] GET https://cloudfunctions.googleapis.com/v2/projects/laura-butallo-web/locations/us-central1/operations/operation-1763343029848-643c04ae9487b-2feb40a7-55c8bb43 [none]
[debug] [2025-11-17T01:30:37.567Z] <<< [apiv2][status] GET https://cloudfunctions.googleapis.com/v2/projects/laura-butallo-web/locations/us-central1/operations/operation-1763343029797-643c04ae88153-159d6827-112df137 200
[debug] [2025-11-17T01:30:37.567Z] <<< [apiv2][body] GET https://cloudfunctions.googleapis.com/v2/projects/laura-butallo-web/locations/us-central1/operations/operation-1763343029797-643c04ae88153-159d6827-112df137 {"name":"projects/laura-butallo-web/locations/us-central1/operations/operation-1763343029797-643c04ae88153-159d6827-112df137","metadata":{"@type":"type.googleapis.com/google.cloud.functions.v2.OperationMetadata","createTime":"2025-11-17T01:30:33.855241618Z","target":"projects/laura-butallo-web/locations/us-central1/functions/regenerateDownloadUrl","verb":"update","cancelRequested":false,"apiVersion":"v2","requestResource":{"@type":"type.googleapis.com/google.cloud.functions.v2.Function","name":"projects/laura-butallo-web/locations/us-central1/functions/regenerateDownloadUrl","buildConfig":{"runtime":"nodejs22","entryPoint":"regenerateDownloadUrl","source":{"storageSource":{"bucket":"gcf-v2-sources-388226025861-us-central1","object":"regenerateDownloadUrl/function-source.zip","generation":"1763343033808021"}},"environmentVariables":{"GOOGLE_NODE_RUN_SCRIPTS":""},"dockerRepository":"projects/laura-butallo-web/locations/us-central1/repositories/gcf-artifacts","sourceProvenance":{"resolvedStorageSource":{"bucket":"gcf-v2-sources-388226025861-us-central1","object":"regenerateDownloadUrl/function-source.zip","generation":"1763342016869486"}},"dockerRegistry":"ARTIFACT_REGISTRY","serviceAccount":"projects/laura-butallo-web/serviceAccounts/388226025861-compute@developer.gserviceaccount.com","automaticUpdatePolicy":{}},"serviceConfig":{"service":"projects/laura-butallo-web/locations/us-central1/services/regeneratedownloadurl","timeoutSeconds":60,"environmentVariables":{"FIREBASE_CONFIG":"{\"projectId\":\"laura-butallo-web\",\"storageBucket\":\"laura-butallo-web.firebasestorage.app\"}","GCLOUD_PROJECT":"laura-butallo-web","EVENTARC_CLOUD_EVENT_SOURCE":"projects/laura-butallo-web/locations/us-central1/services/regenerateDownloadUrl","FUNCTION_TARGET":"regenerateDownloadUrl","LOG_EXECUTION_ID":"true","FUNCTION_SIGNATURE_TYPE":"http"},"maxInstanceCount":10,"ingressSettings":"ALLOW_ALL","uri":"https://regeneratedownloadurl-iqcs3ho3pa-uc.a.run.app","serviceAccountEmail":"388226025861-compute@developer.gserviceaccount.com","availableMemory":"256Mi","allTrafficOnLatestRevision":true,"revision":"regeneratedownloadurl-00003-bay","maxInstanceRequestConcurrency":80,"availableCpu":"1"},"state":"ACTIVE","labels":{"deployment-tool":"cli-firebase","deployment-callable":"true","firebase-functions-hash":"d11ed15f804aa79f0f35be9712b2470e6e47da66"},"environment":"GEN_2","url":"https://us-central1-laura-butallo-web.cloudfunctions.net/regenerateDownloadUrl","satisfiesPzi":true},"stages":[{"name":"BUILD","message":"Build in progress","state":"IN_PROGRESS","resource":"projects/388226025861/locations/us-central1/builds/ee19c948-bce1-4dc5-af9d-cebf57daea18","resourceUri":"https://console.cloud.google.com/cloud-build/builds;region=us-central1/ee19c948-bce1-4dc5-af9d-cebf57daea18?project=388226025861"},{"name":"SERVICE","state":"NOT_STARTED"}],"operationType":"UPDATE_FUNCTION","buildName":"projects/388226025861/locations/us-central1/builds/ee19c948-bce1-4dc5-af9d-cebf57daea18"},"done":false}
[debug] [2025-11-17T01:30:37.598Z] <<< [apiv2][status] GET https://cloudfunctions.googleapis.com/v2/projects/laura-butallo-web/locations/us-central1/operations/operation-1763343029848-643c04ae9487b-2feb40a7-55c8bb43 200
[debug] [2025-11-17T01:30:37.598Z] <<< [apiv2][body] GET https://cloudfunctions.googleapis.com/v2/projects/laura-butallo-web/locations/us-central1/operations/operation-1763343029848-643c04ae9487b-2feb40a7-55c8bb43 {"name":"projects/laura-butallo-web/locations/us-central1/operations/operation-1763343029848-643c04ae9487b-2feb40a7-55c8bb43","metadata":{"@type":"type.googleapis.com/google.cloud.functions.v2.OperationMetadata","createTime":"2025-11-17T01:30:31.272772663Z","target":"projects/laura-butallo-web/locations/us-central1/functions/migrateArtworksToAssets","verb":"update","cancelRequested":false,"apiVersion":"v2","requestResource":{"@type":"type.googleapis.com/google.cloud.functions.v2.Function","name":"projects/laura-butallo-web/locations/us-central1/functions/migrateArtworksToAssets","buildConfig":{"runtime":"nodejs22","entryPoint":"migrateArtworksToAssets","source":{"storageSource":{"bucket":"gcf-v2-sources-388226025861-us-central1","object":"migrateArtworksToAssets/function-source.zip","generation":"1763343031222174"}},"environmentVariables":{"GOOGLE_NODE_RUN_SCRIPTS":""},"dockerRepository":"projects/laura-butallo-web/locations/us-central1/repositories/gcf-artifacts","sourceProvenance":{"resolvedStorageSource":{"bucket":"gcf-v2-sources-388226025861-us-central1","object":"migrateArtworksToAssets/function-source.zip","generation":"1763342017154677"}},"dockerRegistry":"ARTIFACT_REGISTRY","serviceAccount":"projects/laura-butallo-web/serviceAccounts/388226025861-compute@developer.gserviceaccount.com","automaticUpdatePolicy":{}},"serviceConfig":{"service":"projects/laura-butallo-web/locations/us-central1/services/migrateartworkstoassets","timeoutSeconds":60,"environmentVariables":{"FIREBASE_CONFIG":"{\"projectId\":\"laura-butallo-web\",\"storageBucket\":\"laura-butallo-web.firebasestorage.app\"}","GCLOUD_PROJECT":"laura-butallo-web","EVENTARC_CLOUD_EVENT_SOURCE":"projects/laura-butallo-web/locations/us-central1/services/migrateArtworksToAssets","FUNCTION_TARGET":"migrateArtworksToAssets","LOG_EXECUTION_ID":"true","FUNCTION_SIGNATURE_TYPE":"http"},"maxInstanceCount":10,"ingressSettings":"ALLOW_ALL","uri":"https://migrateartworkstoassets-iqcs3ho3pa-uc.a.run.app","serviceAccountEmail":"388226025861-compute@developer.gserviceaccount.com","availableMemory":"256Mi","allTrafficOnLatestRevision":true,"revision":"migrateartworkstoassets-00003-vol","maxInstanceRequestConcurrency":80,"availableCpu":"1"},"state":"ACTIVE","labels":{"deployment-tool":"cli-firebase","deployment-callable":"true","firebase-functions-hash":"d11ed15f804aa79f0f35be9712b2470e6e47da66"},"environment":"GEN_2","url":"https://us-central1-laura-butallo-web.cloudfunctions.net/migrateArtworksToAssets","satisfiesPzi":true},"stages":[{"name":"BUILD","message":"Build in progress","state":"IN_PROGRESS","resource":"projects/388226025861/locations/us-central1/builds/cd29994c-8f78-4ee1-b8f3-f03872edb4fd","resourceUri":"https://console.cloud.google.com/cloud-build/builds;region=us-central1/cd29994c-8f78-4ee1-b8f3-f03872edb4fd?project=388226025861"},{"name":"SERVICE","state":"NOT_STARTED"}],"operationType":"UPDATE_FUNCTION","buildName":"projects/388226025861/locations/us-central1/builds/cd29994c-8f78-4ee1-b8f3-f03872edb4fd"},"done":false}
[debug] [2025-11-17T01:30:37.818Z] [update-default-us-central1-validateDelete] Retrying task index 0
[debug] [2025-11-17T01:30:37.818Z] Checked if tokens are valid: true, expires at: 1763345488902
[debug] [2025-11-17T01:30:37.818Z] Checked if tokens are valid: true, expires at: 1763345488902
[debug] [2025-11-17T01:30:37.818Z] >>> [apiv2][query] GET https://cloudfunctions.googleapis.com/v2/projects/laura-butallo-web/locations/us-central1/operations/operation-1763343029841-643c04ae92e9b-af89f214-9eb57570 [none]
[debug] [2025-11-17T01:30:38.517Z] <<< [apiv2][status] GET https://cloudfunctions.googleapis.com/v2/projects/laura-butallo-web/locations/us-central1/operations/operation-1763343029841-643c04ae92e9b-af89f214-9eb57570 200
[debug] [2025-11-17T01:30:38.518Z] <<< [apiv2][body] GET https://cloudfunctions.googleapis.com/v2/projects/laura-butallo-web/locations/us-central1/operations/operation-1763343029841-643c04ae92e9b-af89f214-9eb57570 {"name":"projects/laura-butallo-web/locations/us-central1/operations/operation-1763343029841-643c04ae92e9b-af89f214-9eb57570","metadata":{"@type":"type.googleapis.com/google.cloud.functions.v2.OperationMetadata","createTime":"2025-11-17T01:30:32.208676762Z","target":"projects/laura-butallo-web/locations/us-central1/functions/validateDelete","verb":"update","cancelRequested":false,"apiVersion":"v2","requestResource":{"@type":"type.googleapis.com/google.cloud.functions.v2.Function","name":"projects/laura-butallo-web/locations/us-central1/functions/validateDelete","buildConfig":{"runtime":"nodejs22","entryPoint":"validateDelete","source":{"storageSource":{"bucket":"gcf-v2-sources-388226025861-us-central1","object":"validateDelete/function-source.zip","generation":"1763343032147878"}},"environmentVariables":{"GOOGLE_NODE_RUN_SCRIPTS":""},"dockerRepository":"projects/laura-butallo-web/locations/us-central1/repositories/gcf-artifacts","sourceProvenance":{"resolvedStorageSource":{"bucket":"gcf-v2-sources-388226025861-us-central1","object":"validateDelete/function-source.zip","generation":"1763342016089566"}},"dockerRegistry":"ARTIFACT_REGISTRY","serviceAccount":"projects/laura-butallo-web/serviceAccounts/388226025861-compute@developer.gserviceaccount.com","automaticUpdatePolicy":{}},"serviceConfig":{"service":"projects/laura-butallo-web/locations/us-central1/services/validatedelete","timeoutSeconds":60,"environmentVariables":{"FIREBASE_CONFIG":"{\"projectId\":\"laura-butallo-web\",\"storageBucket\":\"laura-butallo-web.firebasestorage.app\"}","GCLOUD_PROJECT":"laura-butallo-web","EVENTARC_CLOUD_EVENT_SOURCE":"projects/laura-butallo-web/locations/us-central1/services/validateDelete","FUNCTION_TARGET":"validateDelete","LOG_EXECUTION_ID":"true","FUNCTION_SIGNATURE_TYPE":"http"},"maxInstanceCount":10,"ingressSettings":"ALLOW_ALL","uri":"https://validatedelete-iqcs3ho3pa-uc.a.run.app","serviceAccountEmail":"388226025861-compute@developer.gserviceaccount.com","availableMemory":"256Mi","allTrafficOnLatestRevision":true,"revision":"validatedelete-00003-lat","maxInstanceRequestConcurrency":80,"availableCpu":"1"},"state":"ACTIVE","labels":{"deployment-tool":"cli-firebase","deployment-callable":"true","firebase-functions-hash":"d11ed15f804aa79f0f35be9712b2470e6e47da66"},"environment":"GEN_2","url":"https://us-central1-laura-butallo-web.cloudfunctions.net/validateDelete","satisfiesPzi":true},"stages":[{"name":"BUILD","message":"Build in progress","state":"IN_PROGRESS","resource":"projects/388226025861/locations/us-central1/builds/7d3f9da3-01ad-4a9c-be9b-28af1bd86b48","resourceUri":"https://console.cloud.google.com/cloud-build/builds;region=us-central1/7d3f9da3-01ad-4a9c-be9b-28af1bd86b48?project=388226025861"},{"name":"SERVICE","state":"NOT_STARTED"}],"operationType":"UPDATE_FUNCTION","buildName":"projects/388226025861/locations/us-central1/builds/7d3f9da3-01ad-4a9c-be9b-28af1bd86b48"},"done":false}
[debug] [2025-11-17T01:30:38.644Z] [update-default-europe-west3-onVideoFinalize] Retrying task index 0
[debug] [2025-11-17T01:30:38.644Z] Checked if tokens are valid: true, expires at: 1763345488902
[debug] [2025-11-17T01:30:38.644Z] Checked if tokens are valid: true, expires at: 1763345488902
[debug] [2025-11-17T01:30:38.644Z] >>> [apiv2][query] GET https://cloudfunctions.googleapis.com/v2/projects/laura-butallo-web/locations/europe-west3/operations/operation-1763343021547-643c04a6a9f1e-3131d657-00444e65 [none]
[debug] [2025-11-17T01:30:38.742Z] <<< [apiv2][status] GET https://cloudfunctions.googleapis.com/v2/projects/laura-butallo-web/locations/europe-west3/operations/operation-1763343021547-643c04a6a9f1e-3131d657-00444e65 200
[debug] [2025-11-17T01:30:38.742Z] <<< [apiv2][body] GET https://cloudfunctions.googleapis.com/v2/projects/laura-butallo-web/locations/europe-west3/operations/operation-1763343021547-643c04a6a9f1e-3131d657-00444e65 {"name":"projects/laura-butallo-web/locations/europe-west3/operations/operation-1763343021547-643c04a6a9f1e-3131d657-00444e65","metadata":{"@type":"type.googleapis.com/google.cloud.functions.v2.OperationMetadata","createTime":"2025-11-17T01:30:22.560394938Z","target":"projects/laura-butallo-web/locations/europe-west3/functions/onVideoFinalize","verb":"update","cancelRequested":false,"apiVersion":"v2","requestResource":{"@type":"type.googleapis.com/google.cloud.functions.v2.Function","name":"projects/laura-butallo-web/locations/europe-west3/functions/onVideoFinalize","buildConfig":{"runtime":"nodejs22","entryPoint":"onVideoFinalize","source":{"storageSource":{"bucket":"gcf-v2-sources-388226025861-europe-west3","object":"onVideoFinalize/function-source.zip","generation":"1763343022519398"}},"environmentVariables":{"GOOGLE_NODE_RUN_SCRIPTS":""},"dockerRepository":"projects/laura-butallo-web/locations/europe-west3/repositories/gcf-artifacts","sourceProvenance":{"resolvedStorageSource":{"bucket":"gcf-v2-sources-388226025861-europe-west3","object":"onVideoFinalize/function-source.zip","generation":"1763342023202701"}},"dockerRegistry":"ARTIFACT_REGISTRY","serviceAccount":"projects/laura-butallo-web/serviceAccounts/388226025861-compute@developer.gserviceaccount.com","automaticUpdatePolicy":{}},"serviceConfig":{"service":"projects/laura-butallo-web/locations/europe-west3/services/onvideofinalize","timeoutSeconds":60,"environmentVariables":{"FIREBASE_CONFIG":"{\"projectId\":\"laura-butallo-web\",\"storageBucket\":\"laura-butallo-web.firebasestorage.app\"}","GCLOUD_PROJECT":"laura-butallo-web","EVENTARC_CLOUD_EVENT_SOURCE":"projects/laura-butallo-web/locations/europe-west3/services/onVideoFinalize","FUNCTION_SIGNATURE_TYPE":"cloudevent","FUNCTION_TARGET":"onVideoFinalize","LOG_EXECUTION_ID":"true"},"maxInstanceCount":10,"ingressSettings":"ALLOW_ALL","uri":"https://onvideofinalize-iqcs3ho3pa-ey.a.run.app","serviceAccountEmail":"388226025861-compute@developer.gserviceaccount.com","availableMemory":"256Mi","allTrafficOnLatestRevision":true,"revision":"onvideofinalize-00001-nax","maxInstanceRequestConcurrency":80,"availableCpu":"1"},"eventTrigger":{"trigger":"projects/laura-butallo-web/locations/eu/triggers/onvideofinalize-821748","triggerRegion":"eu","eventType":"google.cloud.storage.object.v1.finalized","eventFilters":[{"attribute":"bucket","value":"laura-butallo-web.firebasestorage.app"}],"pubsubTopic":"projects/laura-butallo-web/topics/eventarc-eu-onvideofinalize-821748-574","serviceAccountEmail":"388226025861-compute@developer.gserviceaccount.com","retryPolicy":"RETRY_POLICY_DO_NOT_RETRY"},"state":"ACTIVE","labels":{"deployment-tool":"cli-firebase","firebase-functions-hash":"d11ed15f804aa79f0f35be9712b2470e6e47da66"},"environment":"GEN_2","url":"https://europe-west3-laura-butallo-web.cloudfunctions.net/onVideoFinalize","satisfiesPzs":true,"satisfiesPzi":true},"stages":[{"name":"BUILD","message":"Build in progress","state":"IN_PROGRESS","resource":"projects/388226025861/locations/europe-west3/builds/f6535671-ce36-4aa5-88d2-ed3bba4ca5b1","resourceUri":"https://console.cloud.google.com/cloud-build/builds;region=europe-west3/f6535671-ce36-4aa5-88d2-ed3bba4ca5b1?project=388226025861"},{"name":"SERVICE","state":"NOT_STARTED"},{"name":"TRIGGER","state":"NOT_STARTED"}],"operationType":"UPDATE_FUNCTION","buildName":"projects/388226025861/locations/europe-west3/builds/f6535671-ce36-4aa5-88d2-ed3bba4ca5b1"},"done":false}
[debug] [2025-11-17T01:30:39.568Z] [update-default-us-central1-regenerateDownloadUrl] Retrying task index 0
[debug] [2025-11-17T01:30:39.568Z] Checked if tokens are valid: true, expires at: 1763345488902
[debug] [2025-11-17T01:30:39.569Z] Checked if tokens are valid: true, expires at: 1763345488902
[debug] [2025-11-17T01:30:39.569Z] >>> [apiv2][query] GET https://cloudfunctions.googleapis.com/v2/projects/laura-butallo-web/locations/us-central1/operations/operation-1763343029797-643c04ae88153-159d6827-112df137 [none]
[debug] [2025-11-17T01:30:40.465Z] <<< [apiv2][status] GET https://cloudfunctions.googleapis.com/v2/projects/laura-butallo-web/locations/us-central1/operations/operation-1763343029797-643c04ae88153-159d6827-112df137 200
[debug] [2025-11-17T01:30:40.466Z] <<< [apiv2][body] GET https://cloudfunctions.googleapis.com/v2/projects/laura-butallo-web/locations/us-central1/operations/operation-1763343029797-643c04ae88153-159d6827-112df137 {"name":"projects/laura-butallo-web/locations/us-central1/operations/operation-1763343029797-643c04ae88153-159d6827-112df137","metadata":{"@type":"type.googleapis.com/google.cloud.functions.v2.OperationMetadata","createTime":"2025-11-17T01:30:33.855241618Z","target":"projects/laura-butallo-web/locations/us-central1/functions/regenerateDownloadUrl","verb":"update","cancelRequested":false,"apiVersion":"v2","requestResource":{"@type":"type.googleapis.com/google.cloud.functions.v2.Function","name":"projects/laura-butallo-web/locations/us-central1/functions/regenerateDownloadUrl","buildConfig":{"runtime":"nodejs22","entryPoint":"regenerateDownloadUrl","source":{"storageSource":{"bucket":"gcf-v2-sources-388226025861-us-central1","object":"regenerateDownloadUrl/function-source.zip","generation":"1763343033808021"}},"environmentVariables":{"GOOGLE_NODE_RUN_SCRIPTS":""},"dockerRepository":"projects/laura-butallo-web/locations/us-central1/repositories/gcf-artifacts","sourceProvenance":{"resolvedStorageSource":{"bucket":"gcf-v2-sources-388226025861-us-central1","object":"regenerateDownloadUrl/function-source.zip","generation":"1763342016869486"}},"dockerRegistry":"ARTIFACT_REGISTRY","serviceAccount":"projects/laura-butallo-web/serviceAccounts/388226025861-compute@developer.gserviceaccount.com","automaticUpdatePolicy":{}},"serviceConfig":{"service":"projects/laura-butallo-web/locations/us-central1/services/regeneratedownloadurl","timeoutSeconds":60,"environmentVariables":{"FIREBASE_CONFIG":"{\"projectId\":\"laura-butallo-web\",\"storageBucket\":\"laura-butallo-web.firebasestorage.app\"}","GCLOUD_PROJECT":"laura-butallo-web","EVENTARC_CLOUD_EVENT_SOURCE":"projects/laura-butallo-web/locations/us-central1/services/regenerateDownloadUrl","FUNCTION_TARGET":"regenerateDownloadUrl","LOG_EXECUTION_ID":"true","FUNCTION_SIGNATURE_TYPE":"http"},"maxInstanceCount":10,"ingressSettings":"ALLOW_ALL","uri":"https://regeneratedownloadurl-iqcs3ho3pa-uc.a.run.app","serviceAccountEmail":"388226025861-compute@developer.gserviceaccount.com","availableMemory":"256Mi","allTrafficOnLatestRevision":true,"revision":"regeneratedownloadurl-00003-bay","maxInstanceRequestConcurrency":80,"availableCpu":"1"},"state":"ACTIVE","labels":{"deployment-tool":"cli-firebase","deployment-callable":"true","firebase-functions-hash":"d11ed15f804aa79f0f35be9712b2470e6e47da66"},"environment":"GEN_2","url":"https://us-central1-laura-butallo-web.cloudfunctions.net/regenerateDownloadUrl","satisfiesPzi":true},"stages":[{"name":"BUILD","message":"Build in progress","state":"IN_PROGRESS","resource":"projects/388226025861/locations/us-central1/builds/ee19c948-bce1-4dc5-af9d-cebf57daea18","resourceUri":"https://console.cloud.google.com/cloud-build/builds;region=us-central1/ee19c948-bce1-4dc5-af9d-cebf57daea18?project=388226025861"},{"name":"SERVICE","state":"NOT_STARTED"}],"operationType":"UPDATE_FUNCTION","buildName":"projects/388226025861/locations/us-central1/builds/ee19c948-bce1-4dc5-af9d-cebf57daea18"},"done":false}
[debug] [2025-11-17T01:30:41.599Z] [update-default-us-central1-migrateArtworksToAssets] Retrying task index 0
[debug] [2025-11-17T01:30:41.600Z] Checked if tokens are valid: true, expires at: 1763345488902
[debug] [2025-11-17T01:30:41.600Z] Checked if tokens are valid: true, expires at: 1763345488902
[debug] [2025-11-17T01:30:41.600Z] >>> [apiv2][query] GET https://cloudfunctions.googleapis.com/v2/projects/laura-butallo-web/locations/us-central1/operations/operation-1763343029848-643c04ae9487b-2feb40a7-55c8bb43 [none]
[debug] [2025-11-17T01:30:42.373Z] <<< [apiv2][status] GET https://cloudfunctions.googleapis.com/v2/projects/laura-butallo-web/locations/us-central1/operations/operation-1763343029848-643c04ae9487b-2feb40a7-55c8bb43 200
[debug] [2025-11-17T01:30:42.374Z] <<< [apiv2][body] GET https://cloudfunctions.googleapis.com/v2/projects/laura-butallo-web/locations/us-central1/operations/operation-1763343029848-643c04ae9487b-2feb40a7-55c8bb43 {"name":"projects/laura-butallo-web/locations/us-central1/operations/operation-1763343029848-643c04ae9487b-2feb40a7-55c8bb43","metadata":{"@type":"type.googleapis.com/google.cloud.functions.v2.OperationMetadata","createTime":"2025-11-17T01:30:31.272772663Z","target":"projects/laura-butallo-web/locations/us-central1/functions/migrateArtworksToAssets","verb":"update","cancelRequested":false,"apiVersion":"v2","requestResource":{"@type":"type.googleapis.com/google.cloud.functions.v2.Function","name":"projects/laura-butallo-web/locations/us-central1/functions/migrateArtworksToAssets","buildConfig":{"runtime":"nodejs22","entryPoint":"migrateArtworksToAssets","source":{"storageSource":{"bucket":"gcf-v2-sources-388226025861-us-central1","object":"migrateArtworksToAssets/function-source.zip","generation":"1763343031222174"}},"environmentVariables":{"GOOGLE_NODE_RUN_SCRIPTS":""},"dockerRepository":"projects/laura-butallo-web/locations/us-central1/repositories/gcf-artifacts","sourceProvenance":{"resolvedStorageSource":{"bucket":"gcf-v2-sources-388226025861-us-central1","object":"migrateArtworksToAssets/function-source.zip","generation":"1763342017154677"}},"dockerRegistry":"ARTIFACT_REGISTRY","serviceAccount":"projects/laura-butallo-web/serviceAccounts/388226025861-compute@developer.gserviceaccount.com","automaticUpdatePolicy":{}},"serviceConfig":{"service":"projects/laura-butallo-web/locations/us-central1/services/migrateartworkstoassets","timeoutSeconds":60,"environmentVariables":{"FIREBASE_CONFIG":"{\"projectId\":\"laura-butallo-web\",\"storageBucket\":\"laura-butallo-web.firebasestorage.app\"}","GCLOUD_PROJECT":"laura-butallo-web","EVENTARC_CLOUD_EVENT_SOURCE":"projects/laura-butallo-web/locations/us-central1/services/migrateArtworksToAssets","FUNCTION_TARGET":"migrateArtworksToAssets","LOG_EXECUTION_ID":"true","FUNCTION_SIGNATURE_TYPE":"http"},"maxInstanceCount":10,"ingressSettings":"ALLOW_ALL","uri":"https://migrateartworkstoassets-iqcs3ho3pa-uc.a.run.app","serviceAccountEmail":"388226025861-compute@developer.gserviceaccount.com","availableMemory":"256Mi","allTrafficOnLatestRevision":true,"revision":"migrateartworkstoassets-00003-vol","maxInstanceRequestConcurrency":80,"availableCpu":"1"},"state":"ACTIVE","labels":{"deployment-tool":"cli-firebase","deployment-callable":"true","firebase-functions-hash":"d11ed15f804aa79f0f35be9712b2470e6e47da66"},"environment":"GEN_2","url":"https://us-central1-laura-butallo-web.cloudfunctions.net/migrateArtworksToAssets","satisfiesPzi":true},"stages":[{"name":"BUILD","message":"Build in progress","state":"IN_PROGRESS","resource":"projects/388226025861/locations/us-central1/builds/cd29994c-8f78-4ee1-b8f3-f03872edb4fd","resourceUri":"https://console.cloud.google.com/cloud-build/builds;region=us-central1/cd29994c-8f78-4ee1-b8f3-f03872edb4fd?project=388226025861"},{"name":"SERVICE","state":"NOT_STARTED"}],"operationType":"UPDATE_FUNCTION","buildName":"projects/388226025861/locations/us-central1/builds/cd29994c-8f78-4ee1-b8f3-f03872edb4fd"},"done":false}
[debug] [2025-11-17T01:30:42.517Z] [update-default-us-central1-validateDelete] Retrying task index 0
[debug] [2025-11-17T01:30:42.518Z] Checked if tokens are valid: true, expires at: 1763345488902
[debug] [2025-11-17T01:30:42.518Z] Checked if tokens are valid: true, expires at: 1763345488902
[debug] [2025-11-17T01:30:42.518Z] >>> [apiv2][query] GET https://cloudfunctions.googleapis.com/v2/projects/laura-butallo-web/locations/us-central1/operations/operation-1763343029841-643c04ae92e9b-af89f214-9eb57570 [none]
[debug] [2025-11-17T01:30:43.353Z] <<< [apiv2][status] GET https://cloudfunctions.googleapis.com/v2/projects/laura-butallo-web/locations/us-central1/operations/operation-1763343029841-643c04ae92e9b-af89f214-9eb57570 200
[debug] [2025-11-17T01:30:43.353Z] <<< [apiv2][body] GET https://cloudfunctions.googleapis.com/v2/projects/laura-butallo-web/locations/us-central1/operations/operation-1763343029841-643c04ae92e9b-af89f214-9eb57570 {"name":"projects/laura-butallo-web/locations/us-central1/operations/operation-1763343029841-643c04ae92e9b-af89f214-9eb57570","metadata":{"@type":"type.googleapis.com/google.cloud.functions.v2.OperationMetadata","createTime":"2025-11-17T01:30:32.208676762Z","target":"projects/laura-butallo-web/locations/us-central1/functions/validateDelete","verb":"update","cancelRequested":false,"apiVersion":"v2","requestResource":{"@type":"type.googleapis.com/google.cloud.functions.v2.Function","name":"projects/laura-butallo-web/locations/us-central1/functions/validateDelete","buildConfig":{"runtime":"nodejs22","entryPoint":"validateDelete","source":{"storageSource":{"bucket":"gcf-v2-sources-388226025861-us-central1","object":"validateDelete/function-source.zip","generation":"1763343032147878"}},"environmentVariables":{"GOOGLE_NODE_RUN_SCRIPTS":""},"dockerRepository":"projects/laura-butallo-web/locations/us-central1/repositories/gcf-artifacts","sourceProvenance":{"resolvedStorageSource":{"bucket":"gcf-v2-sources-388226025861-us-central1","object":"validateDelete/function-source.zip","generation":"1763342016089566"}},"dockerRegistry":"ARTIFACT_REGISTRY","serviceAccount":"projects/laura-butallo-web/serviceAccounts/388226025861-compute@developer.gserviceaccount.com","automaticUpdatePolicy":{}},"serviceConfig":{"service":"projects/laura-butallo-web/locations/us-central1/services/validatedelete","timeoutSeconds":60,"environmentVariables":{"FIREBASE_CONFIG":"{\"projectId\":\"laura-butallo-web\",\"storageBucket\":\"laura-butallo-web.firebasestorage.app\"}","GCLOUD_PROJECT":"laura-butallo-web","EVENTARC_CLOUD_EVENT_SOURCE":"projects/laura-butallo-web/locations/us-central1/services/validateDelete","FUNCTION_TARGET":"validateDelete","LOG_EXECUTION_ID":"true","FUNCTION_SIGNATURE_TYPE":"http"},"maxInstanceCount":10,"ingressSettings":"ALLOW_ALL","uri":"https://validatedelete-iqcs3ho3pa-uc.a.run.app","serviceAccountEmail":"388226025861-compute@developer.gserviceaccount.com","availableMemory":"256Mi","allTrafficOnLatestRevision":true,"revision":"validatedelete-00003-lat","maxInstanceRequestConcurrency":80,"availableCpu":"1"},"state":"ACTIVE","labels":{"deployment-tool":"cli-firebase","deployment-callable":"true","firebase-functions-hash":"d11ed15f804aa79f0f35be9712b2470e6e47da66"},"environment":"GEN_2","url":"https://us-central1-laura-butallo-web.cloudfunctions.net/validateDelete","satisfiesPzi":true},"stages":[{"name":"BUILD","message":"Build in progress","state":"IN_PROGRESS","resource":"projects/388226025861/locations/us-central1/builds/7d3f9da3-01ad-4a9c-be9b-28af1bd86b48","resourceUri":"https://console.cloud.google.com/cloud-build/builds;region=us-central1/7d3f9da3-01ad-4a9c-be9b-28af1bd86b48?project=388226025861"},{"name":"SERVICE","state":"NOT_STARTED"}],"operationType":"UPDATE_FUNCTION","buildName":"projects/388226025861/locations/us-central1/builds/7d3f9da3-01ad-4a9c-be9b-28af1bd86b48"},"done":false}
[debug] [2025-11-17T01:30:44.466Z] [update-default-us-central1-regenerateDownloadUrl] Retrying task index 0
[debug] [2025-11-17T01:30:44.466Z] Checked if tokens are valid: true, expires at: 1763345488902
[debug] [2025-11-17T01:30:44.466Z] Checked if tokens are valid: true, expires at: 1763345488902
[debug] [2025-11-17T01:30:44.466Z] >>> [apiv2][query] GET https://cloudfunctions.googleapis.com/v2/projects/laura-butallo-web/locations/us-central1/operations/operation-1763343029797-643c04ae88153-159d6827-112df137 [none]
[debug] [2025-11-17T01:30:45.234Z] <<< [apiv2][status] GET https://cloudfunctions.googleapis.com/v2/projects/laura-butallo-web/locations/us-central1/operations/operation-1763343029797-643c04ae88153-159d6827-112df137 200
[debug] [2025-11-17T01:30:45.234Z] <<< [apiv2][body] GET https://cloudfunctions.googleapis.com/v2/projects/laura-butallo-web/locations/us-central1/operations/operation-1763343029797-643c04ae88153-159d6827-112df137 {"name":"projects/laura-butallo-web/locations/us-central1/operations/operation-1763343029797-643c04ae88153-159d6827-112df137","metadata":{"@type":"type.googleapis.com/google.cloud.functions.v2.OperationMetadata","createTime":"2025-11-17T01:30:33.855241618Z","target":"projects/laura-butallo-web/locations/us-central1/functions/regenerateDownloadUrl","verb":"update","cancelRequested":false,"apiVersion":"v2","requestResource":{"@type":"type.googleapis.com/google.cloud.functions.v2.Function","name":"projects/laura-butallo-web/locations/us-central1/functions/regenerateDownloadUrl","buildConfig":{"runtime":"nodejs22","entryPoint":"regenerateDownloadUrl","source":{"storageSource":{"bucket":"gcf-v2-sources-388226025861-us-central1","object":"regenerateDownloadUrl/function-source.zip","generation":"1763343033808021"}},"environmentVariables":{"GOOGLE_NODE_RUN_SCRIPTS":""},"dockerRepository":"projects/laura-butallo-web/locations/us-central1/repositories/gcf-artifacts","sourceProvenance":{"resolvedStorageSource":{"bucket":"gcf-v2-sources-388226025861-us-central1","object":"regenerateDownloadUrl/function-source.zip","generation":"1763342016869486"}},"dockerRegistry":"ARTIFACT_REGISTRY","serviceAccount":"projects/laura-butallo-web/serviceAccounts/388226025861-compute@developer.gserviceaccount.com","automaticUpdatePolicy":{}},"serviceConfig":{"service":"projects/laura-butallo-web/locations/us-central1/services/regeneratedownloadurl","timeoutSeconds":60,"environmentVariables":{"FIREBASE_CONFIG":"{\"projectId\":\"laura-butallo-web\",\"storageBucket\":\"laura-butallo-web.firebasestorage.app\"}","GCLOUD_PROJECT":"laura-butallo-web","EVENTARC_CLOUD_EVENT_SOURCE":"projects/laura-butallo-web/locations/us-central1/services/regenerateDownloadUrl","FUNCTION_TARGET":"regenerateDownloadUrl","LOG_EXECUTION_ID":"true","FUNCTION_SIGNATURE_TYPE":"http"},"maxInstanceCount":10,"ingressSettings":"ALLOW_ALL","uri":"https://regeneratedownloadurl-iqcs3ho3pa-uc.a.run.app","serviceAccountEmail":"388226025861-compute@developer.gserviceaccount.com","availableMemory":"256Mi","allTrafficOnLatestRevision":true,"revision":"regeneratedownloadurl-00003-bay","maxInstanceRequestConcurrency":80,"availableCpu":"1"},"state":"ACTIVE","labels":{"deployment-tool":"cli-firebase","deployment-callable":"true","firebase-functions-hash":"d11ed15f804aa79f0f35be9712b2470e6e47da66"},"environment":"GEN_2","url":"https://us-central1-laura-butallo-web.cloudfunctions.net/regenerateDownloadUrl","satisfiesPzi":true},"stages":[{"name":"BUILD","message":"Build in progress","state":"IN_PROGRESS","resource":"projects/388226025861/locations/us-central1/builds/ee19c948-bce1-4dc5-af9d-cebf57daea18","resourceUri":"https://console.cloud.google.com/cloud-build/builds;region=us-central1/ee19c948-bce1-4dc5-af9d-cebf57daea18?project=388226025861"},{"name":"SERVICE","state":"NOT_STARTED"}],"operationType":"UPDATE_FUNCTION","buildName":"projects/388226025861/locations/us-central1/builds/ee19c948-bce1-4dc5-af9d-cebf57daea18"},"done":false}
[debug] [2025-11-17T01:30:48.742Z] [update-default-europe-west3-onVideoFinalize] Retrying task index 0
[debug] [2025-11-17T01:30:48.742Z] Checked if tokens are valid: true, expires at: 1763345488902
[debug] [2025-11-17T01:30:48.742Z] Checked if tokens are valid: true, expires at: 1763345488902
[debug] [2025-11-17T01:30:48.742Z] >>> [apiv2][query] GET https://cloudfunctions.googleapis.com/v2/projects/laura-butallo-web/locations/europe-west3/operations/operation-1763343021547-643c04a6a9f1e-3131d657-00444e65 [none]
[debug] [2025-11-17T01:30:49.331Z] <<< [apiv2][status] GET https://cloudfunctions.googleapis.com/v2/projects/laura-butallo-web/locations/europe-west3/operations/operation-1763343021547-643c04a6a9f1e-3131d657-00444e65 200
[debug] [2025-11-17T01:30:49.331Z] <<< [apiv2][body] GET https://cloudfunctions.googleapis.com/v2/projects/laura-butallo-web/locations/europe-west3/operations/operation-1763343021547-643c04a6a9f1e-3131d657-00444e65 {"name":"projects/laura-butallo-web/locations/europe-west3/operations/operation-1763343021547-643c04a6a9f1e-3131d657-00444e65","metadata":{"@type":"type.googleapis.com/google.cloud.functions.v2.OperationMetadata","createTime":"2025-11-17T01:30:22.560394938Z","target":"projects/laura-butallo-web/locations/europe-west3/functions/onVideoFinalize","verb":"update","cancelRequested":false,"apiVersion":"v2","requestResource":{"@type":"type.googleapis.com/google.cloud.functions.v2.Function","name":"projects/laura-butallo-web/locations/europe-west3/functions/onVideoFinalize","buildConfig":{"runtime":"nodejs22","entryPoint":"onVideoFinalize","source":{"storageSource":{"bucket":"gcf-v2-sources-388226025861-europe-west3","object":"onVideoFinalize/function-source.zip","generation":"1763343022519398"}},"environmentVariables":{"GOOGLE_NODE_RUN_SCRIPTS":""},"dockerRepository":"projects/laura-butallo-web/locations/europe-west3/repositories/gcf-artifacts","sourceProvenance":{"resolvedStorageSource":{"bucket":"gcf-v2-sources-388226025861-europe-west3","object":"onVideoFinalize/function-source.zip","generation":"1763342023202701"}},"dockerRegistry":"ARTIFACT_REGISTRY","serviceAccount":"projects/laura-butallo-web/serviceAccounts/388226025861-compute@developer.gserviceaccount.com","automaticUpdatePolicy":{}},"serviceConfig":{"service":"projects/laura-butallo-web/locations/europe-west3/services/onvideofinalize","timeoutSeconds":60,"environmentVariables":{"FIREBASE_CONFIG":"{\"projectId\":\"laura-butallo-web\",\"storageBucket\":\"laura-butallo-web.firebasestorage.app\"}","GCLOUD_PROJECT":"laura-butallo-web","EVENTARC_CLOUD_EVENT_SOURCE":"projects/laura-butallo-web/locations/europe-west3/services/onVideoFinalize","FUNCTION_SIGNATURE_TYPE":"cloudevent","FUNCTION_TARGET":"onVideoFinalize","LOG_EXECUTION_ID":"true"},"maxInstanceCount":10,"ingressSettings":"ALLOW_ALL","uri":"https://onvideofinalize-iqcs3ho3pa-ey.a.run.app","serviceAccountEmail":"388226025861-compute@developer.gserviceaccount.com","availableMemory":"256Mi","allTrafficOnLatestRevision":true,"revision":"onvideofinalize-00001-nax","maxInstanceRequestConcurrency":80,"availableCpu":"1"},"eventTrigger":{"trigger":"projects/laura-butallo-web/locations/eu/triggers/onvideofinalize-821748","triggerRegion":"eu","eventType":"google.cloud.storage.object.v1.finalized","eventFilters":[{"attribute":"bucket","value":"laura-butallo-web.firebasestorage.app"}],"pubsubTopic":"projects/laura-butallo-web/topics/eventarc-eu-onvideofinalize-821748-574","serviceAccountEmail":"388226025861-compute@developer.gserviceaccount.com","retryPolicy":"RETRY_POLICY_DO_NOT_RETRY"},"state":"ACTIVE","labels":{"deployment-tool":"cli-firebase","firebase-functions-hash":"d11ed15f804aa79f0f35be9712b2470e6e47da66"},"environment":"GEN_2","url":"https://europe-west3-laura-butallo-web.cloudfunctions.net/onVideoFinalize","satisfiesPzs":true,"satisfiesPzi":true},"stages":[{"name":"BUILD","message":"Build in progress","state":"IN_PROGRESS","resource":"projects/388226025861/locations/europe-west3/builds/f6535671-ce36-4aa5-88d2-ed3bba4ca5b1","resourceUri":"https://console.cloud.google.com/cloud-build/builds;region=europe-west3/f6535671-ce36-4aa5-88d2-ed3bba4ca5b1?project=388226025861"},{"name":"SERVICE","state":"NOT_STARTED"},{"name":"TRIGGER","state":"NOT_STARTED"}],"operationType":"UPDATE_FUNCTION","buildName":"projects/388226025861/locations/europe-west3/builds/f6535671-ce36-4aa5-88d2-ed3bba4ca5b1"},"done":false}
[debug] [2025-11-17T01:30:50.375Z] [update-default-us-central1-migrateArtworksToAssets] Retrying task index 0
[debug] [2025-11-17T01:30:50.375Z] Checked if tokens are valid: true, expires at: 1763345488902
[debug] [2025-11-17T01:30:50.375Z] Checked if tokens are valid: true, expires at: 1763345488902
[debug] [2025-11-17T01:30:50.375Z] >>> [apiv2][query] GET https://cloudfunctions.googleapis.com/v2/projects/laura-butallo-web/locations/us-central1/operations/operation-1763343029848-643c04ae9487b-2feb40a7-55c8bb43 [none]
[debug] [2025-11-17T01:30:51.353Z] [update-default-us-central1-validateDelete] Retrying task index 0
[debug] [2025-11-17T01:30:51.354Z] Checked if tokens are valid: true, expires at: 1763345488902
[debug] [2025-11-17T01:30:51.354Z] Checked if tokens are valid: true, expires at: 1763345488902
[debug] [2025-11-17T01:30:51.354Z] >>> [apiv2][query] GET https://cloudfunctions.googleapis.com/v2/projects/laura-butallo-web/locations/us-central1/operations/operation-1763343029841-643c04ae92e9b-af89f214-9eb57570 [none]
[debug] [2025-11-17T01:30:52.209Z] <<< [apiv2][status] GET https://cloudfunctions.googleapis.com/v2/projects/laura-butallo-web/locations/us-central1/operations/operation-1763343029848-643c04ae9487b-2feb40a7-55c8bb43 200
[debug] [2025-11-17T01:30:52.209Z] <<< [apiv2][body] GET https://cloudfunctions.googleapis.com/v2/projects/laura-butallo-web/locations/us-central1/operations/operation-1763343029848-643c04ae9487b-2feb40a7-55c8bb43 {"name":"projects/laura-butallo-web/locations/us-central1/operations/operation-1763343029848-643c04ae9487b-2feb40a7-55c8bb43","metadata":{"@type":"type.googleapis.com/google.cloud.functions.v2.OperationMetadata","createTime":"2025-11-17T01:30:31.272772663Z","target":"projects/laura-butallo-web/locations/us-central1/functions/migrateArtworksToAssets","verb":"update","cancelRequested":false,"apiVersion":"v2","requestResource":{"@type":"type.googleapis.com/google.cloud.functions.v2.Function","name":"projects/laura-butallo-web/locations/us-central1/functions/migrateArtworksToAssets","buildConfig":{"runtime":"nodejs22","entryPoint":"migrateArtworksToAssets","source":{"storageSource":{"bucket":"gcf-v2-sources-388226025861-us-central1","object":"migrateArtworksToAssets/function-source.zip","generation":"1763343031222174"}},"environmentVariables":{"GOOGLE_NODE_RUN_SCRIPTS":""},"dockerRepository":"projects/laura-butallo-web/locations/us-central1/repositories/gcf-artifacts","sourceProvenance":{"resolvedStorageSource":{"bucket":"gcf-v2-sources-388226025861-us-central1","object":"migrateArtworksToAssets/function-source.zip","generation":"1763342017154677"}},"dockerRegistry":"ARTIFACT_REGISTRY","serviceAccount":"projects/laura-butallo-web/serviceAccounts/388226025861-compute@developer.gserviceaccount.com","automaticUpdatePolicy":{}},"serviceConfig":{"service":"projects/laura-butallo-web/locations/us-central1/services/migrateartworkstoassets","timeoutSeconds":60,"environmentVariables":{"FIREBASE_CONFIG":"{\"projectId\":\"laura-butallo-web\",\"storageBucket\":\"laura-butallo-web.firebasestorage.app\"}","GCLOUD_PROJECT":"laura-butallo-web","EVENTARC_CLOUD_EVENT_SOURCE":"projects/laura-butallo-web/locations/us-central1/services/migrateArtworksToAssets","FUNCTION_TARGET":"migrateArtworksToAssets","LOG_EXECUTION_ID":"true","FUNCTION_SIGNATURE_TYPE":"http"},"maxInstanceCount":10,"ingressSettings":"ALLOW_ALL","uri":"https://migrateartworkstoassets-iqcs3ho3pa-uc.a.run.app","serviceAccountEmail":"388226025861-compute@developer.gserviceaccount.com","availableMemory":"256Mi","allTrafficOnLatestRevision":true,"revision":"migrateartworkstoassets-00003-vol","maxInstanceRequestConcurrency":80,"availableCpu":"1"},"state":"ACTIVE","labels":{"deployment-tool":"cli-firebase","deployment-callable":"true","firebase-functions-hash":"d11ed15f804aa79f0f35be9712b2470e6e47da66"},"environment":"GEN_2","url":"https://us-central1-laura-butallo-web.cloudfunctions.net/migrateArtworksToAssets","satisfiesPzi":true},"stages":[{"name":"BUILD","message":"Build in progress","state":"IN_PROGRESS","resource":"projects/388226025861/locations/us-central1/builds/cd29994c-8f78-4ee1-b8f3-f03872edb4fd","resourceUri":"https://console.cloud.google.com/cloud-build/builds;region=us-central1/cd29994c-8f78-4ee1-b8f3-f03872edb4fd?project=388226025861"},{"name":"SERVICE","state":"NOT_STARTED"}],"operationType":"UPDATE_FUNCTION","buildName":"projects/388226025861/locations/us-central1/builds/cd29994c-8f78-4ee1-b8f3-f03872edb4fd"},"done":false}
[debug] [2025-11-17T01:30:53.235Z] [update-default-us-central1-regenerateDownloadUrl] Retrying task index 0
[debug] [2025-11-17T01:30:53.235Z] Checked if tokens are valid: true, expires at: 1763345488902
[debug] [2025-11-17T01:30:53.236Z] Checked if tokens are valid: true, expires at: 1763345488902
[debug] [2025-11-17T01:30:53.236Z] >>> [apiv2][query] GET https://cloudfunctions.googleapis.com/v2/projects/laura-butallo-web/locations/us-central1/operations/operation-1763343029797-643c04ae88153-159d6827-112df137 [none]
[debug] [2025-11-17T01:30:54.543Z] <<< [apiv2][status] GET https://cloudfunctions.googleapis.com/v2/projects/laura-butallo-web/locations/us-central1/operations/operation-1763343029797-643c04ae88153-159d6827-112df137 200
[debug] [2025-11-17T01:30:54.543Z] <<< [apiv2][body] GET https://cloudfunctions.googleapis.com/v2/projects/laura-butallo-web/locations/us-central1/operations/operation-1763343029797-643c04ae88153-159d6827-112df137 {"name":"projects/laura-butallo-web/locations/us-central1/operations/operation-1763343029797-643c04ae88153-159d6827-112df137","metadata":{"@type":"type.googleapis.com/google.cloud.functions.v2.OperationMetadata","createTime":"2025-11-17T01:30:33.855241618Z","target":"projects/laura-butallo-web/locations/us-central1/functions/regenerateDownloadUrl","verb":"update","cancelRequested":false,"apiVersion":"v2","requestResource":{"@type":"type.googleapis.com/google.cloud.functions.v2.Function","name":"projects/laura-butallo-web/locations/us-central1/functions/regenerateDownloadUrl","buildConfig":{"runtime":"nodejs22","entryPoint":"regenerateDownloadUrl","source":{"storageSource":{"bucket":"gcf-v2-sources-388226025861-us-central1","object":"regenerateDownloadUrl/function-source.zip","generation":"1763343033808021"}},"environmentVariables":{"GOOGLE_NODE_RUN_SCRIPTS":""},"dockerRepository":"projects/laura-butallo-web/locations/us-central1/repositories/gcf-artifacts","sourceProvenance":{"resolvedStorageSource":{"bucket":"gcf-v2-sources-388226025861-us-central1","object":"regenerateDownloadUrl/function-source.zip","generation":"1763342016869486"}},"dockerRegistry":"ARTIFACT_REGISTRY","serviceAccount":"projects/laura-butallo-web/serviceAccounts/388226025861-compute@developer.gserviceaccount.com","automaticUpdatePolicy":{}},"serviceConfig":{"service":"projects/laura-butallo-web/locations/us-central1/services/regeneratedownloadurl","timeoutSeconds":60,"environmentVariables":{"FIREBASE_CONFIG":"{\"projectId\":\"laura-butallo-web\",\"storageBucket\":\"laura-butallo-web.firebasestorage.app\"}","GCLOUD_PROJECT":"laura-butallo-web","EVENTARC_CLOUD_EVENT_SOURCE":"projects/laura-butallo-web/locations/us-central1/services/regenerateDownloadUrl","FUNCTION_TARGET":"regenerateDownloadUrl","LOG_EXECUTION_ID":"true","FUNCTION_SIGNATURE_TYPE":"http"},"maxInstanceCount":10,"ingressSettings":"ALLOW_ALL","uri":"https://regeneratedownloadurl-iqcs3ho3pa-uc.a.run.app","serviceAccountEmail":"388226025861-compute@developer.gserviceaccount.com","availableMemory":"256Mi","allTrafficOnLatestRevision":true,"revision":"regeneratedownloadurl-00003-bay","maxInstanceRequestConcurrency":80,"availableCpu":"1"},"state":"ACTIVE","labels":{"deployment-tool":"cli-firebase","deployment-callable":"true","firebase-functions-hash":"d11ed15f804aa79f0f35be9712b2470e6e47da66"},"environment":"GEN_2","url":"https://us-central1-laura-butallo-web.cloudfunctions.net/regenerateDownloadUrl","satisfiesPzi":true},"stages":[{"name":"BUILD","message":"Build in progress","state":"IN_PROGRESS","resource":"projects/388226025861/locations/us-central1/builds/ee19c948-bce1-4dc5-af9d-cebf57daea18","resourceUri":"https://console.cloud.google.com/cloud-build/builds;region=us-central1/ee19c948-bce1-4dc5-af9d-cebf57daea18?project=388226025861"},{"name":"SERVICE","state":"NOT_STARTED"}],"operationType":"UPDATE_FUNCTION","buildName":"projects/388226025861/locations/us-central1/builds/ee19c948-bce1-4dc5-af9d-cebf57daea18"},"done":false}
[debug] [2025-11-17T01:30:57.328Z] <<< [apiv2][status] GET https://cloudfunctions.googleapis.com/v2/projects/laura-butallo-web/locations/us-central1/operations/operation-1763343029841-643c04ae92e9b-af89f214-9eb57570 200
[debug] [2025-11-17T01:30:57.329Z] <<< [apiv2][body] GET https://cloudfunctions.googleapis.com/v2/projects/laura-butallo-web/locations/us-central1/operations/operation-1763343029841-643c04ae92e9b-af89f214-9eb57570 {"name":"projects/laura-butallo-web/locations/us-central1/operations/operation-1763343029841-643c04ae92e9b-af89f214-9eb57570","metadata":{"@type":"type.googleapis.com/google.cloud.functions.v2.OperationMetadata","createTime":"2025-11-17T01:30:32.208676762Z","target":"projects/laura-butallo-web/locations/us-central1/functions/validateDelete","verb":"update","cancelRequested":false,"apiVersion":"v2","requestResource":{"@type":"type.googleapis.com/google.cloud.functions.v2.Function","name":"projects/laura-butallo-web/locations/us-central1/functions/validateDelete","buildConfig":{"runtime":"nodejs22","entryPoint":"validateDelete","source":{"storageSource":{"bucket":"gcf-v2-sources-388226025861-us-central1","object":"validateDelete/function-source.zip","generation":"1763343032147878"}},"environmentVariables":{"GOOGLE_NODE_RUN_SCRIPTS":""},"dockerRepository":"projects/laura-butallo-web/locations/us-central1/repositories/gcf-artifacts","sourceProvenance":{"resolvedStorageSource":{"bucket":"gcf-v2-sources-388226025861-us-central1","object":"validateDelete/function-source.zip","generation":"1763342016089566"}},"dockerRegistry":"ARTIFACT_REGISTRY","serviceAccount":"projects/laura-butallo-web/serviceAccounts/388226025861-compute@developer.gserviceaccount.com","automaticUpdatePolicy":{}},"serviceConfig":{"service":"projects/laura-butallo-web/locations/us-central1/services/validatedelete","timeoutSeconds":60,"environmentVariables":{"FIREBASE_CONFIG":"{\"projectId\":\"laura-butallo-web\",\"storageBucket\":\"laura-butallo-web.firebasestorage.app\"}","GCLOUD_PROJECT":"laura-butallo-web","EVENTARC_CLOUD_EVENT_SOURCE":"projects/laura-butallo-web/locations/us-central1/services/validateDelete","FUNCTION_TARGET":"validateDelete","LOG_EXECUTION_ID":"true","FUNCTION_SIGNATURE_TYPE":"http"},"maxInstanceCount":10,"ingressSettings":"ALLOW_ALL","uri":"https://validatedelete-iqcs3ho3pa-uc.a.run.app","serviceAccountEmail":"388226025861-compute@developer.gserviceaccount.com","availableMemory":"256Mi","allTrafficOnLatestRevision":true,"revision":"validatedelete-00003-lat","maxInstanceRequestConcurrency":80,"availableCpu":"1"},"state":"ACTIVE","labels":{"deployment-tool":"cli-firebase","deployment-callable":"true","firebase-functions-hash":"d11ed15f804aa79f0f35be9712b2470e6e47da66"},"environment":"GEN_2","url":"https://us-central1-laura-butallo-web.cloudfunctions.net/validateDelete","satisfiesPzi":true},"stages":[{"name":"BUILD","message":"Build in progress","state":"IN_PROGRESS","resource":"projects/388226025861/locations/us-central1/builds/7d3f9da3-01ad-4a9c-be9b-28af1bd86b48","resourceUri":"https://console.cloud.google.com/cloud-build/builds;region=us-central1/7d3f9da3-01ad-4a9c-be9b-28af1bd86b48?project=388226025861"},{"name":"SERVICE","state":"NOT_STARTED"}],"operationType":"UPDATE_FUNCTION","buildName":"projects/388226025861/locations/us-central1/builds/7d3f9da3-01ad-4a9c-be9b-28af1bd86b48"},"done":false}
[debug] [2025-11-17T01:30:59.331Z] [update-default-europe-west3-onVideoFinalize] Retrying task index 0
[debug] [2025-11-17T01:30:59.331Z] Checked if tokens are valid: true, expires at: 1763345488902
[debug] [2025-11-17T01:30:59.332Z] Checked if tokens are valid: true, expires at: 1763345488902
[debug] [2025-11-17T01:30:59.332Z] >>> [apiv2][query] GET https://cloudfunctions.googleapis.com/v2/projects/laura-butallo-web/locations/europe-west3/operations/operation-1763343021547-643c04a6a9f1e-3131d657-00444e65 [none]
[debug] [2025-11-17T01:31:00.052Z] <<< [apiv2][status] GET https://cloudfunctions.googleapis.com/v2/projects/laura-butallo-web/locations/europe-west3/operations/operation-1763343021547-643c04a6a9f1e-3131d657-00444e65 200
[debug] [2025-11-17T01:31:00.052Z] <<< [apiv2][body] GET https://cloudfunctions.googleapis.com/v2/projects/laura-butallo-web/locations/europe-west3/operations/operation-1763343021547-643c04a6a9f1e-3131d657-00444e65 {"name":"projects/laura-butallo-web/locations/europe-west3/operations/operation-1763343021547-643c04a6a9f1e-3131d657-00444e65","metadata":{"@type":"type.googleapis.com/google.cloud.functions.v2.OperationMetadata","createTime":"2025-11-17T01:30:22.560394938Z","target":"projects/laura-butallo-web/locations/europe-west3/functions/onVideoFinalize","verb":"update","cancelRequested":false,"apiVersion":"v2","requestResource":{"@type":"type.googleapis.com/google.cloud.functions.v2.Function","name":"projects/laura-butallo-web/locations/europe-west3/functions/onVideoFinalize","buildConfig":{"runtime":"nodejs22","entryPoint":"onVideoFinalize","source":{"storageSource":{"bucket":"gcf-v2-sources-388226025861-europe-west3","object":"onVideoFinalize/function-source.zip","generation":"1763343022519398"}},"environmentVariables":{"GOOGLE_NODE_RUN_SCRIPTS":""},"dockerRepository":"projects/laura-butallo-web/locations/europe-west3/repositories/gcf-artifacts","sourceProvenance":{"resolvedStorageSource":{"bucket":"gcf-v2-sources-388226025861-europe-west3","object":"onVideoFinalize/function-source.zip","generation":"1763342023202701"}},"dockerRegistry":"ARTIFACT_REGISTRY","serviceAccount":"projects/laura-butallo-web/serviceAccounts/388226025861-compute@developer.gserviceaccount.com","automaticUpdatePolicy":{}},"serviceConfig":{"service":"projects/laura-butallo-web/locations/europe-west3/services/onvideofinalize","timeoutSeconds":60,"environmentVariables":{"FIREBASE_CONFIG":"{\"projectId\":\"laura-butallo-web\",\"storageBucket\":\"laura-butallo-web.firebasestorage.app\"}","GCLOUD_PROJECT":"laura-butallo-web","EVENTARC_CLOUD_EVENT_SOURCE":"projects/laura-butallo-web/locations/europe-west3/services/onVideoFinalize","FUNCTION_SIGNATURE_TYPE":"cloudevent","FUNCTION_TARGET":"onVideoFinalize","LOG_EXECUTION_ID":"true"},"maxInstanceCount":10,"ingressSettings":"ALLOW_ALL","uri":"https://onvideofinalize-iqcs3ho3pa-ey.a.run.app","serviceAccountEmail":"388226025861-compute@developer.gserviceaccount.com","availableMemory":"256Mi","allTrafficOnLatestRevision":true,"revision":"onvideofinalize-00001-nax","maxInstanceRequestConcurrency":80,"availableCpu":"1"},"eventTrigger":{"trigger":"projects/laura-butallo-web/locations/eu/triggers/onvideofinalize-821748","triggerRegion":"eu","eventType":"google.cloud.storage.object.v1.finalized","eventFilters":[{"attribute":"bucket","value":"laura-butallo-web.firebasestorage.app"}],"pubsubTopic":"projects/laura-butallo-web/topics/eventarc-eu-onvideofinalize-821748-574","serviceAccountEmail":"388226025861-compute@developer.gserviceaccount.com","retryPolicy":"RETRY_POLICY_DO_NOT_RETRY"},"state":"ACTIVE","labels":{"deployment-tool":"cli-firebase","firebase-functions-hash":"d11ed15f804aa79f0f35be9712b2470e6e47da66"},"environment":"GEN_2","url":"https://europe-west3-laura-butallo-web.cloudfunctions.net/onVideoFinalize","satisfiesPzs":true,"satisfiesPzi":true},"stages":[{"name":"BUILD","message":"Build in progress","state":"IN_PROGRESS","resource":"projects/388226025861/locations/europe-west3/builds/f6535671-ce36-4aa5-88d2-ed3bba4ca5b1","resourceUri":"https://console.cloud.google.com/cloud-build/builds;region=europe-west3/f6535671-ce36-4aa5-88d2-ed3bba4ca5b1?project=388226025861"},{"name":"SERVICE","state":"NOT_STARTED"},{"name":"TRIGGER","state":"NOT_STARTED"}],"operationType":"UPDATE_FUNCTION","buildName":"projects/388226025861/locations/europe-west3/builds/f6535671-ce36-4aa5-88d2-ed3bba4ca5b1"},"done":false}
[debug] [2025-11-17T01:31:02.211Z] [update-default-us-central1-migrateArtworksToAssets] Retrying task index 0
[debug] [2025-11-17T01:31:02.211Z] Checked if tokens are valid: true, expires at: 1763345488902
[debug] [2025-11-17T01:31:02.211Z] Checked if tokens are valid: true, expires at: 1763345488902
[debug] [2025-11-17T01:31:02.211Z] >>> [apiv2][query] GET https://cloudfunctions.googleapis.com/v2/projects/laura-butallo-web/locations/us-central1/operations/operation-1763343029848-643c04ae9487b-2feb40a7-55c8bb43 [none]
[debug] [2025-11-17T01:31:02.896Z] <<< [apiv2][status] GET https://cloudfunctions.googleapis.com/v2/projects/laura-butallo-web/locations/us-central1/operations/operation-1763343029848-643c04ae9487b-2feb40a7-55c8bb43 200
[debug] [2025-11-17T01:31:02.897Z] <<< [apiv2][body] GET https://cloudfunctions.googleapis.com/v2/projects/laura-butallo-web/locations/us-central1/operations/operation-1763343029848-643c04ae9487b-2feb40a7-55c8bb43 {"name":"projects/laura-butallo-web/locations/us-central1/operations/operation-1763343029848-643c04ae9487b-2feb40a7-55c8bb43","metadata":{"@type":"type.googleapis.com/google.cloud.functions.v2.OperationMetadata","createTime":"2025-11-17T01:30:31.272772663Z","target":"projects/laura-butallo-web/locations/us-central1/functions/migrateArtworksToAssets","verb":"update","cancelRequested":false,"apiVersion":"v2","requestResource":{"@type":"type.googleapis.com/google.cloud.functions.v2.Function","name":"projects/laura-butallo-web/locations/us-central1/functions/migrateArtworksToAssets","buildConfig":{"runtime":"nodejs22","entryPoint":"migrateArtworksToAssets","source":{"storageSource":{"bucket":"gcf-v2-sources-388226025861-us-central1","object":"migrateArtworksToAssets/function-source.zip","generation":"1763343031222174"}},"environmentVariables":{"GOOGLE_NODE_RUN_SCRIPTS":""},"dockerRepository":"projects/laura-butallo-web/locations/us-central1/repositories/gcf-artifacts","sourceProvenance":{"resolvedStorageSource":{"bucket":"gcf-v2-sources-388226025861-us-central1","object":"migrateArtworksToAssets/function-source.zip","generation":"1763342017154677"}},"dockerRegistry":"ARTIFACT_REGISTRY","serviceAccount":"projects/laura-butallo-web/serviceAccounts/388226025861-compute@developer.gserviceaccount.com","automaticUpdatePolicy":{}},"serviceConfig":{"service":"projects/laura-butallo-web/locations/us-central1/services/migrateartworkstoassets","timeoutSeconds":60,"environmentVariables":{"FIREBASE_CONFIG":"{\"projectId\":\"laura-butallo-web\",\"storageBucket\":\"laura-butallo-web.firebasestorage.app\"}","GCLOUD_PROJECT":"laura-butallo-web","EVENTARC_CLOUD_EVENT_SOURCE":"projects/laura-butallo-web/locations/us-central1/services/migrateArtworksToAssets","FUNCTION_TARGET":"migrateArtworksToAssets","LOG_EXECUTION_ID":"true","FUNCTION_SIGNATURE_TYPE":"http"},"maxInstanceCount":10,"ingressSettings":"ALLOW_ALL","uri":"https://migrateartworkstoassets-iqcs3ho3pa-uc.a.run.app","serviceAccountEmail":"388226025861-compute@developer.gserviceaccount.com","availableMemory":"256Mi","allTrafficOnLatestRevision":true,"revision":"migrateartworkstoassets-00003-vol","maxInstanceRequestConcurrency":80,"availableCpu":"1"},"state":"ACTIVE","labels":{"deployment-tool":"cli-firebase","deployment-callable":"true","firebase-functions-hash":"d11ed15f804aa79f0f35be9712b2470e6e47da66"},"environment":"GEN_2","url":"https://us-central1-laura-butallo-web.cloudfunctions.net/migrateArtworksToAssets","satisfiesPzi":true},"stages":[{"name":"BUILD","message":"Build in progress","state":"IN_PROGRESS","resource":"projects/388226025861/locations/us-central1/builds/cd29994c-8f78-4ee1-b8f3-f03872edb4fd","resourceUri":"https://console.cloud.google.com/cloud-build/builds;region=us-central1/cd29994c-8f78-4ee1-b8f3-f03872edb4fd?project=388226025861"},{"name":"SERVICE","state":"NOT_STARTED"}],"operationType":"UPDATE_FUNCTION","buildName":"projects/388226025861/locations/us-central1/builds/cd29994c-8f78-4ee1-b8f3-f03872edb4fd"},"done":false}
[debug] [2025-11-17T01:31:04.544Z] [update-default-us-central1-regenerateDownloadUrl] Retrying task index 0
[debug] [2025-11-17T01:31:04.544Z] Checked if tokens are valid: true, expires at: 1763345488902
[debug] [2025-11-17T01:31:04.544Z] Checked if tokens are valid: true, expires at: 1763345488902
[debug] [2025-11-17T01:31:04.545Z] >>> [apiv2][query] GET https://cloudfunctions.googleapis.com/v2/projects/laura-butallo-web/locations/us-central1/operations/operation-1763343029797-643c04ae88153-159d6827-112df137 [none]
[debug] [2025-11-17T01:31:07.330Z] [update-default-us-central1-validateDelete] Retrying task index 0
[debug] [2025-11-17T01:31:07.330Z] Checked if tokens are valid: true, expires at: 1763345488902
[debug] [2025-11-17T01:31:07.330Z] Checked if tokens are valid: true, expires at: 1763345488902
[debug] [2025-11-17T01:31:07.330Z] >>> [apiv2][query] GET https://cloudfunctions.googleapis.com/v2/projects/laura-butallo-web/locations/us-central1/operations/operation-1763343029841-643c04ae92e9b-af89f214-9eb57570 [none]
[debug] [2025-11-17T01:31:07.927Z] <<< [apiv2][status] GET https://cloudfunctions.googleapis.com/v2/projects/laura-butallo-web/locations/us-central1/operations/operation-1763343029797-643c04ae88153-159d6827-112df137 200
[debug] [2025-11-17T01:31:07.927Z] <<< [apiv2][body] GET https://cloudfunctions.googleapis.com/v2/projects/laura-butallo-web/locations/us-central1/operations/operation-1763343029797-643c04ae88153-159d6827-112df137 {"name":"projects/laura-butallo-web/locations/us-central1/operations/operation-1763343029797-643c04ae88153-159d6827-112df137","metadata":{"@type":"type.googleapis.com/google.cloud.functions.v2.OperationMetadata","createTime":"2025-11-17T01:30:33.855241618Z","target":"projects/laura-butallo-web/locations/us-central1/functions/regenerateDownloadUrl","verb":"update","cancelRequested":false,"apiVersion":"v2","requestResource":{"@type":"type.googleapis.com/google.cloud.functions.v2.Function","name":"projects/laura-butallo-web/locations/us-central1/functions/regenerateDownloadUrl","buildConfig":{"runtime":"nodejs22","entryPoint":"regenerateDownloadUrl","source":{"storageSource":{"bucket":"gcf-v2-sources-388226025861-us-central1","object":"regenerateDownloadUrl/function-source.zip","generation":"1763343033808021"}},"environmentVariables":{"GOOGLE_NODE_RUN_SCRIPTS":""},"dockerRepository":"projects/laura-butallo-web/locations/us-central1/repositories/gcf-artifacts","sourceProvenance":{"resolvedStorageSource":{"bucket":"gcf-v2-sources-388226025861-us-central1","object":"regenerateDownloadUrl/function-source.zip","generation":"1763342016869486"}},"dockerRegistry":"ARTIFACT_REGISTRY","serviceAccount":"projects/laura-butallo-web/serviceAccounts/388226025861-compute@developer.gserviceaccount.com","automaticUpdatePolicy":{}},"serviceConfig":{"service":"projects/laura-butallo-web/locations/us-central1/services/regeneratedownloadurl","timeoutSeconds":60,"environmentVariables":{"FIREBASE_CONFIG":"{\"projectId\":\"laura-butallo-web\",\"storageBucket\":\"laura-butallo-web.firebasestorage.app\"}","GCLOUD_PROJECT":"laura-butallo-web","EVENTARC_CLOUD_EVENT_SOURCE":"projects/laura-butallo-web/locations/us-central1/services/regenerateDownloadUrl","FUNCTION_TARGET":"regenerateDownloadUrl","LOG_EXECUTION_ID":"true","FUNCTION_SIGNATURE_TYPE":"http"},"maxInstanceCount":10,"ingressSettings":"ALLOW_ALL","uri":"https://regeneratedownloadurl-iqcs3ho3pa-uc.a.run.app","serviceAccountEmail":"388226025861-compute@developer.gserviceaccount.com","availableMemory":"256Mi","allTrafficOnLatestRevision":true,"revision":"regeneratedownloadurl-00003-bay","maxInstanceRequestConcurrency":80,"availableCpu":"1"},"state":"ACTIVE","labels":{"deployment-tool":"cli-firebase","deployment-callable":"true","firebase-functions-hash":"d11ed15f804aa79f0f35be9712b2470e6e47da66"},"environment":"GEN_2","url":"https://us-central1-laura-butallo-web.cloudfunctions.net/regenerateDownloadUrl","satisfiesPzi":true},"stages":[{"name":"BUILD","message":"Build in progress","state":"IN_PROGRESS","resource":"projects/388226025861/locations/us-central1/builds/ee19c948-bce1-4dc5-af9d-cebf57daea18","resourceUri":"https://console.cloud.google.com/cloud-build/builds;region=us-central1/ee19c948-bce1-4dc5-af9d-cebf57daea18?project=388226025861"},{"name":"SERVICE","state":"NOT_STARTED"}],"operationType":"UPDATE_FUNCTION","buildName":"projects/388226025861/locations/us-central1/builds/ee19c948-bce1-4dc5-af9d-cebf57daea18"},"done":false}
[debug] [2025-11-17T01:31:08.135Z] <<< [apiv2][status] GET https://cloudfunctions.googleapis.com/v2/projects/laura-butallo-web/locations/us-central1/operations/operation-1763343029841-643c04ae92e9b-af89f214-9eb57570 200
[debug] [2025-11-17T01:31:08.135Z] <<< [apiv2][body] GET https://cloudfunctions.googleapis.com/v2/projects/laura-butallo-web/locations/us-central1/operations/operation-1763343029841-643c04ae92e9b-af89f214-9eb57570 {"name":"projects/laura-butallo-web/locations/us-central1/operations/operation-1763343029841-643c04ae92e9b-af89f214-9eb57570","metadata":{"@type":"type.googleapis.com/google.cloud.functions.v2.OperationMetadata","createTime":"2025-11-17T01:30:32.208676762Z","target":"projects/laura-butallo-web/locations/us-central1/functions/validateDelete","verb":"update","cancelRequested":false,"apiVersion":"v2","requestResource":{"@type":"type.googleapis.com/google.cloud.functions.v2.Function","name":"projects/laura-butallo-web/locations/us-central1/functions/validateDelete","buildConfig":{"runtime":"nodejs22","entryPoint":"validateDelete","source":{"storageSource":{"bucket":"gcf-v2-sources-388226025861-us-central1","object":"validateDelete/function-source.zip","generation":"1763343032147878"}},"environmentVariables":{"GOOGLE_NODE_RUN_SCRIPTS":""},"dockerRepository":"projects/laura-butallo-web/locations/us-central1/repositories/gcf-artifacts","sourceProvenance":{"resolvedStorageSource":{"bucket":"gcf-v2-sources-388226025861-us-central1","object":"validateDelete/function-source.zip","generation":"1763342016089566"}},"dockerRegistry":"ARTIFACT_REGISTRY","serviceAccount":"projects/laura-butallo-web/serviceAccounts/388226025861-compute@developer.gserviceaccount.com","automaticUpdatePolicy":{}},"serviceConfig":{"service":"projects/laura-butallo-web/locations/us-central1/services/validatedelete","timeoutSeconds":60,"environmentVariables":{"FIREBASE_CONFIG":"{\"projectId\":\"laura-butallo-web\",\"storageBucket\":\"laura-butallo-web.firebasestorage.app\"}","GCLOUD_PROJECT":"laura-butallo-web","EVENTARC_CLOUD_EVENT_SOURCE":"projects/laura-butallo-web/locations/us-central1/services/validateDelete","FUNCTION_TARGET":"validateDelete","LOG_EXECUTION_ID":"true","FUNCTION_SIGNATURE_TYPE":"http"},"maxInstanceCount":10,"ingressSettings":"ALLOW_ALL","uri":"https://validatedelete-iqcs3ho3pa-uc.a.run.app","serviceAccountEmail":"388226025861-compute@developer.gserviceaccount.com","availableMemory":"256Mi","allTrafficOnLatestRevision":true,"revision":"validatedelete-00003-lat","maxInstanceRequestConcurrency":80,"availableCpu":"1"},"state":"ACTIVE","labels":{"deployment-tool":"cli-firebase","deployment-callable":"true","firebase-functions-hash":"d11ed15f804aa79f0f35be9712b2470e6e47da66"},"environment":"GEN_2","url":"https://us-central1-laura-butallo-web.cloudfunctions.net/validateDelete","satisfiesPzi":true},"stages":[{"name":"BUILD","message":"Build in progress","state":"IN_PROGRESS","resource":"projects/388226025861/locations/us-central1/builds/7d3f9da3-01ad-4a9c-be9b-28af1bd86b48","resourceUri":"https://console.cloud.google.com/cloud-build/builds;region=us-central1/7d3f9da3-01ad-4a9c-be9b-28af1bd86b48?project=388226025861"},{"name":"SERVICE","state":"NOT_STARTED"}],"operationType":"UPDATE_FUNCTION","buildName":"projects/388226025861/locations/us-central1/builds/7d3f9da3-01ad-4a9c-be9b-28af1bd86b48"},"done":false}
[debug] [2025-11-17T01:31:10.053Z] [update-default-europe-west3-onVideoFinalize] Retrying task index 0
[debug] [2025-11-17T01:31:10.054Z] Checked if tokens are valid: true, expires at: 1763345488902
[debug] [2025-11-17T01:31:10.054Z] Checked if tokens are valid: true, expires at: 1763345488902
[debug] [2025-11-17T01:31:10.054Z] >>> [apiv2][query] GET https://cloudfunctions.googleapis.com/v2/projects/laura-butallo-web/locations/europe-west3/operations/operation-1763343021547-643c04a6a9f1e-3131d657-00444e65 [none]
[debug] [2025-11-17T01:31:10.133Z] <<< [apiv2][status] GET https://cloudfunctions.googleapis.com/v2/projects/laura-butallo-web/locations/europe-west3/operations/operation-1763343021547-643c04a6a9f1e-3131d657-00444e65 200
[debug] [2025-11-17T01:31:10.133Z] <<< [apiv2][body] GET https://cloudfunctions.googleapis.com/v2/projects/laura-butallo-web/locations/europe-west3/operations/operation-1763343021547-643c04a6a9f1e-3131d657-00444e65 {"name":"projects/laura-butallo-web/locations/europe-west3/operations/operation-1763343021547-643c04a6a9f1e-3131d657-00444e65","metadata":{"@type":"type.googleapis.com/google.cloud.functions.v2.OperationMetadata","createTime":"2025-11-17T01:30:22.560394938Z","target":"projects/laura-butallo-web/locations/europe-west3/functions/onVideoFinalize","verb":"update","cancelRequested":false,"apiVersion":"v2","requestResource":{"@type":"type.googleapis.com/google.cloud.functions.v2.Function","name":"projects/laura-butallo-web/locations/europe-west3/functions/onVideoFinalize","buildConfig":{"runtime":"nodejs22","entryPoint":"onVideoFinalize","source":{"storageSource":{"bucket":"gcf-v2-sources-388226025861-europe-west3","object":"onVideoFinalize/function-source.zip","generation":"1763343022519398"}},"environmentVariables":{"GOOGLE_NODE_RUN_SCRIPTS":""},"dockerRepository":"projects/laura-butallo-web/locations/europe-west3/repositories/gcf-artifacts","sourceProvenance":{"resolvedStorageSource":{"bucket":"gcf-v2-sources-388226025861-europe-west3","object":"onVideoFinalize/function-source.zip","generation":"1763342023202701"}},"dockerRegistry":"ARTIFACT_REGISTRY","serviceAccount":"projects/laura-butallo-web/serviceAccounts/388226025861-compute@developer.gserviceaccount.com","automaticUpdatePolicy":{}},"serviceConfig":{"service":"projects/laura-butallo-web/locations/europe-west3/services/onvideofinalize","timeoutSeconds":60,"environmentVariables":{"FIREBASE_CONFIG":"{\"projectId\":\"laura-butallo-web\",\"storageBucket\":\"laura-butallo-web.firebasestorage.app\"}","GCLOUD_PROJECT":"laura-butallo-web","EVENTARC_CLOUD_EVENT_SOURCE":"projects/laura-butallo-web/locations/europe-west3/services/onVideoFinalize","FUNCTION_SIGNATURE_TYPE":"cloudevent","FUNCTION_TARGET":"onVideoFinalize","LOG_EXECUTION_ID":"true"},"maxInstanceCount":10,"ingressSettings":"ALLOW_ALL","uri":"https://onvideofinalize-iqcs3ho3pa-ey.a.run.app","serviceAccountEmail":"388226025861-compute@developer.gserviceaccount.com","availableMemory":"256Mi","allTrafficOnLatestRevision":true,"revision":"onvideofinalize-00001-nax","maxInstanceRequestConcurrency":80,"availableCpu":"1"},"eventTrigger":{"trigger":"projects/laura-butallo-web/locations/eu/triggers/onvideofinalize-821748","triggerRegion":"eu","eventType":"google.cloud.storage.object.v1.finalized","eventFilters":[{"attribute":"bucket","value":"laura-butallo-web.firebasestorage.app"}],"pubsubTopic":"projects/laura-butallo-web/topics/eventarc-eu-onvideofinalize-821748-574","serviceAccountEmail":"388226025861-compute@developer.gserviceaccount.com","retryPolicy":"RETRY_POLICY_DO_NOT_RETRY"},"state":"ACTIVE","labels":{"deployment-tool":"cli-firebase","firebase-functions-hash":"d11ed15f804aa79f0f35be9712b2470e6e47da66"},"environment":"GEN_2","url":"https://europe-west3-laura-butallo-web.cloudfunctions.net/onVideoFinalize","satisfiesPzs":true,"satisfiesPzi":true},"stages":[{"name":"BUILD","message":"Build in progress","state":"IN_PROGRESS","resource":"projects/388226025861/locations/europe-west3/builds/f6535671-ce36-4aa5-88d2-ed3bba4ca5b1","resourceUri":"https://console.cloud.google.com/cloud-build/builds;region=europe-west3/f6535671-ce36-4aa5-88d2-ed3bba4ca5b1?project=388226025861"},{"name":"SERVICE","state":"NOT_STARTED"},{"name":"TRIGGER","state":"NOT_STARTED"}],"operationType":"UPDATE_FUNCTION","buildName":"projects/388226025861/locations/europe-west3/builds/f6535671-ce36-4aa5-88d2-ed3bba4ca5b1"},"done":false}
[debug] [2025-11-17T01:31:12.898Z] [update-default-us-central1-migrateArtworksToAssets] Retrying task index 0
[debug] [2025-11-17T01:31:12.898Z] Checked if tokens are valid: true, expires at: 1763345488902
[debug] [2025-11-17T01:31:12.898Z] Checked if tokens are valid: true, expires at: 1763345488902
[debug] [2025-11-17T01:31:12.899Z] >>> [apiv2][query] GET https://cloudfunctions.googleapis.com/v2/projects/laura-butallo-web/locations/us-central1/operations/operation-1763343029848-643c04ae9487b-2feb40a7-55c8bb43 [none]
[debug] [2025-11-17T01:31:13.656Z] <<< [apiv2][status] GET https://cloudfunctions.googleapis.com/v2/projects/laura-butallo-web/locations/us-central1/operations/operation-1763343029848-643c04ae9487b-2feb40a7-55c8bb43 200
[debug] [2025-11-17T01:31:13.657Z] <<< [apiv2][body] GET https://cloudfunctions.googleapis.com/v2/projects/laura-butallo-web/locations/us-central1/operations/operation-1763343029848-643c04ae9487b-2feb40a7-55c8bb43 {"name":"projects/laura-butallo-web/locations/us-central1/operations/operation-1763343029848-643c04ae9487b-2feb40a7-55c8bb43","metadata":{"@type":"type.googleapis.com/google.cloud.functions.v2.OperationMetadata","createTime":"2025-11-17T01:30:31.272772663Z","target":"projects/laura-butallo-web/locations/us-central1/functions/migrateArtworksToAssets","verb":"update","cancelRequested":false,"apiVersion":"v2","requestResource":{"@type":"type.googleapis.com/google.cloud.functions.v2.Function","name":"projects/laura-butallo-web/locations/us-central1/functions/migrateArtworksToAssets","buildConfig":{"runtime":"nodejs22","entryPoint":"migrateArtworksToAssets","source":{"storageSource":{"bucket":"gcf-v2-sources-388226025861-us-central1","object":"migrateArtworksToAssets/function-source.zip","generation":"1763343031222174"}},"environmentVariables":{"GOOGLE_NODE_RUN_SCRIPTS":""},"dockerRepository":"projects/laura-butallo-web/locations/us-central1/repositories/gcf-artifacts","sourceProvenance":{"resolvedStorageSource":{"bucket":"gcf-v2-sources-388226025861-us-central1","object":"migrateArtworksToAssets/function-source.zip","generation":"1763342017154677"}},"dockerRegistry":"ARTIFACT_REGISTRY","serviceAccount":"projects/laura-butallo-web/serviceAccounts/388226025861-compute@developer.gserviceaccount.com","automaticUpdatePolicy":{}},"serviceConfig":{"service":"projects/laura-butallo-web/locations/us-central1/services/migrateartworkstoassets","timeoutSeconds":60,"environmentVariables":{"FIREBASE_CONFIG":"{\"projectId\":\"laura-butallo-web\",\"storageBucket\":\"laura-butallo-web.firebasestorage.app\"}","GCLOUD_PROJECT":"laura-butallo-web","EVENTARC_CLOUD_EVENT_SOURCE":"projects/laura-butallo-web/locations/us-central1/services/migrateArtworksToAssets","FUNCTION_TARGET":"migrateArtworksToAssets","LOG_EXECUTION_ID":"true","FUNCTION_SIGNATURE_TYPE":"http"},"maxInstanceCount":10,"ingressSettings":"ALLOW_ALL","uri":"https://migrateartworkstoassets-iqcs3ho3pa-uc.a.run.app","serviceAccountEmail":"388226025861-compute@developer.gserviceaccount.com","availableMemory":"256Mi","allTrafficOnLatestRevision":true,"revision":"migrateartworkstoassets-00003-vol","maxInstanceRequestConcurrency":80,"availableCpu":"1"},"state":"ACTIVE","labels":{"deployment-tool":"cli-firebase","deployment-callable":"true","firebase-functions-hash":"d11ed15f804aa79f0f35be9712b2470e6e47da66"},"environment":"GEN_2","url":"https://us-central1-laura-butallo-web.cloudfunctions.net/migrateArtworksToAssets","satisfiesPzi":true},"stages":[{"name":"BUILD","message":"Build in progress","state":"IN_PROGRESS","resource":"projects/388226025861/locations/us-central1/builds/cd29994c-8f78-4ee1-b8f3-f03872edb4fd","resourceUri":"https://console.cloud.google.com/cloud-build/builds;region=us-central1/cd29994c-8f78-4ee1-b8f3-f03872edb4fd?project=388226025861"},{"name":"SERVICE","state":"NOT_STARTED"}],"operationType":"UPDATE_FUNCTION","buildName":"projects/388226025861/locations/us-central1/builds/cd29994c-8f78-4ee1-b8f3-f03872edb4fd"},"done":false}
[debug] [2025-11-17T01:31:17.929Z] [update-default-us-central1-regenerateDownloadUrl] Retrying task index 0
[debug] [2025-11-17T01:31:17.929Z] Checked if tokens are valid: true, expires at: 1763345488902
[debug] [2025-11-17T01:31:17.930Z] Checked if tokens are valid: true, expires at: 1763345488902
[debug] [2025-11-17T01:31:17.930Z] >>> [apiv2][query] GET https://cloudfunctions.googleapis.com/v2/projects/laura-butallo-web/locations/us-central1/operations/operation-1763343029797-643c04ae88153-159d6827-112df137 [none]
[debug] [2025-11-17T01:31:18.136Z] [update-default-us-central1-validateDelete] Retrying task index 0
[debug] [2025-11-17T01:31:18.137Z] Checked if tokens are valid: true, expires at: 1763345488902
[debug] [2025-11-17T01:31:18.137Z] Checked if tokens are valid: true, expires at: 1763345488902
[debug] [2025-11-17T01:31:18.137Z] >>> [apiv2][query] GET https://cloudfunctions.googleapis.com/v2/projects/laura-butallo-web/locations/us-central1/operations/operation-1763343029841-643c04ae92e9b-af89f214-9eb57570 [none]
[debug] [2025-11-17T01:31:18.665Z] <<< [apiv2][status] GET https://cloudfunctions.googleapis.com/v2/projects/laura-butallo-web/locations/us-central1/operations/operation-1763343029797-643c04ae88153-159d6827-112df137 200
[debug] [2025-11-17T01:31:18.665Z] <<< [apiv2][body] GET https://cloudfunctions.googleapis.com/v2/projects/laura-butallo-web/locations/us-central1/operations/operation-1763343029797-643c04ae88153-159d6827-112df137 {"name":"projects/laura-butallo-web/locations/us-central1/operations/operation-1763343029797-643c04ae88153-159d6827-112df137","metadata":{"@type":"type.googleapis.com/google.cloud.functions.v2.OperationMetadata","createTime":"2025-11-17T01:30:33.855241618Z","target":"projects/laura-butallo-web/locations/us-central1/functions/regenerateDownloadUrl","verb":"update","cancelRequested":false,"apiVersion":"v2","requestResource":{"@type":"type.googleapis.com/google.cloud.functions.v2.Function","name":"projects/laura-butallo-web/locations/us-central1/functions/regenerateDownloadUrl","buildConfig":{"runtime":"nodejs22","entryPoint":"regenerateDownloadUrl","source":{"storageSource":{"bucket":"gcf-v2-sources-388226025861-us-central1","object":"regenerateDownloadUrl/function-source.zip","generation":"1763343033808021"}},"environmentVariables":{"GOOGLE_NODE_RUN_SCRIPTS":""},"dockerRepository":"projects/laura-butallo-web/locations/us-central1/repositories/gcf-artifacts","sourceProvenance":{"resolvedStorageSource":{"bucket":"gcf-v2-sources-388226025861-us-central1","object":"regenerateDownloadUrl/function-source.zip","generation":"1763342016869486"}},"dockerRegistry":"ARTIFACT_REGISTRY","serviceAccount":"projects/laura-butallo-web/serviceAccounts/388226025861-compute@developer.gserviceaccount.com","automaticUpdatePolicy":{}},"serviceConfig":{"service":"projects/laura-butallo-web/locations/us-central1/services/regeneratedownloadurl","timeoutSeconds":60,"environmentVariables":{"FIREBASE_CONFIG":"{\"projectId\":\"laura-butallo-web\",\"storageBucket\":\"laura-butallo-web.firebasestorage.app\"}","GCLOUD_PROJECT":"laura-butallo-web","EVENTARC_CLOUD_EVENT_SOURCE":"projects/laura-butallo-web/locations/us-central1/services/regenerateDownloadUrl","FUNCTION_TARGET":"regenerateDownloadUrl","LOG_EXECUTION_ID":"true","FUNCTION_SIGNATURE_TYPE":"http"},"maxInstanceCount":10,"ingressSettings":"ALLOW_ALL","uri":"https://regeneratedownloadurl-iqcs3ho3pa-uc.a.run.app","serviceAccountEmail":"388226025861-compute@developer.gserviceaccount.com","availableMemory":"256Mi","allTrafficOnLatestRevision":true,"revision":"regeneratedownloadurl-00003-bay","maxInstanceRequestConcurrency":80,"availableCpu":"1"},"state":"ACTIVE","labels":{"deployment-tool":"cli-firebase","deployment-callable":"true","firebase-functions-hash":"d11ed15f804aa79f0f35be9712b2470e6e47da66"},"environment":"GEN_2","url":"https://us-central1-laura-butallo-web.cloudfunctions.net/regenerateDownloadUrl","satisfiesPzi":true},"stages":[{"name":"BUILD","message":"Build in progress","state":"IN_PROGRESS","resource":"projects/388226025861/locations/us-central1/builds/ee19c948-bce1-4dc5-af9d-cebf57daea18","resourceUri":"https://console.cloud.google.com/cloud-build/builds;region=us-central1/ee19c948-bce1-4dc5-af9d-cebf57daea18?project=388226025861"},{"name":"SERVICE","state":"NOT_STARTED"}],"operationType":"UPDATE_FUNCTION","buildName":"projects/388226025861/locations/us-central1/builds/ee19c948-bce1-4dc5-af9d-cebf57daea18"},"done":false}
[debug] [2025-11-17T01:31:18.909Z] <<< [apiv2][status] GET https://cloudfunctions.googleapis.com/v2/projects/laura-butallo-web/locations/us-central1/operations/operation-1763343029841-643c04ae92e9b-af89f214-9eb57570 200
[debug] [2025-11-17T01:31:18.909Z] <<< [apiv2][body] GET https://cloudfunctions.googleapis.com/v2/projects/laura-butallo-web/locations/us-central1/operations/operation-1763343029841-643c04ae92e9b-af89f214-9eb57570 {"name":"projects/laura-butallo-web/locations/us-central1/operations/operation-1763343029841-643c04ae92e9b-af89f214-9eb57570","metadata":{"@type":"type.googleapis.com/google.cloud.functions.v2.OperationMetadata","createTime":"2025-11-17T01:30:32.208676762Z","target":"projects/laura-butallo-web/locations/us-central1/functions/validateDelete","verb":"update","cancelRequested":false,"apiVersion":"v2","requestResource":{"@type":"type.googleapis.com/google.cloud.functions.v2.Function","name":"projects/laura-butallo-web/locations/us-central1/functions/validateDelete","buildConfig":{"runtime":"nodejs22","entryPoint":"validateDelete","source":{"storageSource":{"bucket":"gcf-v2-sources-388226025861-us-central1","object":"validateDelete/function-source.zip","generation":"1763343032147878"}},"environmentVariables":{"GOOGLE_NODE_RUN_SCRIPTS":""},"dockerRepository":"projects/laura-butallo-web/locations/us-central1/repositories/gcf-artifacts","sourceProvenance":{"resolvedStorageSource":{"bucket":"gcf-v2-sources-388226025861-us-central1","object":"validateDelete/function-source.zip","generation":"1763342016089566"}},"dockerRegistry":"ARTIFACT_REGISTRY","serviceAccount":"projects/laura-butallo-web/serviceAccounts/388226025861-compute@developer.gserviceaccount.com","automaticUpdatePolicy":{}},"serviceConfig":{"service":"projects/laura-butallo-web/locations/us-central1/services/validatedelete","timeoutSeconds":60,"environmentVariables":{"FIREBASE_CONFIG":"{\"projectId\":\"laura-butallo-web\",\"storageBucket\":\"laura-butallo-web.firebasestorage.app\"}","GCLOUD_PROJECT":"laura-butallo-web","EVENTARC_CLOUD_EVENT_SOURCE":"projects/laura-butallo-web/locations/us-central1/services/validateDelete","FUNCTION_TARGET":"validateDelete","LOG_EXECUTION_ID":"true","FUNCTION_SIGNATURE_TYPE":"http"},"maxInstanceCount":10,"ingressSettings":"ALLOW_ALL","uri":"https://validatedelete-iqcs3ho3pa-uc.a.run.app","serviceAccountEmail":"388226025861-compute@developer.gserviceaccount.com","availableMemory":"256Mi","allTrafficOnLatestRevision":true,"revision":"validatedelete-00003-lat","maxInstanceRequestConcurrency":80,"availableCpu":"1"},"state":"ACTIVE","labels":{"deployment-tool":"cli-firebase","deployment-callable":"true","firebase-functions-hash":"d11ed15f804aa79f0f35be9712b2470e6e47da66"},"environment":"GEN_2","url":"https://us-central1-laura-butallo-web.cloudfunctions.net/validateDelete","satisfiesPzi":true},"stages":[{"name":"BUILD","message":"Build in progress","state":"IN_PROGRESS","resource":"projects/388226025861/locations/us-central1/builds/7d3f9da3-01ad-4a9c-be9b-28af1bd86b48","resourceUri":"https://console.cloud.google.com/cloud-build/builds;region=us-central1/7d3f9da3-01ad-4a9c-be9b-28af1bd86b48?project=388226025861"},{"name":"SERVICE","state":"NOT_STARTED"}],"operationType":"UPDATE_FUNCTION","buildName":"projects/388226025861/locations/us-central1/builds/7d3f9da3-01ad-4a9c-be9b-28af1bd86b48"},"done":false}
[debug] [2025-11-17T01:31:20.135Z] [update-default-europe-west3-onVideoFinalize] Retrying task index 0
[debug] [2025-11-17T01:31:20.135Z] Checked if tokens are valid: true, expires at: 1763345488902
[debug] [2025-11-17T01:31:20.135Z] Checked if tokens are valid: true, expires at: 1763345488902
[debug] [2025-11-17T01:31:20.135Z] >>> [apiv2][query] GET https://cloudfunctions.googleapis.com/v2/projects/laura-butallo-web/locations/europe-west3/operations/operation-1763343021547-643c04a6a9f1e-3131d657-00444e65 [none]
[debug] [2025-11-17T01:31:20.651Z] <<< [apiv2][status] GET https://cloudfunctions.googleapis.com/v2/projects/laura-butallo-web/locations/europe-west3/operations/operation-1763343021547-643c04a6a9f1e-3131d657-00444e65 200
[debug] [2025-11-17T01:31:20.652Z] <<< [apiv2][body] GET https://cloudfunctions.googleapis.com/v2/projects/laura-butallo-web/locations/europe-west3/operations/operation-1763343021547-643c04a6a9f1e-3131d657-00444e65 {"name":"projects/laura-butallo-web/locations/europe-west3/operations/operation-1763343021547-643c04a6a9f1e-3131d657-00444e65","metadata":{"@type":"type.googleapis.com/google.cloud.functions.v2.OperationMetadata","createTime":"2025-11-17T01:30:22.560394938Z","endTime":"2025-11-17T01:31:17.260283675Z","target":"projects/laura-butallo-web/locations/europe-west3/functions/onVideoFinalize","verb":"update","cancelRequested":false,"apiVersion":"v2","requestResource":{"@type":"type.googleapis.com/google.cloud.functions.v2.Function","name":"projects/laura-butallo-web/locations/europe-west3/functions/onVideoFinalize","buildConfig":{"runtime":"nodejs22","entryPoint":"onVideoFinalize","source":{"storageSource":{"bucket":"gcf-v2-sources-388226025861-europe-west3","object":"onVideoFinalize/function-source.zip","generation":"1763343022519398"}},"environmentVariables":{"GOOGLE_NODE_RUN_SCRIPTS":""},"dockerRepository":"projects/laura-butallo-web/locations/europe-west3/repositories/gcf-artifacts","sourceProvenance":{"resolvedStorageSource":{"bucket":"gcf-v2-sources-388226025861-europe-west3","object":"onVideoFinalize/function-source.zip","generation":"1763342023202701"}},"dockerRegistry":"ARTIFACT_REGISTRY","serviceAccount":"projects/laura-butallo-web/serviceAccounts/388226025861-compute@developer.gserviceaccount.com","automaticUpdatePolicy":{}},"serviceConfig":{"service":"projects/laura-butallo-web/locations/europe-west3/services/onvideofinalize","timeoutSeconds":60,"environmentVariables":{"FIREBASE_CONFIG":"{\"projectId\":\"laura-butallo-web\",\"storageBucket\":\"laura-butallo-web.firebasestorage.app\"}","GCLOUD_PROJECT":"laura-butallo-web","EVENTARC_CLOUD_EVENT_SOURCE":"projects/laura-butallo-web/locations/europe-west3/services/onVideoFinalize","FUNCTION_SIGNATURE_TYPE":"cloudevent","FUNCTION_TARGET":"onVideoFinalize","LOG_EXECUTION_ID":"true"},"maxInstanceCount":10,"ingressSettings":"ALLOW_ALL","uri":"https://onvideofinalize-iqcs3ho3pa-ey.a.run.app","serviceAccountEmail":"388226025861-compute@developer.gserviceaccount.com","availableMemory":"256Mi","allTrafficOnLatestRevision":true,"revision":"onvideofinalize-00001-nax","maxInstanceRequestConcurrency":80,"availableCpu":"1"},"eventTrigger":{"trigger":"projects/laura-butallo-web/locations/eu/triggers/onvideofinalize-821748","triggerRegion":"eu","eventType":"google.cloud.storage.object.v1.finalized","eventFilters":[{"attribute":"bucket","value":"laura-butallo-web.firebasestorage.app"}],"pubsubTopic":"projects/laura-butallo-web/topics/eventarc-eu-onvideofinalize-821748-574","serviceAccountEmail":"388226025861-compute@developer.gserviceaccount.com","retryPolicy":"RETRY_POLICY_DO_NOT_RETRY"},"state":"ACTIVE","labels":{"deployment-tool":"cli-firebase","firebase-functions-hash":"d11ed15f804aa79f0f35be9712b2470e6e47da66"},"environment":"GEN_2","url":"https://europe-west3-laura-butallo-web.cloudfunctions.net/onVideoFinalize","satisfiesPzs":true,"satisfiesPzi":true},"stages":[{"name":"SERVICE","state":"NOT_STARTED"},{"name":"TRIGGER","state":"NOT_STARTED"}],"operationType":"UPDATE_FUNCTION"},"done":true,"error":{"code":3,"message":"Build failed with status: FAILURE and message: npm error code EUSAGE\nnpm error\nnpm error `npm ci` can only install packages when your package.json and package-lock.json or npm-shrinkwrap.json are in sync. Please update your lock file with `npm install` before continuing.\nnpm error\nnpm error Missing: jest@30.2.0 from lock file\nnpm error Missing: @jest/core@30.2.0 from lock file\nnpm error Missing: @jest/types@30.2.0 from lock file\nnpm error Missing: import-local@3.2.0 from lock file\nnpm error Missing: jest-cli@30.2.0 from lock file\nnpm error Missing: @jest/console@30.2.0 from lock file\nnpm error Missing: @jest/pattern@30.0.1 from lock file\nnpm error Missing: @jest/reporters@30.2.0 from lock file\nnpm error Missing: @jest/test-result@30.2.0 from lock file\nnpm error Missing: @jest/transform@30.2.0 from lock file\nnpm error Missing: ansi-escapes@4.3.2 from lock file\nnpm error Missing: ci-info@4.3.1 from lock file\nnpm error Missing: exit-x@0.2.2 from lock file\nnpm error Missing: graceful-fs@4.2.11 from lock file\nnpm error Missing: jest-changed-files@30.2.0 from lock file\nnpm error Missing: jest-config@30.2.0 from lock file\nnpm error Missing: jest-haste-map@30.2.0 from lock file\nnpm error Missing: jest-message-util@30.2.0 from lock file\nnpm error Missing: jest-regex-util@30.0.1 from lock file\nnpm error Missing: jest-resolve@30.2.0 from lock file\nnpm error Missing: jest-resolve-dependencies@30.2.0 from lock file\nnpm error Missing: jest-runner@30.2.0 from lock file\nnpm error Missing: jest-runtime@30.2.0 from lock file\nnpm error Missing: jest-snapshot@30.2.0 from lock file\nnpm error Missing: jest-util@30.2.0 from lock file\nnpm error Missing: jest-validate@30.2.0 from lock file\nnpm error Missing: jest-watcher@30.2.0 from lock file\nnpm error Missing: pretty-format@30.2.0 from lock file\nnpm error Missing: @bcoe/v8-coverage@0.2.3 from lock file\nnpm error Missing: @jridgewell/trace-mapping@0.3.31 from lock file\nnpm error Missing: collect-v8-coverage@1.0.3 from lock file\nnpm error Missing: glob@10.4.5 from lock file\nnpm error Missing: istanbul-lib-coverage@3.2.2 from lock file\nnpm error Missing: istanbul-lib-instrument@6.0.3 from lock file\nnpm error Missing: istanbul-lib-report@3.0.1 from lock file\nnpm error Missing: istanbul-lib-source-maps@5.0.6 from lock file\nnpm error Missing: istanbul-reports@3.2.0 from lock file\nnpm error Missing: jest-worker@30.2.0 from lock file\nnpm error Missing: string-length@4.0.2 from lock file\nnpm error Missing: v8-to-istanbul@9.3.0 from lock file\nnpm error Missing: @types/istanbul-lib-coverage@2.0.6 from lock file\nnpm error Missing: @babel/core@7.28.5 from lock file\nnpm error Missing: babel-plugin-istanbul@7.0.1 from lock file\nnpm error Missing: convert-source-map@2.0.0 from lock file\nnpm error Missing: pirates@4.0.7 from lock file\nnpm error Missing: write-file-atomic@5.0.1 from lock file\nnpm error Missing: @babel/code-frame@7.27.1 from lock file\nnpm error Missing: @babel/generator@7.28.5 from lock file\nnpm error Missing: @babel/helper-compilation-targets@7.27.2 from lock file\nnpm error Missing: @babel/helper-module-transforms@7.28.3 from lock file\nnpm error Missing: @babel/helpers@7.28.4 from lock file\nnpm error Missing: @babel/parser@7.28.5 from lock file\nnpm error Missing: @babel/template@7.27.2 from lock file\nnpm error Missing: @babel/traverse@7.28.5 from lock file\nnpm error Missing: @babel/types@7.28.5 from lock file\nnpm error Missing: @jridgewell/remapping@2.3.5 from lock file\nnpm error Missing: gensync@1.0.0-beta.2 from lock file\nnpm error Missing: json5@2.2.3 from lock file\nnpm error Missing: semver@6.3.1 from lock file\nnpm error Missing: @babel/helper-validator-identifier@7.28.5 from lock file\nnpm error Missing: js-tokens@4.0.0 from lock file\nnpm error Missing: picocolors@1.1.1 from lock file\nnpm error Missing: @jridgewell/gen-mapping@0.3.13 from lock file\nnpm error Missing: jsesc@3.1.0 from lock file\nnpm error Missing: @babel/compat-data@7.28.5 from lock file\nnpm error Missing: @babel/helper-validator-option@7.27.1 from lock file\nnpm error Missing: browserslist@4.28.0 from lock file\nnpm error Missing: lru-cache@5.1.1 from lock file\nnpm error Missing: semver@6.3.1 from lock file\nnpm error Missing: @babel/helper-module-imports@7.27.1 from lock file\nnpm error Missing: @babel/helper-globals@7.28.0 from lock file\nnpm error Missing: @babel/helper-string-parser@7.27.1 from lock file\nnpm error Missing: @jest/schemas@30.0.5 from lock file\nnpm error Missing: @types/istanbul-reports@3.0.4 from lock file\nnpm error Missing: @types/yargs@17.0.35 from lock file\nnpm error Missing: @sinclair/typebox@0.34.41 from lock file\nnpm error Missing: @jridgewell/sourcemap-codec@1.5.5 from lock file\nnpm error Missing: @jridgewell/resolve-uri@3.1.2 from lock file\nnpm error Missing: @types/istanbul-lib-report@3.0.3 from lock file\nnpm error Missing: @types/yargs-parser@21.0.3 from lock file\nnpm error Missing: type-fest@0.21.3 from lock file\nnpm error Missing: @babel/helper-plugin-utils@7.27.1 from lock file\nnpm error Missing: @istanbuljs/load-nyc-config@1.1.0 from lock file\nnpm error Missing: @istanbuljs/schema@0.1.3 from lock file\nnpm error Missing: test-exclude@6.0.0 from lock file\nnpm error Missing: camelcase@5.3.1 from lock file\nnpm error Missing: find-up@4.1.0 from lock file\nnpm error Missing: get-package-type@0.1.0 from lock file\nnpm error Missing: js-yaml@3.14.2 from lock file\nnpm error Missing: resolve-from@5.0.0 from lock file\nnpm error Missing: baseline-browser-mapping@2.8.28 from lock file\nnpm error Missing: caniuse-lite@1.0.30001755 from lock file\nnpm error Missing: electron-to-chromium@1.5.254 from lock file\nnpm error Missing: node-releases@2.0.27 from lock file\nnpm error Missing: update-browserslist-db@1.1.4 from lock file\nnpm error Missing: pkg-dir@4.2.0 from lock file\nnpm error Missing: resolve-cwd@3.0.0 from lock file\nnpm error Missing: make-dir@4.0.0 from lock file\nnpm error Missing: html-escaper@2.0.2 from lock file\nnpm error Missing: execa@5.1.1 from lock file\nnpm error Missing: get-stream@6.0.1 from lock file\nnpm error Missing: human-signals@2.1.0 from lock file\nnpm error Missing: merge-stream@2.0.0 from lock file\nnpm error Missing: npm-run-path@4.0.1 from lock file\nnpm error Missing: onetime@5.1.2 from lock file\nnpm error Missing: signal-exit@3.0.7 from lock file\nnpm error Missing: strip-final-newline@2.0.0 from lock file\nnpm error Missing: @jest/get-type@30.1.0 from lock file\nnpm error Missing: @jest/test-sequencer@30.2.0 from lock file\nnpm error Missing: babel-jest@30.2.0 from lock file\nnpm error Missing: deepmerge@4.3.1 from lock file\nnpm error Missing: glob@10.4.5 from lock file\nnpm error Missing: jest-circus@30.2.0 from lock file\nnpm error Missing: jest-docblock@30.2.0 from lock file\nnpm error Missing: jest-environment-node@30.2.0 from lock file\nnpm error Missing: parse-json@5.2.0 from lock file\nnpm error Missing: @types/babel__core@7.20.5 from lock file\nnpm error Missing: babel-preset-jest@30.2.0 from lock file\nnpm error Missing: @types/babel__generator@7.27.0 from lock file\nnpm error Missing: @types/babel__template@7.4.4 from lock file\nnpm error Missing: @types/babel__traverse@7.28.0 from lock file\nnpm error Missing: babel-plugin-jest-hoist@30.2.0 from lock file\nnpm error Missing: babel-preset-current-node-syntax@1.2.0 from lock file\nnpm error Missing: @babel/plugin-syntax-async-generators@7.8.4 from lock file\nnpm error Missing: @babel/plugin-syntax-bigint@7.8.3 from lock file\nnpm error Missing: @babel/plugin-syntax-class-properties@7.12.13 from lock file\nnpm error Missing: @babel/plugin-syntax-class-static-block@7.14.5 from lock file\nnpm error Missing: @babel/plugin-syntax-import-attributes@7.27.1 from lock file\nnpm error Missing: @babel/plugin-syntax-import-meta@7.10.4 from lock file\nnpm error Missing: @babel/plugin-syntax-json-strings@7.8.3 from lock file\nnpm error Missing: @babel/plugin-syntax-logical-assignment-operators@7.10.4 from lock file\nnpm error Missing: @babel/plugin-syntax-nullish-coalescing-operator@7.8.3 from lock file\nnpm error Missing: @babel/plugin-syntax-numeric-separator@7.10.4 from lock file\nnpm error Missing: @babel/plugin-syntax-object-rest-spread@7.8.3 from lock file\nnpm error Missing: @babel/plugin-syntax-optional-catch-binding@7.8.3 from lock file\nnpm error Missing: @babel/plugin-syntax-optional-chaining@7.8.3 from lock file\nnpm error Missing: @babel/plugin-syntax-private-property-in-object@7.14.5 from lock file\nnpm error Missing: @babel/plugin-syntax-top-level-await@7.14.5 from lock file\nnpm error Missing: @jest/environment@30.2.0 from lock file\nnpm error Missing: @jest/expect@30.2.0 from lock file\nnpm error Missing: co@4.6.0 from lock file\nnpm error Missing: dedent@1.7.0 from lock file\nnpm error Missing: is-generator-fn@2.1.0 from lock file\nnpm error Missing: jest-each@30.2.0 from lock file\nnpm error Missing: jest-matcher-utils@30.2.0 from lock file\nnpm error Missing: pure-rand@7.0.1 from lock file\nnpm error Missing: stack-utils@2.0.6 from lock file\nnpm error Missing: @jest/fake-timers@30.2.0 from lock file\nnpm error Missing: jest-mock@30.2.0 from lock file\nnpm error Missing: expect@30.2.0 from lock file\nnpm error Missing: @sinonjs/fake-timers@13.0.5 from lock file\nnpm error Missing: @sinonjs/commons@3.0.1 from lock file\nnpm error Missing: type-detect@4.0.8 from lock file\nnpm error Missing: @jest/expect-utils@30.2.0 from lock file\nnpm error Missing: detect-newline@3.1.0 from lock file\nnpm error Missing: anymatch@3.1.3 from lock file\nnpm error Missing: fb-watchman@2.0.2 from lock file\nnpm error Missing: fsevents@2.3.3 from lock file\nnpm error Missing: walker@1.0.8 from lock file\nnpm error Missing: normalize-path@3.0.0 from lock file\nnpm error Missing: bser@2.1.1 from lock file\nnpm error Missing: node-int64@0.4.0 from lock file\nnpm error Missing: jest-diff@30.2.0 from lock file\nnpm error Missing: @jest/diff-sequences@30.0.1 from lock file\nnpm error Missing: @types/stack-utils@2.0.3 from lock file\nnpm error Missing: jest-pnp-resolver@1.2.3 from lock file\nnpm error Missing: unrs-resolver@1.11.1 from lock file\nnpm error Missing: emittery@0.13.1 from lock file\nnpm error Missing: jest-leak-detector@30.2.0 from lock file\nnpm error Missing: source-map-support@0.5.13 from lock file\nnpm error Missing: @jest/globals@30.2.0 from lock file\nnpm error Missing: @jest/source-map@30.0.1 from lock file\nnpm error Missing: cjs-module-lexer@2.1.1 from lock file\nnpm error Missing: glob@10.4.5 from lock file\nnpm error Missing: strip-bom@4.0.0 from lock file\nnpm error Missing: @babel/plugin-syntax-jsx@7.27.1 from lock file\nnpm error Missing: @babel/plugin-syntax-typescript@7.27.1 from lock file\nnpm error Missing: @jest/snapshot-utils@30.2.0 from lock file\nnpm error Missing: synckit@0.11.11 from lock file\nnpm error Missing: picomatch@4.0.3 from lock file\nnpm error Missing: camelcase@6.3.0 from lock file\nnpm error Missing: leven@3.1.0 from lock file\nnpm error Missing: supports-color@8.1.1 from lock file\nnpm error Missing: mimic-fn@2.1.0 from lock file\nnpm error Missing: error-ex@1.3.4 from lock file\nnpm error Missing: json-parse-even-better-errors@2.3.1 from lock file\nnpm error Missing: lines-and-columns@1.2.4 from lock file\nnpm error Missing: is-arrayish@0.2.1 from lock file\nnpm error Missing: find-up@4.1.0 from lock file\nnpm error Missing: ansi-styles@5.2.0 from lock file\nnpm error Missing: react-is@18.3.1 from lock file\nnpm error Missing: resolve-from@5.0.0 from lock file\nnpm error Missing: buffer-from@1.1.2 from lock file\nnpm error Missing: source-map@0.6.1 from lock file\nnpm error Missing: escape-string-regexp@2.0.0 from lock file\nnpm error Missing: char-regex@1.0.2 from lock file\nnpm error Missing: @pkgr/core@0.2.9 from lock file\nnpm error Missing: @unrs/resolver-binding-android-arm-eabi@1.11.1 from lock file\nnpm error Missing: @unrs/resolver-binding-android-arm64@1.11.1 from lock file\nnpm error Missing: @unrs/resolver-binding-darwin-arm64@1.11.1 from lock file\nnpm error Missing: @unrs/resolver-binding-darwin-x64@1.11.1 from lock file\nnpm error Missing: @unrs/resolver-binding-freebsd-x64@1.11.1 from lock file\nnpm error Missing: @unrs/resolver-binding-linux-arm-gnueabihf@1.11.1 from lock file\nnpm error Missing: @unrs/resolver-binding-linux-arm-musleabihf@1.11.1 from lock file\nnpm error Missing: @unrs/resolver-binding-linux-arm64-gnu@1.11.1 from lock file\nnpm error Missing: @unrs/resolver-binding-linux-arm64-musl@1.11.1 from lock file\nnpm error Missing: @unrs/resolver-binding-linux-ppc64-gnu@1.11.1 from lock file\nnpm error Missing: @unrs/resolver-binding-linux-riscv64-gnu@1.11.1 from lock file\nnpm error Missing: @unrs/resolver-binding-linux-riscv64-musl@1.11.1 from lock file\nnpm error Missing: @unrs/resolver-binding-linux-s390x-gnu@1.11.1 from lock file\nnpm error Missing: @unrs/resolver-binding-linux-x64-gnu@1.11.1 from lock file\nnpm error Missing: @unrs/resolver-binding-linux-x64-musl@1.11.1 from lock file\nnpm error Missing: @unrs/resolver-binding-wasm32-wasi@1.11.1 from lock file\nnpm error Missing: @unrs/resolver-binding-win32-arm64-msvc@1.11.1 from lock file\nnpm error Missing: @unrs/resolver-binding-win32-ia32-msvc@1.11.1 from lock file\nnpm error Missing: @unrs/resolver-binding-win32-x64-msvc@1.11.1 from lock file\nnpm error Missing: napi-postinstall@0.3.4 from lock file\nnpm error Missing: @napi-rs/wasm-runtime@0.2.12 from lock file\nnpm error Missing: @emnapi/core@1.7.1 from lock file\nnpm error Missing: @emnapi/runtime@1.7.1 from lock file\nnpm error Missing: @tybys/wasm-util@0.10.1 from lock file\nnpm error Missing: @emnapi/wasi-threads@1.1.0 from lock file\nnpm error Missing: makeerror@1.0.12 from lock file\nnpm error Missing: tmpl@1.0.5 from lock file\nnpm error Missing: signal-exit@4.1.0 from lock file\nnpm error Missing: yallist@3.1.1 from lock file\nnpm error Missing: locate-path@5.0.0 from lock file\nnpm error Missing: argparse@1.0.10 from lock file\nnpm error Missing: esprima@4.0.1 from lock file\nnpm error Missing: sprintf-js@1.0.3 from lock file\nnpm error Missing: p-locate@4.1.0 from lock file\nnpm error Missing: p-limit@2.3.0 from lock file\nnpm error Missing: p-try@2.2.0 from lock file\nnpm error Missing: foreground-child@3.3.1 from lock file\nnpm error Missing: jackspeak@3.4.3 from lock file\nnpm error Missing: minimatch@9.0.5 from lock file\nnpm error Missing: minipass@7.1.2 from lock file\nnpm error Missing: package-json-from-dist@1.0.1 from lock file\nnpm error Missing: path-scurry@1.11.1 from lock file\nnpm error Missing: signal-exit@4.1.0 from lock file\nnpm error Missing: @isaacs/cliui@8.0.2 from lock file\nnpm error Missing: @pkgjs/parseargs@0.11.0 from lock file\nnpm error Missing: string-width@5.1.2 from lock file\nnpm error Missing: string-width-cjs@4.2.3 from lock file\nnpm error Missing: strip-ansi@7.1.2 from lock file\nnpm error Missing: strip-ansi-cjs@6.0.1 from lock file\nnpm error Missing: wrap-ansi@8.1.0 from lock file\nnpm error Missing: wrap-ansi-cjs@7.0.0 from lock file\nnpm error Missing: lru-cache@10.4.3 from lock file\nnpm error Missing: eastasianwidth@0.2.0 from lock file\nnpm error Missing: emoji-regex@9.2.2 from lock file\nnpm error Missing: ansi-regex@6.2.2 from lock file\nnpm error Missing: ansi-styles@6.2.3 from lock file\nnpm error Missing: brace-expansion@2.0.2 from lock file\nnpm error Missing: minimatch@9.0.5 from lock file\nnpm error Missing: brace-expansion@2.0.2 from lock file\nnpm error Missing: minimatch@9.0.5 from lock file\nnpm error Missing: brace-expansion@2.0.2 from lock file\nnpm error Missing: locate-path@5.0.0 from lock file\nnpm error Missing: p-locate@4.1.0 from lock file\nnpm error Missing: p-limit@2.3.0 from lock file\nnpm error\nnpm error Clean install a project\nnpm error\nnpm error Usage:\nnpm error npm ci\nnpm error\nnpm error Options:\nnpm error [--install-strategy <hoisted|nested|shallow|linked>] [--legacy-bundling]\nnpm error [--global-style] [--omit <dev|optional|peer> [--omit <dev|optional|peer> ...]]\nnpm error [--include <prod|dev|optional|peer> [--include <prod|dev|optional|peer> ...]]\nnpm error [--strict-peer-deps] [--foreground-scripts] [--ignore-scripts] [--no-audit]\nnpm error [--no-bin-links] [--no-fund] [--dry-run]\nnpm error [-w|--workspace <workspace-name> [-w|--workspace <workspace-name> ...]]\nnpm error [-ws|--workspaces] [--include-workspace-root] [--install-links]\nnpm error\nnpm error aliases: clean-install, ic, install-clean, isntall-clean\nnpm error\nnpm error Run \"npm help ci\" for more info\nnpm error A complete log of this run can be found in: /www-data-home/.npm/_logs/2025-11-17T01_30_38_175Z-debug-0.log. For more details see the logs at https://console.cloud.google.com/cloud-build/builds;region=europe-west3/f6535671-ce36-4aa5-88d2-ed3bba4ca5b1?project=388226025861."}}
[debug] [2025-11-17T01:31:20.652Z] Got source token undefined for region europe-west3
[error] Build failed with status: FAILURE and message: npm error code EUSAGE
npm error
npm error `npm ci` can only install packages when your package.json and package-lock.json or npm-shrinkwrap.json are in sync. Please update your lock file with `npm install` before continuing.
npm error
npm error Missing: jest@30.2.0 from lock file
npm error Missing: @jest/core@30.2.0 from lock file
npm error Missing: @jest/types@30.2.0 from lock file
npm error Missing: import-local@3.2.0 from lock file
npm error Missing: jest-cli@30.2.0 from lock file
npm error Missing: @jest/console@30.2.0 from lock file
npm error Missing: @jest/pattern@30.0.1 from lock file
npm error Missing: @jest/reporters@30.2.0 from lock file
npm error Missing: @jest/test-result@30.2.0 from lock file
npm error Missing: @jest/transform@30.2.0 from lock file
npm error Missing: ansi-escapes@4.3.2 from lock file
npm error Missing: ci-info@4.3.1 from lock file
npm error Missing: exit-x@0.2.2 from lock file
npm error Missing: graceful-fs@4.2.11 from lock file
npm error Missing: jest-changed-files@30.2.0 from lock file
npm error Missing: jest-config@30.2.0 from lock file
npm error Missing: jest-haste-map@30.2.0 from lock file
npm error Missing: jest-message-util@30.2.0 from lock file
npm error Missing: jest-regex-util@30.0.1 from lock file
npm error Missing: jest-resolve@30.2.0 from lock file
npm error Missing: jest-resolve-dependencies@30.2.0 from lock file
npm error Missing: jest-runner@30.2.0 from lock file
npm error Missing: jest-runtime@30.2.0 from lock file
npm error Missing: jest-snapshot@30.2.0 from lock file
npm error Missing: jest-util@30.2.0 from lock file
npm error Missing: jest-validate@30.2.0 from lock file
npm error Missing: jest-watcher@30.2.0 from lock file
npm error Missing: pretty-format@30.2.0 from lock file
npm error Missing: @bcoe/v8-coverage@0.2.3 from lock file
npm error Missing: @jridgewell/trace-mapping@0.3.31 from lock file
npm error Missing: collect-v8-coverage@1.0.3 from lock file
npm error Missing: glob@10.4.5 from lock file
npm error Missing: istanbul-lib-coverage@3.2.2 from lock file
npm error Missing: istanbul-lib-instrument@6.0.3 from lock file
npm error Missing: istanbul-lib-report@3.0.1 from lock file
npm error Missing: istanbul-lib-source-maps@5.0.6 from lock file
npm error Missing: istanbul-reports@3.2.0 from lock file
npm error Missing: jest-worker@30.2.0 from lock file
npm error Missing: string-length@4.0.2 from lock file
npm error Missing: v8-to-istanbul@9.3.0 from lock file
npm error Missing: @types/istanbul-lib-coverage@2.0.6 from lock file
npm error Missing: @babel/core@7.28.5 from lock file
npm error Missing: babel-plugin-istanbul@7.0.1 from lock file
npm error Missing: convert-source-map@2.0.0 from lock file
npm error Missing: pirates@4.0.7 from lock file
npm error Missing: write-file-atomic@5.0.1 from lock file
npm error Missing: @babel/code-frame@7.27.1 from lock file
npm error Missing: @babel/generator@7.28.5 from lock file
npm error Missing: @babel/helper-compilation-targets@7.27.2 from lock file
npm error Missing: @babel/helper-module-transforms@7.28.3 from lock file
npm error Missing: @babel/helpers@7.28.4 from lock file
npm error Missing: @babel/parser@7.28.5 from lock file
npm error Missing: @babel/template@7.27.2 from lock file
npm error Missing: @babel/traverse@7.28.5 from lock file
npm error Missing: @babel/types@7.28.5 from lock file
npm error Missing: @jridgewell/remapping@2.3.5 from lock file
npm error Missing: gensync@1.0.0-beta.2 from lock file
npm error Missing: json5@2.2.3 from lock file
npm error Missing: semver@6.3.1 from lock file
npm error Missing: @babel/helper-validator-identifier@7.28.5 from lock file
npm error Missing: js-tokens@4.0.0 from lock file
npm error Missing: picocolors@1.1.1 from lock file
npm error Missing: @jridgewell/gen-mapping@0.3.13 from lock file
npm error Missing: jsesc@3.1.0 from lock file
npm error Missing: @babel/compat-data@7.28.5 from lock file
npm error Missing: @babel/helper-validator-option@7.27.1 from lock file
npm error Missing: browserslist@4.28.0 from lock file
npm error Missing: lru-cache@5.1.1 from lock file
npm error Missing: semver@6.3.1 from lock file
npm error Missing: @babel/helper-module-imports@7.27.1 from lock file
npm error Missing: @babel/helper-globals@7.28.0 from lock file
npm error Missing: @babel/helper-string-parser@7.27.1 from lock file
npm error Missing: @jest/schemas@30.0.5 from lock file
npm error Missing: @types/istanbul-reports@3.0.4 from lock file
npm error Missing: @types/yargs@17.0.35 from lock file
npm error Missing: @sinclair/typebox@0.34.41 from lock file
npm error Missing: @jridgewell/sourcemap-codec@1.5.5 from lock file
npm error Missing: @jridgewell/resolve-uri@3.1.2 from lock file
npm error Missing: @types/istanbul-lib-report@3.0.3 from lock file
npm error Missing: @types/yargs-parser@21.0.3 from lock file
npm error Missing: type-fest@0.21.3 from lock file
npm error Missing: @babel/helper-plugin-utils@7.27.1 from lock file
npm error Missing: @istanbuljs/load-nyc-config@1.1.0 from lock file
npm error Missing: @istanbuljs/schema@0.1.3 from lock file
npm error Missing: test-exclude@6.0.0 from lock file
npm error Missing: camelcase@5.3.1 from lock file
npm error Missing: find-up@4.1.0 from lock file
npm error Missing: get-package-type@0.1.0 from lock file
npm error Missing: js-yaml@3.14.2 from lock file
npm error Missing: resolve-from@5.0.0 from lock file
npm error Missing: baseline-browser-mapping@2.8.28 from lock file
npm error Missing: caniuse-lite@1.0.30001755 from lock file
npm error Missing: electron-to-chromium@1.5.254 from lock file
npm error Missing: node-releases@2.0.27 from lock file
npm error Missing: update-browserslist-db@1.1.4 from lock file
npm error Missing: pkg-dir@4.2.0 from lock file
npm error Missing: resolve-cwd@3.0.0 from lock file
npm error Missing: make-dir@4.0.0 from lock file
npm error Missing: html-escaper@2.0.2 from lock file
npm error Missing: execa@5.1.1 from lock file
npm error Missing: get-stream@6.0.1 from lock file
npm error Missing: human-signals@2.1.0 from lock file
npm error Missing: merge-stream@2.0.0 from lock file
npm error Missing: npm-run-path@4.0.1 from lock file
npm error Missing: onetime@5.1.2 from lock file
npm error Missing: signal-exit@3.0.7 from lock file
npm error Missing: strip-final-newline@2.0.0 from lock file
npm error Missing: @jest/get-type@30.1.0 from lock file
npm error Missing: @jest/test-sequencer@30.2.0 from lock file
npm error Missing: babel-jest@30.2.0 from lock file
npm error Missing: deepmerge@4.3.1 from lock file
npm error Missing: glob@10.4.5 from lock file
npm error Missing: jest-circus@30.2.0 from lock file
npm error Missing: jest-docblock@30.2.0 from lock file
npm error Missing: jest-environment-node@30.2.0 from lock file
npm error Missing: parse-json@5.2.0 from lock file
npm error Missing: @types/babel__core@7.20.5 from lock file
npm error Missing: babel-preset-jest@30.2.0 from lock file
npm error Missing: @types/babel__generator@7.27.0 from lock file
npm error Missing: @types/babel__template@7.4.4 from lock file
npm error Missing: @types/babel__traverse@7.28.0 from lock file
npm error Missing: babel-plugin-jest-hoist@30.2.0 from lock file
npm error Missing: babel-preset-current-node-syntax@1.2.0 from lock file
npm error Missing: @babel/plugin-syntax-async-generators@7.8.4 from lock file
npm error Missing: @babel/plugin-syntax-bigint@7.8.3 from lock file
npm error Missing: @babel/plugin-syntax-class-properties@7.12.13 from lock file
npm error Missing: @babel/plugin-syntax-class-static-block@7.14.5 from lock file
npm error Missing: @babel/plugin-syntax-import-attributes@7.27.1 from lock file
npm error Missing: @babel/plugin-syntax-import-meta@7.10.4 from lock file
npm error Missing: @babel/plugin-syntax-json-strings@7.8.3 from lock file
npm error Missing: @babel/plugin-syntax-logical-assignment-operators@7.10.4 from lock file
npm error Missing: @babel/plugin-syntax-nullish-coalescing-operator@7.8.3 from lock file
npm error Missing: @babel/plugin-syntax-numeric-separator@7.10.4 from lock file
npm error Missing: @babel/plugin-syntax-object-rest-spread@7.8.3 from lock file
npm error Missing: @babel/plugin-syntax-optional-catch-binding@7.8.3 from lock file
npm error Missing: @babel/plugin-syntax-optional-chaining@7.8.3 from lock file
npm error Missing: @babel/plugin-syntax-private-property-in-object@7.14.5 from lock file
npm error Missing: @babel/plugin-syntax-top-level-await@7.14.5 from lock file
npm error Missing: @jest/environment@30.2.0 from lock file
npm error Missing: @jest/expect@30.2.0 from lock file
npm error Missing: co@4.6.0 from lock file
npm error Missing: dedent@1.7.0 from lock file
npm error Missing: is-generator-fn@2.1.0 from lock file
npm error Missing: jest-each@30.2.0 from lock file
npm error Missing: jest-matcher-utils@30.2.0 from lock file
npm error Missing: pure-rand@7.0.1 from lock file
npm error Missing: stack-utils@2.0.6 from lock file
npm error Missing: @jest/fake-timers@30.2.0 from lock file
npm error Missing: jest-mock@30.2.0 from lock file
npm error Missing: expect@30.2.0 from lock file
npm error Missing: @sinonjs/fake-timers@13.0.5 from lock file
npm error Missing: @sinonjs/commons@3.0.1 from lock file
npm error Missing: type-detect@4.0.8 from lock file
npm error Missing: @jest/expect-utils@30.2.0 from lock file
npm error Missing: detect-newline@3.1.0 from lock file
npm error Missing: anymatch@3.1.3 from lock file
npm error Missing: fb-watchman@2.0.2 from lock file
npm error Missing: fsevents@2.3.3 from lock file
npm error Missing: walker@1.0.8 from lock file
npm error Missing: normalize-path@3.0.0 from lock file
npm error Missing: bser@2.1.1 from lock file
npm error Missing: node-int64@0.4.0 from lock file
npm error Missing: jest-diff@30.2.0 from lock file
npm error Missing: @jest/diff-sequences@30.0.1 from lock file
npm error Missing: @types/stack-utils@2.0.3 from lock file
npm error Missing: jest-pnp-resolver@1.2.3 from lock file
npm error Missing: unrs-resolver@1.11.1 from lock file
npm error Missing: emittery@0.13.1 from lock file
npm error Missing: jest-leak-detector@30.2.0 from lock file
npm error Missing: source-map-support@0.5.13 from lock file
npm error Missing: @jest/globals@30.2.0 from lock file
npm error Missing: @jest/source-map@30.0.1 from lock file
npm error Missing: cjs-module-lexer@2.1.1 from lock file
npm error Missing: glob@10.4.5 from lock file
npm error Missing: strip-bom@4.0.0 from lock file
npm error Missing: @babel/plugin-syntax-jsx@7.27.1 from lock file
npm error Missing: @babel/plugin-syntax-typescript@7.27.1 from lock file
npm error Missing: @jest/snapshot-utils@30.2.0 from lock file
npm error Missing: synckit@0.11.11 from lock file
npm error Missing: picomatch@4.0.3 from lock file
npm error Missing: camelcase@6.3.0 from lock file
npm error Missing: leven@3.1.0 from lock file
npm error Missing: supports-color@8.1.1 from lock file
npm error Missing: mimic-fn@2.1.0 from lock file
npm error Missing: error-ex@1.3.4 from lock file
npm error Missing: json-parse-even-better-errors@2.3.1 from lock file
npm error Missing: lines-and-columns@1.2.4 from lock file
npm error Missing: is-arrayish@0.2.1 from lock file
npm error Missing: find-up@4.1.0 from lock file
npm error Missing: ansi-styles@5.2.0 from lock file
npm error Missing: react-is@18.3.1 from lock file
npm error Missing: resolve-from@5.0.0 from lock file
npm error Missing: buffer-from@1.1.2 from lock file
npm error Missing: source-map@0.6.1 from lock file
npm error Missing: escape-string-regexp@2.0.0 from lock file
npm error Missing: char-regex@1.0.2 from lock file
npm error Missing: @pkgr/core@0.2.9 from lock file
npm error Missing: @unrs/resolver-binding-android-arm-eabi@1.11.1 from lock file
npm error Missing: @unrs/resolver-binding-android-arm64@1.11.1 from lock file
npm error Missing: @unrs/resolver-binding-darwin-arm64@1.11.1 from lock file
npm error Missing: @unrs/resolver-binding-darwin-x64@1.11.1 from lock file
npm error Missing: @unrs/resolver-binding-freebsd-x64@1.11.1 from lock file
npm error Missing: @unrs/resolver-binding-linux-arm-gnueabihf@1.11.1 from lock file
npm error Missing: @unrs/resolver-binding-linux-arm-musleabihf@1.11.1 from lock file
npm error Missing: @unrs/resolver-binding-linux-arm64-gnu@1.11.1 from lock file
npm error Missing: @unrs/resolver-binding-linux-arm64-musl@1.11.1 from lock file
npm error Missing: @unrs/resolver-binding-linux-ppc64-gnu@1.11.1 from lock file
npm error Missing: @unrs/resolver-binding-linux-riscv64-gnu@1.11.1 from lock file
npm error Missing: @unrs/resolver-binding-linux-riscv64-musl@1.11.1 from lock file
npm error Missing: @unrs/resolver-binding-linux-s390x-gnu@1.11.1 from lock file
npm error Missing: @unrs/resolver-binding-linux-x64-gnu@1.11.1 from lock file
npm error Missing: @unrs/resolver-binding-linux-x64-musl@1.11.1 from lock file
npm error Missing: @unrs/resolver-binding-wasm32-wasi@1.11.1 from lock file
npm error Missing: @unrs/resolver-binding-win32-arm64-msvc@1.11.1 from lock file
npm error Missing: @unrs/resolver-binding-win32-ia32-msvc@1.11.1 from lock file
npm error Missing: @unrs/resolver-binding-win32-x64-msvc@1.11.1 from lock file
npm error Missing: napi-postinstall@0.3.4 from lock file
npm error Missing: @napi-rs/wasm-runtime@0.2.12 from lock file
npm error Missing: @emnapi/core@1.7.1 from lock file
npm error Missing: @emnapi/runtime@1.7.1 from lock file
npm error Missing: @tybys/wasm-util@0.10.1 from lock file
npm error Missing: @emnapi/wasi-threads@1.1.0 from lock file
npm error Missing: makeerror@1.0.12 from lock file
npm error Missing: tmpl@1.0.5 from lock file
npm error Missing: signal-exit@4.1.0 from lock file
npm error Missing: yallist@3.1.1 from lock file
npm error Missing: locate-path@5.0.0 from lock file
npm error Missing: argparse@1.0.10 from lock file
npm error Missing: esprima@4.0.1 from lock file
npm error Missing: sprintf-js@1.0.3 from lock file
npm error Missing: p-locate@4.1.0 from lock file
npm error Missing: p-limit@2.3.0 from lock file
npm error Missing: p-try@2.2.0 from lock file
npm error Missing: foreground-child@3.3.1 from lock file
npm error Missing: jackspeak@3.4.3 from lock file
npm error Missing: minimatch@9.0.5 from lock file
npm error Missing: minipass@7.1.2 from lock file
npm error Missing: package-json-from-dist@1.0.1 from lock file
npm error Missing: path-scurry@1.11.1 from lock file
npm error Missing: signal-exit@4.1.0 from lock file
npm error Missing: @isaacs/cliui@8.0.2 from lock file
npm error Missing: @pkgjs/parseargs@0.11.0 from lock file
npm error Missing: string-width@5.1.2 from lock file
npm error Missing: string-width-cjs@4.2.3 from lock file
npm error Missing: strip-ansi@7.1.2 from lock file
npm error Missing: strip-ansi-cjs@6.0.1 from lock file
npm error Missing: wrap-ansi@8.1.0 from lock file
npm error Missing: wrap-ansi-cjs@7.0.0 from lock file
npm error Missing: lru-cache@10.4.3 from lock file
npm error Missing: eastasianwidth@0.2.0 from lock file
npm error Missing: emoji-regex@9.2.2 from lock file
npm error Missing: ansi-regex@6.2.2 from lock file
npm error Missing: ansi-styles@6.2.3 from lock file
npm error Missing: brace-expansion@2.0.2 from lock file
npm error Missing: minimatch@9.0.5 from lock file
npm error Missing: brace-expansion@2.0.2 from lock file
npm error Missing: minimatch@9.0.5 from lock file
npm error Missing: brace-expansion@2.0.2 from lock file
npm error Missing: locate-path@5.0.0 from lock file
npm error Missing: p-locate@4.1.0 from lock file
npm error Missing: p-limit@2.3.0 from lock file
npm error
npm error Clean install a project
npm error
npm error Usage:
npm error npm ci
npm error
npm error Options:
npm error [--install-strategy <hoisted|nested|shallow|linked>] [--legacy-bundling]
npm error [--global-style] [--omit <dev|optional|peer> [--omit <dev|optional|peer> ...]]
npm error [--include <prod|dev|optional|peer> [--include <prod|dev|optional|peer> ...]]
npm error [--strict-peer-deps] [--foreground-scripts] [--ignore-scripts] [--no-audit]
npm error [--no-bin-links] [--no-fund] [--dry-run]
npm error [-w|--workspace <workspace-name> [-w|--workspace <workspace-name> ...]]
npm error [-ws|--workspaces] [--include-workspace-root] [--install-links]
npm error
npm error aliases: clean-install, ic, install-clean, isntall-clean
npm error
npm error Run "npm help ci" for more info
npm error A complete log of this run can be found in: /www-data-home/.npm/_logs/2025-11-17T01_30_38_175Z-debug-0.log. For more details see the logs at https://console.cloud.google.com/cloud-build/builds;region=europe-west3/f6535671-ce36-4aa5-88d2-ed3bba4ca5b1?project=388226025861.
[debug] [2025-11-17T01:31:23.658Z] [update-default-us-central1-migrateArtworksToAssets] Retrying task index 0
[debug] [2025-11-17T01:31:23.659Z] Checked if tokens are valid: true, expires at: 1763345488902
[debug] [2025-11-17T01:31:23.659Z] Checked if tokens are valid: true, expires at: 1763345488902
[debug] [2025-11-17T01:31:23.659Z] >>> [apiv2][query] GET https://cloudfunctions.googleapis.com/v2/projects/laura-butallo-web/locations/us-central1/operations/operation-1763343029848-643c04ae9487b-2feb40a7-55c8bb43 [none]
[debug] [2025-11-17T01:31:24.522Z] <<< [apiv2][status] GET https://cloudfunctions.googleapis.com/v2/projects/laura-butallo-web/locations/us-central1/operations/operation-1763343029848-643c04ae9487b-2feb40a7-55c8bb43 200
[debug] [2025-11-17T01:31:24.522Z] <<< [apiv2][body] GET https://cloudfunctions.googleapis.com/v2/projects/laura-butallo-web/locations/us-central1/operations/operation-1763343029848-643c04ae9487b-2feb40a7-55c8bb43 {"name":"projects/laura-butallo-web/locations/us-central1/operations/operation-1763343029848-643c04ae9487b-2feb40a7-55c8bb43","metadata":{"@type":"type.googleapis.com/google.cloud.functions.v2.OperationMetadata","createTime":"2025-11-17T01:30:31.272772663Z","target":"projects/laura-butallo-web/locations/us-central1/functions/migrateArtworksToAssets","verb":"update","cancelRequested":false,"apiVersion":"v2","requestResource":{"@type":"type.googleapis.com/google.cloud.functions.v2.Function","name":"projects/laura-butallo-web/locations/us-central1/functions/migrateArtworksToAssets","buildConfig":{"runtime":"nodejs22","entryPoint":"migrateArtworksToAssets","source":{"storageSource":{"bucket":"gcf-v2-sources-388226025861-us-central1","object":"migrateArtworksToAssets/function-source.zip","generation":"1763343031222174"}},"environmentVariables":{"GOOGLE_NODE_RUN_SCRIPTS":""},"dockerRepository":"projects/laura-butallo-web/locations/us-central1/repositories/gcf-artifacts","sourceProvenance":{"resolvedStorageSource":{"bucket":"gcf-v2-sources-388226025861-us-central1","object":"migrateArtworksToAssets/function-source.zip","generation":"1763342017154677"}},"dockerRegistry":"ARTIFACT_REGISTRY","serviceAccount":"projects/laura-butallo-web/serviceAccounts/388226025861-compute@developer.gserviceaccount.com","automaticUpdatePolicy":{}},"serviceConfig":{"service":"projects/laura-butallo-web/locations/us-central1/services/migrateartworkstoassets","timeoutSeconds":60,"environmentVariables":{"FIREBASE_CONFIG":"{\"projectId\":\"laura-butallo-web\",\"storageBucket\":\"laura-butallo-web.firebasestorage.app\"}","GCLOUD_PROJECT":"laura-butallo-web","EVENTARC_CLOUD_EVENT_SOURCE":"projects/laura-butallo-web/locations/us-central1/services/migrateArtworksToAssets","FUNCTION_TARGET":"migrateArtworksToAssets","LOG_EXECUTION_ID":"true","FUNCTION_SIGNATURE_TYPE":"http"},"maxInstanceCount":10,"ingressSettings":"ALLOW_ALL","uri":"https://migrateartworkstoassets-iqcs3ho3pa-uc.a.run.app","serviceAccountEmail":"388226025861-compute@developer.gserviceaccount.com","availableMemory":"256Mi","allTrafficOnLatestRevision":true,"revision":"migrateartworkstoassets-00003-vol","maxInstanceRequestConcurrency":80,"availableCpu":"1"},"state":"ACTIVE","labels":{"deployment-tool":"cli-firebase","deployment-callable":"true","firebase-functions-hash":"d11ed15f804aa79f0f35be9712b2470e6e47da66"},"environment":"GEN_2","url":"https://us-central1-laura-butallo-web.cloudfunctions.net/migrateArtworksToAssets","satisfiesPzi":true},"stages":[{"name":"BUILD","message":"Build in progress","state":"IN_PROGRESS","resource":"projects/388226025861/locations/us-central1/builds/cd29994c-8f78-4ee1-b8f3-f03872edb4fd","resourceUri":"https://console.cloud.google.com/cloud-build/builds;region=us-central1/cd29994c-8f78-4ee1-b8f3-f03872edb4fd?project=388226025861"},{"name":"SERVICE","state":"NOT_STARTED"}],"operationType":"UPDATE_FUNCTION","buildName":"projects/388226025861/locations/us-central1/builds/cd29994c-8f78-4ee1-b8f3-f03872edb4fd"},"done":false}
[debug] [2025-11-17T01:31:28.666Z] [update-default-us-central1-regenerateDownloadUrl] Retrying task index 0
[debug] [2025-11-17T01:31:28.666Z] Checked if tokens are valid: true, expires at: 1763345488902
[debug] [2025-11-17T01:31:28.666Z] Checked if tokens are valid: true, expires at: 1763345488902
[debug] [2025-11-17T01:31:28.667Z] >>> [apiv2][query] GET https://cloudfunctions.googleapis.com/v2/projects/laura-butallo-web/locations/us-central1/operations/operation-1763343029797-643c04ae88153-159d6827-112df137 [none]
[debug] [2025-11-17T01:31:28.911Z] [update-default-us-central1-validateDelete] Retrying task index 0
[debug] [2025-11-17T01:31:28.911Z] Checked if tokens are valid: true, expires at: 1763345488902
[debug] [2025-11-17T01:31:28.911Z] Checked if tokens are valid: true, expires at: 1763345488902
[debug] [2025-11-17T01:31:28.911Z] >>> [apiv2][query] GET https://cloudfunctions.googleapis.com/v2/projects/laura-butallo-web/locations/us-central1/operations/operation-1763343029841-643c04ae92e9b-af89f214-9eb57570 [none]
[debug] [2025-11-17T01:31:29.413Z] <<< [apiv2][status] GET https://cloudfunctions.googleapis.com/v2/projects/laura-butallo-web/locations/us-central1/operations/operation-1763343029797-643c04ae88153-159d6827-112df137 200
[debug] [2025-11-17T01:31:29.414Z] <<< [apiv2][body] GET https://cloudfunctions.googleapis.com/v2/projects/laura-butallo-web/locations/us-central1/operations/operation-1763343029797-643c04ae88153-159d6827-112df137 {"name":"projects/laura-butallo-web/locations/us-central1/operations/operation-1763343029797-643c04ae88153-159d6827-112df137","metadata":{"@type":"type.googleapis.com/google.cloud.functions.v2.OperationMetadata","createTime":"2025-11-17T01:30:33.855241618Z","target":"projects/laura-butallo-web/locations/us-central1/functions/regenerateDownloadUrl","verb":"update","cancelRequested":false,"apiVersion":"v2","requestResource":{"@type":"type.googleapis.com/google.cloud.functions.v2.Function","name":"projects/laura-butallo-web/locations/us-central1/functions/regenerateDownloadUrl","buildConfig":{"runtime":"nodejs22","entryPoint":"regenerateDownloadUrl","source":{"storageSource":{"bucket":"gcf-v2-sources-388226025861-us-central1","object":"regenerateDownloadUrl/function-source.zip","generation":"1763343033808021"}},"environmentVariables":{"GOOGLE_NODE_RUN_SCRIPTS":""},"dockerRepository":"projects/laura-butallo-web/locations/us-central1/repositories/gcf-artifacts","sourceProvenance":{"resolvedStorageSource":{"bucket":"gcf-v2-sources-388226025861-us-central1","object":"regenerateDownloadUrl/function-source.zip","generation":"1763342016869486"}},"dockerRegistry":"ARTIFACT_REGISTRY","serviceAccount":"projects/laura-butallo-web/serviceAccounts/388226025861-compute@developer.gserviceaccount.com","automaticUpdatePolicy":{}},"serviceConfig":{"service":"projects/laura-butallo-web/locations/us-central1/services/regeneratedownloadurl","timeoutSeconds":60,"environmentVariables":{"FIREBASE_CONFIG":"{\"projectId\":\"laura-butallo-web\",\"storageBucket\":\"laura-butallo-web.firebasestorage.app\"}","GCLOUD_PROJECT":"laura-butallo-web","EVENTARC_CLOUD_EVENT_SOURCE":"projects/laura-butallo-web/locations/us-central1/services/regenerateDownloadUrl","FUNCTION_TARGET":"regenerateDownloadUrl","LOG_EXECUTION_ID":"true","FUNCTION_SIGNATURE_TYPE":"http"},"maxInstanceCount":10,"ingressSettings":"ALLOW_ALL","uri":"https://regeneratedownloadurl-iqcs3ho3pa-uc.a.run.app","serviceAccountEmail":"388226025861-compute@developer.gserviceaccount.com","availableMemory":"256Mi","allTrafficOnLatestRevision":true,"revision":"regeneratedownloadurl-00003-bay","maxInstanceRequestConcurrency":80,"availableCpu":"1"},"state":"ACTIVE","labels":{"deployment-tool":"cli-firebase","deployment-callable":"true","firebase-functions-hash":"d11ed15f804aa79f0f35be9712b2470e6e47da66"},"environment":"GEN_2","url":"https://us-central1-laura-butallo-web.cloudfunctions.net/regenerateDownloadUrl","satisfiesPzi":true},"stages":[{"name":"BUILD","message":"Build in progress","state":"IN_PROGRESS","resource":"projects/388226025861/locations/us-central1/builds/ee19c948-bce1-4dc5-af9d-cebf57daea18","resourceUri":"https://console.cloud.google.com/cloud-build/builds;region=us-central1/ee19c948-bce1-4dc5-af9d-cebf57daea18?project=388226025861"},{"name":"SERVICE","state":"NOT_STARTED"}],"operationType":"UPDATE_FUNCTION","buildName":"projects/388226025861/locations/us-central1/builds/ee19c948-bce1-4dc5-af9d-cebf57daea18"},"done":false}
[debug] [2025-11-17T01:31:32.626Z] <<< [apiv2][status] GET https://cloudfunctions.googleapis.com/v2/projects/laura-butallo-web/locations/us-central1/operations/operation-1763343029841-643c04ae92e9b-af89f214-9eb57570 200
[debug] [2025-11-17T01:31:32.626Z] <<< [apiv2][body] GET https://cloudfunctions.googleapis.com/v2/projects/laura-butallo-web/locations/us-central1/operations/operation-1763343029841-643c04ae92e9b-af89f214-9eb57570 {"name":"projects/laura-butallo-web/locations/us-central1/operations/operation-1763343029841-643c04ae92e9b-af89f214-9eb57570","metadata":{"@type":"type.googleapis.com/google.cloud.functions.v2.OperationMetadata","createTime":"2025-11-17T01:30:32.208676762Z","target":"projects/laura-butallo-web/locations/us-central1/functions/validateDelete","verb":"update","cancelRequested":false,"apiVersion":"v2","requestResource":{"@type":"type.googleapis.com/google.cloud.functions.v2.Function","name":"projects/laura-butallo-web/locations/us-central1/functions/validateDelete","buildConfig":{"runtime":"nodejs22","entryPoint":"validateDelete","source":{"storageSource":{"bucket":"gcf-v2-sources-388226025861-us-central1","object":"validateDelete/function-source.zip","generation":"1763343032147878"}},"environmentVariables":{"GOOGLE_NODE_RUN_SCRIPTS":""},"dockerRepository":"projects/laura-butallo-web/locations/us-central1/repositories/gcf-artifacts","sourceProvenance":{"resolvedStorageSource":{"bucket":"gcf-v2-sources-388226025861-us-central1","object":"validateDelete/function-source.zip","generation":"1763342016089566"}},"dockerRegistry":"ARTIFACT_REGISTRY","serviceAccount":"projects/laura-butallo-web/serviceAccounts/388226025861-compute@developer.gserviceaccount.com","automaticUpdatePolicy":{}},"serviceConfig":{"service":"projects/laura-butallo-web/locations/us-central1/services/validatedelete","timeoutSeconds":60,"environmentVariables":{"FIREBASE_CONFIG":"{\"projectId\":\"laura-butallo-web\",\"storageBucket\":\"laura-butallo-web.firebasestorage.app\"}","GCLOUD_PROJECT":"laura-butallo-web","EVENTARC_CLOUD_EVENT_SOURCE":"projects/laura-butallo-web/locations/us-central1/services/validateDelete","FUNCTION_TARGET":"validateDelete","LOG_EXECUTION_ID":"true","FUNCTION_SIGNATURE_TYPE":"http"},"maxInstanceCount":10,"ingressSettings":"ALLOW_ALL","uri":"https://validatedelete-iqcs3ho3pa-uc.a.run.app","serviceAccountEmail":"388226025861-compute@developer.gserviceaccount.com","availableMemory":"256Mi","allTrafficOnLatestRevision":true,"revision":"validatedelete-00003-lat","maxInstanceRequestConcurrency":80,"availableCpu":"1"},"state":"ACTIVE","labels":{"deployment-tool":"cli-firebase","deployment-callable":"true","firebase-functions-hash":"d11ed15f804aa79f0f35be9712b2470e6e47da66"},"environment":"GEN_2","url":"https://us-central1-laura-butallo-web.cloudfunctions.net/validateDelete","satisfiesPzi":true},"stages":[{"name":"BUILD","message":"Build in progress","state":"IN_PROGRESS","resource":"projects/388226025861/locations/us-central1/builds/7d3f9da3-01ad-4a9c-be9b-28af1bd86b48","resourceUri":"https://console.cloud.google.com/cloud-build/builds;region=us-central1/7d3f9da3-01ad-4a9c-be9b-28af1bd86b48?project=388226025861"},{"name":"SERVICE","state":"NOT_STARTED"}],"operationType":"UPDATE_FUNCTION","buildName":"projects/388226025861/locations/us-central1/builds/7d3f9da3-01ad-4a9c-be9b-28af1bd86b48"},"done":false}
[debug] [2025-11-17T01:31:34.524Z] [update-default-us-central1-migrateArtworksToAssets] Retrying task index 0
[debug] [2025-11-17T01:31:34.524Z] Checked if tokens are valid: true, expires at: 1763345488902
[debug] [2025-11-17T01:31:34.525Z] Checked if tokens are valid: true, expires at: 1763345488902
[debug] [2025-11-17T01:31:34.525Z] >>> [apiv2][query] GET https://cloudfunctions.googleapis.com/v2/projects/laura-butallo-web/locations/us-central1/operations/operation-1763343029848-643c04ae9487b-2feb40a7-55c8bb43 [none]
[debug] [2025-11-17T01:31:35.258Z] <<< [apiv2][status] GET https://cloudfunctions.googleapis.com/v2/projects/laura-butallo-web/locations/us-central1/operations/operation-1763343029848-643c04ae9487b-2feb40a7-55c8bb43 200
[debug] [2025-11-17T01:31:35.258Z] <<< [apiv2][body] GET https://cloudfunctions.googleapis.com/v2/projects/laura-butallo-web/locations/us-central1/operations/operation-1763343029848-643c04ae9487b-2feb40a7-55c8bb43 {"name":"projects/laura-butallo-web/locations/us-central1/operations/operation-1763343029848-643c04ae9487b-2feb40a7-55c8bb43","metadata":{"@type":"type.googleapis.com/google.cloud.functions.v2.OperationMetadata","createTime":"2025-11-17T01:30:31.272772663Z","target":"projects/laura-butallo-web/locations/us-central1/functions/migrateArtworksToAssets","verb":"update","cancelRequested":false,"apiVersion":"v2","requestResource":{"@type":"type.googleapis.com/google.cloud.functions.v2.Function","name":"projects/laura-butallo-web/locations/us-central1/functions/migrateArtworksToAssets","buildConfig":{"runtime":"nodejs22","entryPoint":"migrateArtworksToAssets","source":{"storageSource":{"bucket":"gcf-v2-sources-388226025861-us-central1","object":"migrateArtworksToAssets/function-source.zip","generation":"1763343031222174"}},"environmentVariables":{"GOOGLE_NODE_RUN_SCRIPTS":""},"dockerRepository":"projects/laura-butallo-web/locations/us-central1/repositories/gcf-artifacts","sourceProvenance":{"resolvedStorageSource":{"bucket":"gcf-v2-sources-388226025861-us-central1","object":"migrateArtworksToAssets/function-source.zip","generation":"1763342017154677"}},"dockerRegistry":"ARTIFACT_REGISTRY","serviceAccount":"projects/laura-butallo-web/serviceAccounts/388226025861-compute@developer.gserviceaccount.com","automaticUpdatePolicy":{}},"serviceConfig":{"service":"projects/laura-butallo-web/locations/us-central1/services/migrateartworkstoassets","timeoutSeconds":60,"environmentVariables":{"FIREBASE_CONFIG":"{\"projectId\":\"laura-butallo-web\",\"storageBucket\":\"laura-butallo-web.firebasestorage.app\"}","GCLOUD_PROJECT":"laura-butallo-web","EVENTARC_CLOUD_EVENT_SOURCE":"projects/laura-butallo-web/locations/us-central1/services/migrateArtworksToAssets","FUNCTION_TARGET":"migrateArtworksToAssets","LOG_EXECUTION_ID":"true","FUNCTION_SIGNATURE_TYPE":"http"},"maxInstanceCount":10,"ingressSettings":"ALLOW_ALL","uri":"https://migrateartworkstoassets-iqcs3ho3pa-uc.a.run.app","serviceAccountEmail":"388226025861-compute@developer.gserviceaccount.com","availableMemory":"256Mi","allTrafficOnLatestRevision":true,"revision":"migrateartworkstoassets-00003-vol","maxInstanceRequestConcurrency":80,"availableCpu":"1"},"state":"ACTIVE","labels":{"deployment-tool":"cli-firebase","deployment-callable":"true","firebase-functions-hash":"d11ed15f804aa79f0f35be9712b2470e6e47da66"},"environment":"GEN_2","url":"https://us-central1-laura-butallo-web.cloudfunctions.net/migrateArtworksToAssets","satisfiesPzi":true},"stages":[{"name":"BUILD","message":"Build in progress","state":"IN_PROGRESS","resource":"projects/388226025861/locations/us-central1/builds/cd29994c-8f78-4ee1-b8f3-f03872edb4fd","resourceUri":"https://console.cloud.google.com/cloud-build/builds;region=us-central1/cd29994c-8f78-4ee1-b8f3-f03872edb4fd?project=388226025861"},{"name":"SERVICE","state":"NOT_STARTED"}],"operationType":"UPDATE_FUNCTION","buildName":"projects/388226025861/locations/us-central1/builds/cd29994c-8f78-4ee1-b8f3-f03872edb4fd"},"done":false}
[debug] [2025-11-17T01:31:39.414Z] [update-default-us-central1-regenerateDownloadUrl] Retrying task index 0
[debug] [2025-11-17T01:31:39.415Z] Checked if tokens are valid: true, expires at: 1763345488902
[debug] [2025-11-17T01:31:39.416Z] Checked if tokens are valid: true, expires at: 1763345488902
[debug] [2025-11-17T01:31:39.416Z] >>> [apiv2][query] GET https://cloudfunctions.googleapis.com/v2/projects/laura-butallo-web/locations/us-central1/operations/operation-1763343029797-643c04ae88153-159d6827-112df137 [none]
[debug] [2025-11-17T01:31:40.111Z] <<< [apiv2][status] GET https://cloudfunctions.googleapis.com/v2/projects/laura-butallo-web/locations/us-central1/operations/operation-1763343029797-643c04ae88153-159d6827-112df137 200
[debug] [2025-11-17T01:31:40.111Z] <<< [apiv2][body] GET https://cloudfunctions.googleapis.com/v2/projects/laura-butallo-web/locations/us-central1/operations/operation-1763343029797-643c04ae88153-159d6827-112df137 {"name":"projects/laura-butallo-web/locations/us-central1/operations/operation-1763343029797-643c04ae88153-159d6827-112df137","metadata":{"@type":"type.googleapis.com/google.cloud.functions.v2.OperationMetadata","createTime":"2025-11-17T01:30:33.855241618Z","endTime":"2025-11-17T01:31:39.021148366Z","target":"projects/laura-butallo-web/locations/us-central1/functions/regenerateDownloadUrl","verb":"update","cancelRequested":false,"apiVersion":"v2","requestResource":{"@type":"type.googleapis.com/google.cloud.functions.v2.Function","name":"projects/laura-butallo-web/locations/us-central1/functions/regenerateDownloadUrl","buildConfig":{"runtime":"nodejs22","entryPoint":"regenerateDownloadUrl","source":{"storageSource":{"bucket":"gcf-v2-sources-388226025861-us-central1","object":"regenerateDownloadUrl/function-source.zip","generation":"1763343033808021"}},"environmentVariables":{"GOOGLE_NODE_RUN_SCRIPTS":""},"dockerRepository":"projects/laura-butallo-web/locations/us-central1/repositories/gcf-artifacts","sourceProvenance":{"resolvedStorageSource":{"bucket":"gcf-v2-sources-388226025861-us-central1","object":"regenerateDownloadUrl/function-source.zip","generation":"1763342016869486"}},"dockerRegistry":"ARTIFACT_REGISTRY","serviceAccount":"projects/laura-butallo-web/serviceAccounts/388226025861-compute@developer.gserviceaccount.com","automaticUpdatePolicy":{}},"serviceConfig":{"service":"projects/laura-butallo-web/locations/us-central1/services/regeneratedownloadurl","timeoutSeconds":60,"environmentVariables":{"FIREBASE_CONFIG":"{\"projectId\":\"laura-butallo-web\",\"storageBucket\":\"laura-butallo-web.firebasestorage.app\"}","GCLOUD_PROJECT":"laura-butallo-web","EVENTARC_CLOUD_EVENT_SOURCE":"projects/laura-butallo-web/locations/us-central1/services/regenerateDownloadUrl","FUNCTION_TARGET":"regenerateDownloadUrl","LOG_EXECUTION_ID":"true","FUNCTION_SIGNATURE_TYPE":"http"},"maxInstanceCount":10,"ingressSettings":"ALLOW_ALL","uri":"https://regeneratedownloadurl-iqcs3ho3pa-uc.a.run.app","serviceAccountEmail":"388226025861-compute@developer.gserviceaccount.com","availableMemory":"256Mi","allTrafficOnLatestRevision":true,"revision":"regeneratedownloadurl-00003-bay","maxInstanceRequestConcurrency":80,"availableCpu":"1"},"state":"ACTIVE","labels":{"deployment-tool":"cli-firebase","deployment-callable":"true","firebase-functions-hash":"d11ed15f804aa79f0f35be9712b2470e6e47da66"},"environment":"GEN_2","url":"https://us-central1-laura-butallo-web.cloudfunctions.net/regenerateDownloadUrl","satisfiesPzi":true},"stages":[{"name":"SERVICE","state":"NOT_STARTED"}],"operationType":"UPDATE_FUNCTION"},"done":true,"error":{"code":3,"message":"Build failed with status: FAILURE and message: npm error code EUSAGE\nnpm error\nnpm error `npm ci` can only install packages when your package.json and package-lock.json or npm-shrinkwrap.json are in sync. Please update your lock file with `npm install` before continuing.\nnpm error\nnpm error Missing: jest@30.2.0 from lock file\nnpm error Missing: @jest/core@30.2.0 from lock file\nnpm error Missing: @jest/types@30.2.0 from lock file\nnpm error Missing: import-local@3.2.0 from lock file\nnpm error Missing: jest-cli@30.2.0 from lock file\nnpm error Missing: @jest/console@30.2.0 from lock file\nnpm error Missing: @jest/pattern@30.0.1 from lock file\nnpm error Missing: @jest/reporters@30.2.0 from lock file\nnpm error Missing: @jest/test-result@30.2.0 from lock file\nnpm error Missing: @jest/transform@30.2.0 from lock file\nnpm error Missing: ansi-escapes@4.3.2 from lock file\nnpm error Missing: ci-info@4.3.1 from lock file\nnpm error Missing: exit-x@0.2.2 from lock file\nnpm error Missing: graceful-fs@4.2.11 from lock file\nnpm error Missing: jest-changed-files@30.2.0 from lock file\nnpm error Missing: jest-config@30.2.0 from lock file\nnpm error Missing: jest-haste-map@30.2.0 from lock file\nnpm error Missing: jest-message-util@30.2.0 from lock file\nnpm error Missing: jest-regex-util@30.0.1 from lock file\nnpm error Missing: jest-resolve@30.2.0 from lock file\nnpm error Missing: jest-resolve-dependencies@30.2.0 from lock file\nnpm error Missing: jest-runner@30.2.0 from lock file\nnpm error Missing: jest-runtime@30.2.0 from lock file\nnpm error Missing: jest-snapshot@30.2.0 from lock file\nnpm error Missing: jest-util@30.2.0 from lock file\nnpm error Missing: jest-validate@30.2.0 from lock file\nnpm error Missing: jest-watcher@30.2.0 from lock file\nnpm error Missing: pretty-format@30.2.0 from lock file\nnpm error Missing: @bcoe/v8-coverage@0.2.3 from lock file\nnpm error Missing: @jridgewell/trace-mapping@0.3.31 from lock file\nnpm error Missing: collect-v8-coverage@1.0.3 from lock file\nnpm error Missing: glob@10.4.5 from lock file\nnpm error Missing: istanbul-lib-coverage@3.2.2 from lock file\nnpm error Missing: istanbul-lib-instrument@6.0.3 from lock file\nnpm error Missing: istanbul-lib-report@3.0.1 from lock file\nnpm error Missing: istanbul-lib-source-maps@5.0.6 from lock file\nnpm error Missing: istanbul-reports@3.2.0 from lock file\nnpm error Missing: jest-worker@30.2.0 from lock file\nnpm error Missing: string-length@4.0.2 from lock file\nnpm error Missing: v8-to-istanbul@9.3.0 from lock file\nnpm error Missing: @types/istanbul-lib-coverage@2.0.6 from lock file\nnpm error Missing: @babel/core@7.28.5 from lock file\nnpm error Missing: babel-plugin-istanbul@7.0.1 from lock file\nnpm error Missing: convert-source-map@2.0.0 from lock file\nnpm error Missing: pirates@4.0.7 from lock file\nnpm error Missing: write-file-atomic@5.0.1 from lock file\nnpm error Missing: @babel/code-frame@7.27.1 from lock file\nnpm error Missing: @babel/generator@7.28.5 from lock file\nnpm error Missing: @babel/helper-compilation-targets@7.27.2 from lock file\nnpm error Missing: @babel/helper-module-transforms@7.28.3 from lock file\nnpm error Missing: @babel/helpers@7.28.4 from lock file\nnpm error Missing: @babel/parser@7.28.5 from lock file\nnpm error Missing: @babel/template@7.27.2 from lock file\nnpm error Missing: @babel/traverse@7.28.5 from lock file\nnpm error Missing: @babel/types@7.28.5 from lock file\nnpm error Missing: @jridgewell/remapping@2.3.5 from lock file\nnpm error Missing: gensync@1.0.0-beta.2 from lock file\nnpm error Missing: json5@2.2.3 from lock file\nnpm error Missing: semver@6.3.1 from lock file\nnpm error Missing: @babel/helper-validator-identifier@7.28.5 from lock file\nnpm error Missing: js-tokens@4.0.0 from lock file\nnpm error Missing: picocolors@1.1.1 from lock file\nnpm error Missing: @jridgewell/gen-mapping@0.3.13 from lock file\nnpm error Missing: jsesc@3.1.0 from lock file\nnpm error Missing: @babel/compat-data@7.28.5 from lock file\nnpm error Missing: @babel/helper-validator-option@7.27.1 from lock file\nnpm error Missing: browserslist@4.28.0 from lock file\nnpm error Missing: lru-cache@5.1.1 from lock file\nnpm error Missing: semver@6.3.1 from lock file\nnpm error Missing: @babel/helper-module-imports@7.27.1 from lock file\nnpm error Missing: @babel/helper-globals@7.28.0 from lock file\nnpm error Missing: @babel/helper-string-parser@7.27.1 from lock file\nnpm error Missing: @jest/schemas@30.0.5 from lock file\nnpm error Missing: @types/istanbul-reports@3.0.4 from lock file\nnpm error Missing: @types/yargs@17.0.35 from lock file\nnpm error Missing: @sinclair/typebox@0.34.41 from lock file\nnpm error Missing: @jridgewell/sourcemap-codec@1.5.5 from lock file\nnpm error Missing: @jridgewell/resolve-uri@3.1.2 from lock file\nnpm error Missing: @types/istanbul-lib-report@3.0.3 from lock file\nnpm error Missing: @types/yargs-parser@21.0.3 from lock file\nnpm error Missing: type-fest@0.21.3 from lock file\nnpm error Missing: @babel/helper-plugin-utils@7.27.1 from lock file\nnpm error Missing: @istanbuljs/load-nyc-config@1.1.0 from lock file\nnpm error Missing: @istanbuljs/schema@0.1.3 from lock file\nnpm error Missing: test-exclude@6.0.0 from lock file\nnpm error Missing: camelcase@5.3.1 from lock file\nnpm error Missing: find-up@4.1.0 from lock file\nnpm error Missing: get-package-type@0.1.0 from lock file\nnpm error Missing: js-yaml@3.14.2 from lock file\nnpm error Missing: resolve-from@5.0.0 from lock file\nnpm error Missing: baseline-browser-mapping@2.8.28 from lock file\nnpm error Missing: caniuse-lite@1.0.30001755 from lock file\nnpm error Missing: electron-to-chromium@1.5.254 from lock file\nnpm error Missing: node-releases@2.0.27 from lock file\nnpm error Missing: update-browserslist-db@1.1.4 from lock file\nnpm error Missing: pkg-dir@4.2.0 from lock file\nnpm error Missing: resolve-cwd@3.0.0 from lock file\nnpm error Missing: make-dir@4.0.0 from lock file\nnpm error Missing: html-escaper@2.0.2 from lock file\nnpm error Missing: execa@5.1.1 from lock file\nnpm error Missing: get-stream@6.0.1 from lock file\nnpm error Missing: human-signals@2.1.0 from lock file\nnpm error Missing: merge-stream@2.0.0 from lock file\nnpm error Missing: npm-run-path@4.0.1 from lock file\nnpm error Missing: onetime@5.1.2 from lock file\nnpm error Missing: signal-exit@3.0.7 from lock file\nnpm error Missing: strip-final-newline@2.0.0 from lock file\nnpm error Missing: @jest/get-type@30.1.0 from lock file\nnpm error Missing: @jest/test-sequencer@30.2.0 from lock file\nnpm error Missing: babel-jest@30.2.0 from lock file\nnpm error Missing: deepmerge@4.3.1 from lock file\nnpm error Missing: glob@10.4.5 from lock file\nnpm error Missing: jest-circus@30.2.0 from lock file\nnpm error Missing: jest-docblock@30.2.0 from lock file\nnpm error Missing: jest-environment-node@30.2.0 from lock file\nnpm error Missing: parse-json@5.2.0 from lock file\nnpm error Missing: @types/babel__core@7.20.5 from lock file\nnpm error Missing: babel-preset-jest@30.2.0 from lock file\nnpm error Missing: @types/babel__generator@7.27.0 from lock file\nnpm error Missing: @types/babel__template@7.4.4 from lock file\nnpm error Missing: @types/babel__traverse@7.28.0 from lock file\nnpm error Missing: babel-plugin-jest-hoist@30.2.0 from lock file\nnpm error Missing: babel-preset-current-node-syntax@1.2.0 from lock file\nnpm error Missing: @babel/plugin-syntax-async-generators@7.8.4 from lock file\nnpm error Missing: @babel/plugin-syntax-bigint@7.8.3 from lock file\nnpm error Missing: @babel/plugin-syntax-class-properties@7.12.13 from lock file\nnpm error Missing: @babel/plugin-syntax-class-static-block@7.14.5 from lock file\nnpm error Missing: @babel/plugin-syntax-import-attributes@7.27.1 from lock file\nnpm error Missing: @babel/plugin-syntax-import-meta@7.10.4 from lock file\nnpm error Missing: @babel/plugin-syntax-json-strings@7.8.3 from lock file\nnpm error Missing: @babel/plugin-syntax-logical-assignment-operators@7.10.4 from lock file\nnpm error Missing: @babel/plugin-syntax-nullish-coalescing-operator@7.8.3 from lock file\nnpm error Missing: @babel/plugin-syntax-numeric-separator@7.10.4 from lock file\nnpm error Missing: @babel/plugin-syntax-object-rest-spread@7.8.3 from lock file\nnpm error Missing: @babel/plugin-syntax-optional-catch-binding@7.8.3 from lock file\nnpm error Missing: @babel/plugin-syntax-optional-chaining@7.8.3 from lock file\nnpm error Missing: @babel/plugin-syntax-private-property-in-object@7.14.5 from lock file\nnpm error Missing: @babel/plugin-syntax-top-level-await@7.14.5 from lock file\nnpm error Missing: @jest/environment@30.2.0 from lock file\nnpm error Missing: @jest/expect@30.2.0 from lock file\nnpm error Missing: co@4.6.0 from lock file\nnpm error Missing: dedent@1.7.0 from lock file\nnpm error Missing: is-generator-fn@2.1.0 from lock file\nnpm error Missing: jest-each@30.2.0 from lock file\nnpm error Missing: jest-matcher-utils@30.2.0 from lock file\nnpm error Missing: pure-rand@7.0.1 from lock file\nnpm error Missing: stack-utils@2.0.6 from lock file\nnpm error Missing: @jest/fake-timers@30.2.0 from lock file\nnpm error Missing: jest-mock@30.2.0 from lock file\nnpm error Missing: expect@30.2.0 from lock file\nnpm error Missing: @sinonjs/fake-timers@13.0.5 from lock file\nnpm error Missing: @sinonjs/commons@3.0.1 from lock file\nnpm error Missing: type-detect@4.0.8 from lock file\nnpm error Missing: @jest/expect-utils@30.2.0 from lock file\nnpm error Missing: detect-newline@3.1.0 from lock file\nnpm error Missing: anymatch@3.1.3 from lock file\nnpm error Missing: fb-watchman@2.0.2 from lock file\nnpm error Missing: fsevents@2.3.3 from lock file\nnpm error Missing: walker@1.0.8 from lock file\nnpm error Missing: normalize-path@3.0.0 from lock file\nnpm error Missing: bser@2.1.1 from lock file\nnpm error Missing: node-int64@0.4.0 from lock file\nnpm error Missing: jest-diff@30.2.0 from lock file\nnpm error Missing: @jest/diff-sequences@30.0.1 from lock file\nnpm error Missing: @types/stack-utils@2.0.3 from lock file\nnpm error Missing: jest-pnp-resolver@1.2.3 from lock file\nnpm error Missing: unrs-resolver@1.11.1 from lock file\nnpm error Missing: emittery@0.13.1 from lock file\nnpm error Missing: jest-leak-detector@30.2.0 from lock file\nnpm error Missing: source-map-support@0.5.13 from lock file\nnpm error Missing: @jest/globals@30.2.0 from lock file\nnpm error Missing: @jest/source-map@30.0.1 from lock file\nnpm error Missing: cjs-module-lexer@2.1.1 from lock file\nnpm error Missing: glob@10.4.5 from lock file\nnpm error Missing: strip-bom@4.0.0 from lock file\nnpm error Missing: @babel/plugin-syntax-jsx@7.27.1 from lock file\nnpm error Missing: @babel/plugin-syntax-typescript@7.27.1 from lock file\nnpm error Missing: @jest/snapshot-utils@30.2.0 from lock file\nnpm error Missing: synckit@0.11.11 from lock file\nnpm error Missing: picomatch@4.0.3 from lock file\nnpm error Missing: camelcase@6.3.0 from lock file\nnpm error Missing: leven@3.1.0 from lock file\nnpm error Missing: supports-color@8.1.1 from lock file\nnpm error Missing: mimic-fn@2.1.0 from lock file\nnpm error Missing: error-ex@1.3.4 from lock file\nnpm error Missing: json-parse-even-better-errors@2.3.1 from lock file\nnpm error Missing: lines-and-columns@1.2.4 from lock file\nnpm error Missing: is-arrayish@0.2.1 from lock file\nnpm error Missing: find-up@4.1.0 from lock file\nnpm error Missing: ansi-styles@5.2.0 from lock file\nnpm error Missing: react-is@18.3.1 from lock file\nnpm error Missing: resolve-from@5.0.0 from lock file\nnpm error Missing: buffer-from@1.1.2 from lock file\nnpm error Missing: source-map@0.6.1 from lock file\nnpm error Missing: escape-string-regexp@2.0.0 from lock file\nnpm error Missing: char-regex@1.0.2 from lock file\nnpm error Missing: @pkgr/core@0.2.9 from lock file\nnpm error Missing: @unrs/resolver-binding-android-arm-eabi@1.11.1 from lock file\nnpm error Missing: @unrs/resolver-binding-android-arm64@1.11.1 from lock file\nnpm error Missing: @unrs/resolver-binding-darwin-arm64@1.11.1 from lock file\nnpm error Missing: @unrs/resolver-binding-darwin-x64@1.11.1 from lock file\nnpm error Missing: @unrs/resolver-binding-freebsd-x64@1.11.1 from lock file\nnpm error Missing: @unrs/resolver-binding-linux-arm-gnueabihf@1.11.1 from lock file\nnpm error Missing: @unrs/resolver-binding-linux-arm-musleabihf@1.11.1 from lock file\nnpm error Missing: @unrs/resolver-binding-linux-arm64-gnu@1.11.1 from lock file\nnpm error Missing: @unrs/resolver-binding-linux-arm64-musl@1.11.1 from lock file\nnpm error Missing: @unrs/resolver-binding-linux-ppc64-gnu@1.11.1 from lock file\nnpm error Missing: @unrs/resolver-binding-linux-riscv64-gnu@1.11.1 from lock file\nnpm error Missing: @unrs/resolver-binding-linux-riscv64-musl@1.11.1 from lock file\nnpm error Missing: @unrs/resolver-binding-linux-s390x-gnu@1.11.1 from lock file\nnpm error Missing: @unrs/resolver-binding-linux-x64-gnu@1.11.1 from lock file\nnpm error Missing: @unrs/resolver-binding-linux-x64-musl@1.11.1 from lock file\nnpm error Missing: @unrs/resolver-binding-wasm32-wasi@1.11.1 from lock file\nnpm error Missing: @unrs/resolver-binding-win32-arm64-msvc@1.11.1 from lock file\nnpm error Missing: @unrs/resolver-binding-win32-ia32-msvc@1.11.1 from lock file\nnpm error Missing: @unrs/resolver-binding-win32-x64-msvc@1.11.1 from lock file\nnpm error Missing: napi-postinstall@0.3.4 from lock file\nnpm error Missing: @napi-rs/wasm-runtime@0.2.12 from lock file\nnpm error Missing: @emnapi/core@1.7.1 from lock file\nnpm error Missing: @emnapi/runtime@1.7.1 from lock file\nnpm error Missing: @tybys/wasm-util@0.10.1 from lock file\nnpm error Missing: @emnapi/wasi-threads@1.1.0 from lock file\nnpm error Missing: makeerror@1.0.12 from lock file\nnpm error Missing: tmpl@1.0.5 from lock file\nnpm error Missing: signal-exit@4.1.0 from lock file\nnpm error Missing: yallist@3.1.1 from lock file\nnpm error Missing: locate-path@5.0.0 from lock file\nnpm error Missing: argparse@1.0.10 from lock file\nnpm error Missing: esprima@4.0.1 from lock file\nnpm error Missing: sprintf-js@1.0.3 from lock file\nnpm error Missing: p-locate@4.1.0 from lock file\nnpm error Missing: p-limit@2.3.0 from lock file\nnpm error Missing: p-try@2.2.0 from lock file\nnpm error Missing: foreground-child@3.3.1 from lock file\nnpm error Missing: jackspeak@3.4.3 from lock file\nnpm error Missing: minimatch@9.0.5 from lock file\nnpm error Missing: minipass@7.1.2 from lock file\nnpm error Missing: package-json-from-dist@1.0.1 from lock file\nnpm error Missing: path-scurry@1.11.1 from lock file\nnpm error Missing: signal-exit@4.1.0 from lock file\nnpm error Missing: @isaacs/cliui@8.0.2 from lock file\nnpm error Missing: @pkgjs/parseargs@0.11.0 from lock file\nnpm error Missing: string-width@5.1.2 from lock file\nnpm error Missing: string-width-cjs@4.2.3 from lock file\nnpm error Missing: strip-ansi@7.1.2 from lock file\nnpm error Missing: strip-ansi-cjs@6.0.1 from lock file\nnpm error Missing: wrap-ansi@8.1.0 from lock file\nnpm error Missing: wrap-ansi-cjs@7.0.0 from lock file\nnpm error Missing: lru-cache@10.4.3 from lock file\nnpm error Missing: eastasianwidth@0.2.0 from lock file\nnpm error Missing: emoji-regex@9.2.2 from lock file\nnpm error Missing: ansi-regex@6.2.2 from lock file\nnpm error Missing: ansi-styles@6.2.3 from lock file\nnpm error Missing: brace-expansion@2.0.2 from lock file\nnpm error Missing: minimatch@9.0.5 from lock file\nnpm error Missing: brace-expansion@2.0.2 from lock file\nnpm error Missing: minimatch@9.0.5 from lock file\nnpm error Missing: brace-expansion@2.0.2 from lock file\nnpm error Missing: locate-path@5.0.0 from lock file\nnpm error Missing: p-locate@4.1.0 from lock file\nnpm error Missing: p-limit@2.3.0 from lock file\nnpm error\nnpm error Clean install a project\nnpm error\nnpm error Usage:\nnpm error npm ci\nnpm error\nnpm error Options:\nnpm error [--install-strategy <hoisted|nested|shallow|linked>] [--legacy-bundling]\nnpm error [--global-style] [--omit <dev|optional|peer> [--omit <dev|optional|peer> ...]]\nnpm error [--include <prod|dev|optional|peer> [--include <prod|dev|optional|peer> ...]]\nnpm error [--strict-peer-deps] [--foreground-scripts] [--ignore-scripts] [--no-audit]\nnpm error [--no-bin-links] [--no-fund] [--dry-run]\nnpm error [-w|--workspace <workspace-name> [-w|--workspace <workspace-name> ...]]\nnpm error [-ws|--workspaces] [--include-workspace-root] [--install-links]\nnpm error\nnpm error aliases: clean-install, ic, install-clean, isntall-clean\nnpm error\nnpm error Run \"npm help ci\" for more info\nnpm error A complete log of this run can be found in: /www-data-home/.npm/_logs/2025-11-17T01_30_51_390Z-debug-0.log. For more details see the logs at https://console.cloud.google.com/cloud-build/builds;region=us-central1/ee19c948-bce1-4dc5-af9d-cebf57daea18?project=388226025861."}}
[debug] [2025-11-17T01:31:40.114Z] Got source token undefined for region us-central1
[error] Build failed with status: FAILURE and message: npm error code EUSAGE
npm error
npm error `npm ci` can only install packages when your package.json and package-lock.json or npm-shrinkwrap.json are in sync. Please update your lock file with `npm install` before continuing.
npm error
npm error Missing: jest@30.2.0 from lock file
npm error Missing: @jest/core@30.2.0 from lock file
npm error Missing: @jest/types@30.2.0 from lock file
npm error Missing: import-local@3.2.0 from lock file
npm error Missing: jest-cli@30.2.0 from lock file
npm error Missing: @jest/console@30.2.0 from lock file
npm error Missing: @jest/pattern@30.0.1 from lock file
npm error Missing: @jest/reporters@30.2.0 from lock file
npm error Missing: @jest/test-result@30.2.0 from lock file
npm error Missing: @jest/transform@30.2.0 from lock file
npm error Missing: ansi-escapes@4.3.2 from lock file
npm error Missing: ci-info@4.3.1 from lock file
npm error Missing: exit-x@0.2.2 from lock file
npm error Missing: graceful-fs@4.2.11 from lock file
npm error Missing: jest-changed-files@30.2.0 from lock file
npm error Missing: jest-config@30.2.0 from lock file
npm error Missing: jest-haste-map@30.2.0 from lock file
npm error Missing: jest-message-util@30.2.0 from lock file
npm error Missing: jest-regex-util@30.0.1 from lock file
npm error Missing: jest-resolve@30.2.0 from lock file
npm error Missing: jest-resolve-dependencies@30.2.0 from lock file
npm error Missing: jest-runner@30.2.0 from lock file
npm error Missing: jest-runtime@30.2.0 from lock file
npm error Missing: jest-snapshot@30.2.0 from lock file
npm error Missing: jest-util@30.2.0 from lock file
npm error Missing: jest-validate@30.2.0 from lock file
npm error Missing: jest-watcher@30.2.0 from lock file
npm error Missing: pretty-format@30.2.0 from lock file
npm error Missing: @bcoe/v8-coverage@0.2.3 from lock file
npm error Missing: @jridgewell/trace-mapping@0.3.31 from lock file
npm error Missing: collect-v8-coverage@1.0.3 from lock file
npm error Missing: glob@10.4.5 from lock file
npm error Missing: istanbul-lib-coverage@3.2.2 from lock file
npm error Missing: istanbul-lib-instrument@6.0.3 from lock file
npm error Missing: istanbul-lib-report@3.0.1 from lock file
npm error Missing: istanbul-lib-source-maps@5.0.6 from lock file
npm error Missing: istanbul-reports@3.2.0 from lock file
npm error Missing: jest-worker@30.2.0 from lock file
npm error Missing: string-length@4.0.2 from lock file
npm error Missing: v8-to-istanbul@9.3.0 from lock file
npm error Missing: @types/istanbul-lib-coverage@2.0.6 from lock file
npm error Missing: @babel/core@7.28.5 from lock file
npm error Missing: babel-plugin-istanbul@7.0.1 from lock file
npm error Missing: convert-source-map@2.0.0 from lock file
npm error Missing: pirates@4.0.7 from lock file
npm error Missing: write-file-atomic@5.0.1 from lock file
npm error Missing: @babel/code-frame@7.27.1 from lock file
npm error Missing: @babel/generator@7.28.5 from lock file
npm error Missing: @babel/helper-compilation-targets@7.27.2 from lock file
npm error Missing: @babel/helper-module-transforms@7.28.3 from lock file
npm error Missing: @babel/helpers@7.28.4 from lock file
npm error Missing: @babel/parser@7.28.5 from lock file
npm error Missing: @babel/template@7.27.2 from lock file
npm error Missing: @babel/traverse@7.28.5 from lock file
npm error Missing: @babel/types@7.28.5 from lock file
npm error Missing: @jridgewell/remapping@2.3.5 from lock file
npm error Missing: gensync@1.0.0-beta.2 from lock file
npm error Missing: json5@2.2.3 from lock file
npm error Missing: semver@6.3.1 from lock file
npm error Missing: @babel/helper-validator-identifier@7.28.5 from lock file
npm error Missing: js-tokens@4.0.0 from lock file
npm error Missing: picocolors@1.1.1 from lock file
npm error Missing: @jridgewell/gen-mapping@0.3.13 from lock file
npm error Missing: jsesc@3.1.0 from lock file
npm error Missing: @babel/compat-data@7.28.5 from lock file
npm error Missing: @babel/helper-validator-option@7.27.1 from lock file
npm error Missing: browserslist@4.28.0 from lock file
npm error Missing: lru-cache@5.1.1 from lock file
npm error Missing: semver@6.3.1 from lock file
npm error Missing: @babel/helper-module-imports@7.27.1 from lock file
npm error Missing: @babel/helper-globals@7.28.0 from lock file
npm error Missing: @babel/helper-string-parser@7.27.1 from lock file
npm error Missing: @jest/schemas@30.0.5 from lock file
npm error Missing: @types/istanbul-reports@3.0.4 from lock file
npm error Missing: @types/yargs@17.0.35 from lock file
npm error Missing: @sinclair/typebox@0.34.41 from lock file
npm error Missing: @jridgewell/sourcemap-codec@1.5.5 from lock file
npm error Missing: @jridgewell/resolve-uri@3.1.2 from lock file
npm error Missing: @types/istanbul-lib-report@3.0.3 from lock file
npm error Missing: @types/yargs-parser@21.0.3 from lock file
npm error Missing: type-fest@0.21.3 from lock file
npm error Missing: @babel/helper-plugin-utils@7.27.1 from lock file
npm error Missing: @istanbuljs/load-nyc-config@1.1.0 from lock file
npm error Missing: @istanbuljs/schema@0.1.3 from lock file
npm error Missing: test-exclude@6.0.0 from lock file
npm error Missing: camelcase@5.3.1 from lock file
npm error Missing: find-up@4.1.0 from lock file
npm error Missing: get-package-type@0.1.0 from lock file
npm error Missing: js-yaml@3.14.2 from lock file
npm error Missing: resolve-from@5.0.0 from lock file
npm error Missing: baseline-browser-mapping@2.8.28 from lock file
npm error Missing: caniuse-lite@1.0.30001755 from lock file
npm error Missing: electron-to-chromium@1.5.254 from lock file
npm error Missing: node-releases@2.0.27 from lock file
npm error Missing: update-browserslist-db@1.1.4 from lock file
npm error Missing: pkg-dir@4.2.0 from lock file
npm error Missing: resolve-cwd@3.0.0 from lock file
npm error Missing: make-dir@4.0.0 from lock file
npm error Missing: html-escaper@2.0.2 from lock file
npm error Missing: execa@5.1.1 from lock file
npm error Missing: get-stream@6.0.1 from lock file
npm error Missing: human-signals@2.1.0 from lock file
npm error Missing: merge-stream@2.0.0 from lock file
npm error Missing: npm-run-path@4.0.1 from lock file
npm error Missing: onetime@5.1.2 from lock file
npm error Missing: signal-exit@3.0.7 from lock file
npm error Missing: strip-final-newline@2.0.0 from lock file
npm error Missing: @jest/get-type@30.1.0 from lock file
npm error Missing: @jest/test-sequencer@30.2.0 from lock file
npm error Missing: babel-jest@30.2.0 from lock file
npm error Missing: deepmerge@4.3.1 from lock file
npm error Missing: glob@10.4.5 from lock file
npm error Missing: jest-circus@30.2.0 from lock file
npm error Missing: jest-docblock@30.2.0 from lock file
npm error Missing: jest-environment-node@30.2.0 from lock file
npm error Missing: parse-json@5.2.0 from lock file
npm error Missing: @types/babel__core@7.20.5 from lock file
npm error Missing: babel-preset-jest@30.2.0 from lock file
npm error Missing: @types/babel__generator@7.27.0 from lock file
npm error Missing: @types/babel__template@7.4.4 from lock file
npm error Missing: @types/babel__traverse@7.28.0 from lock file
npm error Missing: babel-plugin-jest-hoist@30.2.0 from lock file
npm error Missing: babel-preset-current-node-syntax@1.2.0 from lock file
npm error Missing: @babel/plugin-syntax-async-generators@7.8.4 from lock file
npm error Missing: @babel/plugin-syntax-bigint@7.8.3 from lock file
npm error Missing: @babel/plugin-syntax-class-properties@7.12.13 from lock file
npm error Missing: @babel/plugin-syntax-class-static-block@7.14.5 from lock file
npm error Missing: @babel/plugin-syntax-import-attributes@7.27.1 from lock file
npm error Missing: @babel/plugin-syntax-import-meta@7.10.4 from lock file
npm error Missing: @babel/plugin-syntax-json-strings@7.8.3 from lock file
npm error Missing: @babel/plugin-syntax-logical-assignment-operators@7.10.4 from lock file
npm error Missing: @babel/plugin-syntax-nullish-coalescing-operator@7.8.3 from lock file
npm error Missing: @babel/plugin-syntax-numeric-separator@7.10.4 from lock file
npm error Missing: @babel/plugin-syntax-object-rest-spread@7.8.3 from lock file
npm error Missing: @babel/plugin-syntax-optional-catch-binding@7.8.3 from lock file
npm error Missing: @babel/plugin-syntax-optional-chaining@7.8.3 from lock file
npm error Missing: @babel/plugin-syntax-private-property-in-object@7.14.5 from lock file
npm error Missing: @babel/plugin-syntax-top-level-await@7.14.5 from lock file
npm error Missing: @jest/environment@30.2.0 from lock file
npm error Missing: @jest/expect@30.2.0 from lock file
npm error Missing: co@4.6.0 from lock file
npm error Missing: dedent@1.7.0 from lock file
npm error Missing: is-generator-fn@2.1.0 from lock file
npm error Missing: jest-each@30.2.0 from lock file
npm error Missing: jest-matcher-utils@30.2.0 from lock file
npm error Missing: pure-rand@7.0.1 from lock file
npm error Missing: stack-utils@2.0.6 from lock file
npm error Missing: @jest/fake-timers@30.2.0 from lock file
npm error Missing: jest-mock@30.2.0 from lock file
npm error Missing: expect@30.2.0 from lock file
npm error Missing: @sinonjs/fake-timers@13.0.5 from lock file
npm error Missing: @sinonjs/commons@3.0.1 from lock file
npm error Missing: type-detect@4.0.8 from lock file
npm error Missing: @jest/expect-utils@30.2.0 from lock file
npm error Missing: detect-newline@3.1.0 from lock file
npm error Missing: anymatch@3.1.3 from lock file
npm error Missing: fb-watchman@2.0.2 from lock file
npm error Missing: fsevents@2.3.3 from lock file
npm error Missing: walker@1.0.8 from lock file
npm error Missing: normalize-path@3.0.0 from lock file
npm error Missing: bser@2.1.1 from lock file
npm error Missing: node-int64@0.4.0 from lock file
npm error Missing: jest-diff@30.2.0 from lock file
npm error Missing: @jest/diff-sequences@30.0.1 from lock file
npm error Missing: @types/stack-utils@2.0.3 from lock file
npm error Missing: jest-pnp-resolver@1.2.3 from lock file
npm error Missing: unrs-resolver@1.11.1 from lock file
npm error Missing: emittery@0.13.1 from lock file
npm error Missing: jest-leak-detector@30.2.0 from lock file
npm error Missing: source-map-support@0.5.13 from lock file
npm error Missing: @jest/globals@30.2.0 from lock file
npm error Missing: @jest/source-map@30.0.1 from lock file
npm error Missing: cjs-module-lexer@2.1.1 from lock file
npm error Missing: glob@10.4.5 from lock file
npm error Missing: strip-bom@4.0.0 from lock file
npm error Missing: @babel/plugin-syntax-jsx@7.27.1 from lock file
npm error Missing: @babel/plugin-syntax-typescript@7.27.1 from lock file
npm error Missing: @jest/snapshot-utils@30.2.0 from lock file
npm error Missing: synckit@0.11.11 from lock file
npm error Missing: picomatch@4.0.3 from lock file
npm error Missing: camelcase@6.3.0 from lock file
npm error Missing: leven@3.1.0 from lock file
npm error Missing: supports-color@8.1.1 from lock file
npm error Missing: mimic-fn@2.1.0 from lock file
npm error Missing: error-ex@1.3.4 from lock file
npm error Missing: json-parse-even-better-errors@2.3.1 from lock file
npm error Missing: lines-and-columns@1.2.4 from lock file
npm error Missing: is-arrayish@0.2.1 from lock file
npm error Missing: find-up@4.1.0 from lock file
npm error Missing: ansi-styles@5.2.0 from lock file
npm error Missing: react-is@18.3.1 from lock file
npm error Missing: resolve-from@5.0.0 from lock file
npm error Missing: buffer-from@1.1.2 from lock file
npm error Missing: source-map@0.6.1 from lock file
npm error Missing: escape-string-regexp@2.0.0 from lock file
npm error Missing: char-regex@1.0.2 from lock file
npm error Missing: @pkgr/core@0.2.9 from lock file
npm error Missing: @unrs/resolver-binding-android-arm-eabi@1.11.1 from lock file
npm error Missing: @unrs/resolver-binding-android-arm64@1.11.1 from lock file
npm error Missing: @unrs/resolver-binding-darwin-arm64@1.11.1 from lock file
npm error Missing: @unrs/resolver-binding-darwin-x64@1.11.1 from lock file
npm error Missing: @unrs/resolver-binding-freebsd-x64@1.11.1 from lock file
npm error Missing: @unrs/resolver-binding-linux-arm-gnueabihf@1.11.1 from lock file
npm error Missing: @unrs/resolver-binding-linux-arm-musleabihf@1.11.1 from lock file
npm error Missing: @unrs/resolver-binding-linux-arm64-gnu@1.11.1 from lock file
npm error Missing: @unrs/resolver-binding-linux-arm64-musl@1.11.1 from lock file
npm error Missing: @unrs/resolver-binding-linux-ppc64-gnu@1.11.1 from lock file
npm error Missing: @unrs/resolver-binding-linux-riscv64-gnu@1.11.1 from lock file
npm error Missing: @unrs/resolver-binding-linux-riscv64-musl@1.11.1 from lock file
npm error Missing: @unrs/resolver-binding-linux-s390x-gnu@1.11.1 from lock file
npm error Missing: @unrs/resolver-binding-linux-x64-gnu@1.11.1 from lock file
npm error Missing: @unrs/resolver-binding-linux-x64-musl@1.11.1 from lock file
npm error Missing: @unrs/resolver-binding-wasm32-wasi@1.11.1 from lock file
npm error Missing: @unrs/resolver-binding-win32-arm64-msvc@1.11.1 from lock file
npm error Missing: @unrs/resolver-binding-win32-ia32-msvc@1.11.1 from lock file
npm error Missing: @unrs/resolver-binding-win32-x64-msvc@1.11.1 from lock file
npm error Missing: napi-postinstall@0.3.4 from lock file
npm error Missing: @napi-rs/wasm-runtime@0.2.12 from lock file
npm error Missing: @emnapi/core@1.7.1 from lock file
npm error Missing: @emnapi/runtime@1.7.1 from lock file
npm error Missing: @tybys/wasm-util@0.10.1 from lock file
npm error Missing: @emnapi/wasi-threads@1.1.0 from lock file
npm error Missing: makeerror@1.0.12 from lock file
npm error Missing: tmpl@1.0.5 from lock file
npm error Missing: signal-exit@4.1.0 from lock file
npm error Missing: yallist@3.1.1 from lock file
npm error Missing: locate-path@5.0.0 from lock file
npm error Missing: argparse@1.0.10 from lock file
npm error Missing: esprima@4.0.1 from lock file
npm error Missing: sprintf-js@1.0.3 from lock file
npm error Missing: p-locate@4.1.0 from lock file
npm error Missing: p-limit@2.3.0 from lock file
npm error Missing: p-try@2.2.0 from lock file
npm error Missing: foreground-child@3.3.1 from lock file
npm error Missing: jackspeak@3.4.3 from lock file
npm error Missing: minimatch@9.0.5 from lock file
npm error Missing: minipass@7.1.2 from lock file
npm error Missing: package-json-from-dist@1.0.1 from lock file
npm error Missing: path-scurry@1.11.1 from lock file
npm error Missing: signal-exit@4.1.0 from lock file
npm error Missing: @isaacs/cliui@8.0.2 from lock file
npm error Missing: @pkgjs/parseargs@0.11.0 from lock file
npm error Missing: string-width@5.1.2 from lock file
npm error Missing: string-width-cjs@4.2.3 from lock file
npm error Missing: strip-ansi@7.1.2 from lock file
npm error Missing: strip-ansi-cjs@6.0.1 from lock file
npm error Missing: wrap-ansi@8.1.0 from lock file
npm error Missing: wrap-ansi-cjs@7.0.0 from lock file
npm error Missing: lru-cache@10.4.3 from lock file
npm error Missing: eastasianwidth@0.2.0 from lock file
npm error Missing: emoji-regex@9.2.2 from lock file
npm error Missing: ansi-regex@6.2.2 from lock file
npm error Missing: ansi-styles@6.2.3 from lock file
npm error Missing: brace-expansion@2.0.2 from lock file
npm error Missing: minimatch@9.0.5 from lock file
npm error Missing: brace-expansion@2.0.2 from lock file
npm error Missing: minimatch@9.0.5 from lock file
npm error Missing: brace-expansion@2.0.2 from lock file
npm error Missing: locate-path@5.0.0 from lock file
npm error Missing: p-locate@4.1.0 from lock file
npm error Missing: p-limit@2.3.0 from lock file
npm error
npm error Clean install a project
npm error
npm error Usage:
npm error npm ci
npm error
npm error Options:
npm error [--install-strategy <hoisted|nested|shallow|linked>] [--legacy-bundling]
npm error [--global-style] [--omit <dev|optional|peer> [--omit <dev|optional|peer> ...]]
npm error [--include <prod|dev|optional|peer> [--include <prod|dev|optional|peer> ...]]
npm error [--strict-peer-deps] [--foreground-scripts] [--ignore-scripts] [--no-audit]
npm error [--no-bin-links] [--no-fund] [--dry-run]
npm error [-w|--workspace <workspace-name> [-w|--workspace <workspace-name> ...]]
npm error [-ws|--workspaces] [--include-workspace-root] [--install-links]
npm error
npm error aliases: clean-install, ic, install-clean, isntall-clean
npm error
npm error Run "npm help ci" for more info
npm error A complete log of this run can be found in: /www-data-home/.npm/_logs/2025-11-17T01_30_51_390Z-debug-0.log. For more details see the logs at https://console.cloud.google.com/cloud-build/builds;region=us-central1/ee19c948-bce1-4dc5-af9d-cebf57daea18?project=388226025861.
[debug] [2025-11-17T01:31:42.627Z] [update-default-us-central1-validateDelete] Retrying task index 0
[debug] [2025-11-17T01:31:42.628Z] Checked if tokens are valid: true, expires at: 1763345488902
[debug] [2025-11-17T01:31:42.628Z] Checked if tokens are valid: true, expires at: 1763345488902
[debug] [2025-11-17T01:31:42.628Z] >>> [apiv2][query] GET https://cloudfunctions.googleapis.com/v2/projects/laura-butallo-web/locations/us-central1/operations/operation-1763343029841-643c04ae92e9b-af89f214-9eb57570 [none]
[debug] [2025-11-17T01:31:43.325Z] <<< [apiv2][status] GET https://cloudfunctions.googleapis.com/v2/projects/laura-butallo-web/locations/us-central1/operations/operation-1763343029841-643c04ae92e9b-af89f214-9eb57570 200
[debug] [2025-11-17T01:31:43.325Z] <<< [apiv2][body] GET https://cloudfunctions.googleapis.com/v2/projects/laura-butallo-web/locations/us-central1/operations/operation-1763343029841-643c04ae92e9b-af89f214-9eb57570 {"name":"projects/laura-butallo-web/locations/us-central1/operations/operation-1763343029841-643c04ae92e9b-af89f214-9eb57570","metadata":{"@type":"type.googleapis.com/google.cloud.functions.v2.OperationMetadata","createTime":"2025-11-17T01:30:32.208676762Z","endTime":"2025-11-17T01:31:32.814718981Z","target":"projects/laura-butallo-web/locations/us-central1/functions/validateDelete","verb":"update","cancelRequested":false,"apiVersion":"v2","requestResource":{"@type":"type.googleapis.com/google.cloud.functions.v2.Function","name":"projects/laura-butallo-web/locations/us-central1/functions/validateDelete","buildConfig":{"runtime":"nodejs22","entryPoint":"validateDelete","source":{"storageSource":{"bucket":"gcf-v2-sources-388226025861-us-central1","object":"validateDelete/function-source.zip","generation":"1763343032147878"}},"environmentVariables":{"GOOGLE_NODE_RUN_SCRIPTS":""},"dockerRepository":"projects/laura-butallo-web/locations/us-central1/repositories/gcf-artifacts","sourceProvenance":{"resolvedStorageSource":{"bucket":"gcf-v2-sources-388226025861-us-central1","object":"validateDelete/function-source.zip","generation":"1763342016089566"}},"dockerRegistry":"ARTIFACT_REGISTRY","serviceAccount":"projects/laura-butallo-web/serviceAccounts/388226025861-compute@developer.gserviceaccount.com","automaticUpdatePolicy":{}},"serviceConfig":{"service":"projects/laura-butallo-web/locations/us-central1/services/validatedelete","timeoutSeconds":60,"environmentVariables":{"FIREBASE_CONFIG":"{\"projectId\":\"laura-butallo-web\",\"storageBucket\":\"laura-butallo-web.firebasestorage.app\"}","GCLOUD_PROJECT":"laura-butallo-web","EVENTARC_CLOUD_EVENT_SOURCE":"projects/laura-butallo-web/locations/us-central1/services/validateDelete","FUNCTION_TARGET":"validateDelete","LOG_EXECUTION_ID":"true","FUNCTION_SIGNATURE_TYPE":"http"},"maxInstanceCount":10,"ingressSettings":"ALLOW_ALL","uri":"https://validatedelete-iqcs3ho3pa-uc.a.run.app","serviceAccountEmail":"388226025861-compute@developer.gserviceaccount.com","availableMemory":"256Mi","allTrafficOnLatestRevision":true,"revision":"validatedelete-00003-lat","maxInstanceRequestConcurrency":80,"availableCpu":"1"},"state":"ACTIVE","labels":{"deployment-tool":"cli-firebase","deployment-callable":"true","firebase-functions-hash":"d11ed15f804aa79f0f35be9712b2470e6e47da66"},"environment":"GEN_2","url":"https://us-central1-laura-butallo-web.cloudfunctions.net/validateDelete","satisfiesPzi":true},"stages":[{"name":"SERVICE","state":"NOT_STARTED"}],"operationType":"UPDATE_FUNCTION"},"done":true,"error":{"code":3,"message":"Build failed with status: FAILURE and message: npm error code EUSAGE\nnpm error\nnpm error `npm ci` can only install packages when your package.json and package-lock.json or npm-shrinkwrap.json are in sync. Please update your lock file with `npm install` before continuing.\nnpm error\nnpm error Missing: jest@30.2.0 from lock file\nnpm error Missing: @jest/core@30.2.0 from lock file\nnpm error Missing: @jest/types@30.2.0 from lock file\nnpm error Missing: import-local@3.2.0 from lock file\nnpm error Missing: jest-cli@30.2.0 from lock file\nnpm error Missing: @jest/console@30.2.0 from lock file\nnpm error Missing: @jest/pattern@30.0.1 from lock file\nnpm error Missing: @jest/reporters@30.2.0 from lock file\nnpm error Missing: @jest/test-result@30.2.0 from lock file\nnpm error Missing: @jest/transform@30.2.0 from lock file\nnpm error Missing: ansi-escapes@4.3.2 from lock file\nnpm error Missing: ci-info@4.3.1 from lock file\nnpm error Missing: exit-x@0.2.2 from lock file\nnpm error Missing: graceful-fs@4.2.11 from lock file\nnpm error Missing: jest-changed-files@30.2.0 from lock file\nnpm error Missing: jest-config@30.2.0 from lock file\nnpm error Missing: jest-haste-map@30.2.0 from lock file\nnpm error Missing: jest-message-util@30.2.0 from lock file\nnpm error Missing: jest-regex-util@30.0.1 from lock file\nnpm error Missing: jest-resolve@30.2.0 from lock file\nnpm error Missing: jest-resolve-dependencies@30.2.0 from lock file\nnpm error Missing: jest-runner@30.2.0 from lock file\nnpm error Missing: jest-runtime@30.2.0 from lock file\nnpm error Missing: jest-snapshot@30.2.0 from lock file\nnpm error Missing: jest-util@30.2.0 from lock file\nnpm error Missing: jest-validate@30.2.0 from lock file\nnpm error Missing: jest-watcher@30.2.0 from lock file\nnpm error Missing: pretty-format@30.2.0 from lock file\nnpm error Missing: @bcoe/v8-coverage@0.2.3 from lock file\nnpm error Missing: @jridgewell/trace-mapping@0.3.31 from lock file\nnpm error Missing: collect-v8-coverage@1.0.3 from lock file\nnpm error Missing: glob@10.4.5 from lock file\nnpm error Missing: istanbul-lib-coverage@3.2.2 from lock file\nnpm error Missing: istanbul-lib-instrument@6.0.3 from lock file\nnpm error Missing: istanbul-lib-report@3.0.1 from lock file\nnpm error Missing: istanbul-lib-source-maps@5.0.6 from lock file\nnpm error Missing: istanbul-reports@3.2.0 from lock file\nnpm error Missing: jest-worker@30.2.0 from lock file\nnpm error Missing: string-length@4.0.2 from lock file\nnpm error Missing: v8-to-istanbul@9.3.0 from lock file\nnpm error Missing: @types/istanbul-lib-coverage@2.0.6 from lock file\nnpm error Missing: @babel/core@7.28.5 from lock file\nnpm error Missing: babel-plugin-istanbul@7.0.1 from lock file\nnpm error Missing: convert-source-map@2.0.0 from lock file\nnpm error Missing: pirates@4.0.7 from lock file\nnpm error Missing: write-file-atomic@5.0.1 from lock file\nnpm error Missing: @babel/code-frame@7.27.1 from lock file\nnpm error Missing: @babel/generator@7.28.5 from lock file\nnpm error Missing: @babel/helper-compilation-targets@7.27.2 from lock file\nnpm error Missing: @babel/helper-module-transforms@7.28.3 from lock file\nnpm error Missing: @babel/helpers@7.28.4 from lock file\nnpm error Missing: @babel/parser@7.28.5 from lock file\nnpm error Missing: @babel/template@7.27.2 from lock file\nnpm error Missing: @babel/traverse@7.28.5 from lock file\nnpm error Missing: @babel/types@7.28.5 from lock file\nnpm error Missing: @jridgewell/remapping@2.3.5 from lock file\nnpm error Missing: gensync@1.0.0-beta.2 from lock file\nnpm error Missing: json5@2.2.3 from lock file\nnpm error Missing: semver@6.3.1 from lock file\nnpm error Missing: @babel/helper-validator-identifier@7.28.5 from lock file\nnpm error Missing: js-tokens@4.0.0 from lock file\nnpm error Missing: picocolors@1.1.1 from lock file\nnpm error Missing: @jridgewell/gen-mapping@0.3.13 from lock file\nnpm error Missing: jsesc@3.1.0 from lock file\nnpm error Missing: @babel/compat-data@7.28.5 from lock file\nnpm error Missing: @babel/helper-validator-option@7.27.1 from lock file\nnpm error Missing: browserslist@4.28.0 from lock file\nnpm error Missing: lru-cache@5.1.1 from lock file\nnpm error Missing: semver@6.3.1 from lock file\nnpm error Missing: @babel/helper-module-imports@7.27.1 from lock file\nnpm error Missing: @babel/helper-globals@7.28.0 from lock file\nnpm error Missing: @babel/helper-string-parser@7.27.1 from lock file\nnpm error Missing: @jest/schemas@30.0.5 from lock file\nnpm error Missing: @types/istanbul-reports@3.0.4 from lock file\nnpm error Missing: @types/yargs@17.0.35 from lock file\nnpm error Missing: @sinclair/typebox@0.34.41 from lock file\nnpm error Missing: @jridgewell/sourcemap-codec@1.5.5 from lock file\nnpm error Missing: @jridgewell/resolve-uri@3.1.2 from lock file\nnpm error Missing: @types/istanbul-lib-report@3.0.3 from lock file\nnpm error Missing: @types/yargs-parser@21.0.3 from lock file\nnpm error Missing: type-fest@0.21.3 from lock file\nnpm error Missing: @babel/helper-plugin-utils@7.27.1 from lock file\nnpm error Missing: @istanbuljs/load-nyc-config@1.1.0 from lock file\nnpm error Missing: @istanbuljs/schema@0.1.3 from lock file\nnpm error Missing: test-exclude@6.0.0 from lock file\nnpm error Missing: camelcase@5.3.1 from lock file\nnpm error Missing: find-up@4.1.0 from lock file\nnpm error Missing: get-package-type@0.1.0 from lock file\nnpm error Missing: js-yaml@3.14.2 from lock file\nnpm error Missing: resolve-from@5.0.0 from lock file\nnpm error Missing: baseline-browser-mapping@2.8.28 from lock file\nnpm error Missing: caniuse-lite@1.0.30001755 from lock file\nnpm error Missing: electron-to-chromium@1.5.254 from lock file\nnpm error Missing: node-releases@2.0.27 from lock file\nnpm error Missing: update-browserslist-db@1.1.4 from lock file\nnpm error Missing: pkg-dir@4.2.0 from lock file\nnpm error Missing: resolve-cwd@3.0.0 from lock file\nnpm error Missing: make-dir@4.0.0 from lock file\nnpm error Missing: html-escaper@2.0.2 from lock file\nnpm error Missing: execa@5.1.1 from lock file\nnpm error Missing: get-stream@6.0.1 from lock file\nnpm error Missing: human-signals@2.1.0 from lock file\nnpm error Missing: merge-stream@2.0.0 from lock file\nnpm error Missing: npm-run-path@4.0.1 from lock file\nnpm error Missing: onetime@5.1.2 from lock file\nnpm error Missing: signal-exit@3.0.7 from lock file\nnpm error Missing: strip-final-newline@2.0.0 from lock file\nnpm error Missing: @jest/get-type@30.1.0 from lock file\nnpm error Missing: @jest/test-sequencer@30.2.0 from lock file\nnpm error Missing: babel-jest@30.2.0 from lock file\nnpm error Missing: deepmerge@4.3.1 from lock file\nnpm error Missing: glob@10.4.5 from lock file\nnpm error Missing: jest-circus@30.2.0 from lock file\nnpm error Missing: jest-docblock@30.2.0 from lock file\nnpm error Missing: jest-environment-node@30.2.0 from lock file\nnpm error Missing: parse-json@5.2.0 from lock file\nnpm error Missing: @types/babel__core@7.20.5 from lock file\nnpm error Missing: babel-preset-jest@30.2.0 from lock file\nnpm error Missing: @types/babel__generator@7.27.0 from lock file\nnpm error Missing: @types/babel__template@7.4.4 from lock file\nnpm error Missing: @types/babel__traverse@7.28.0 from lock file\nnpm error Missing: babel-plugin-jest-hoist@30.2.0 from lock file\nnpm error Missing: babel-preset-current-node-syntax@1.2.0 from lock file\nnpm error Missing: @babel/plugin-syntax-async-generators@7.8.4 from lock file\nnpm error Missing: @babel/plugin-syntax-bigint@7.8.3 from lock file\nnpm error Missing: @babel/plugin-syntax-class-properties@7.12.13 from lock file\nnpm error Missing: @babel/plugin-syntax-class-static-block@7.14.5 from lock file\nnpm error Missing: @babel/plugin-syntax-import-attributes@7.27.1 from lock file\nnpm error Missing: @babel/plugin-syntax-import-meta@7.10.4 from lock file\nnpm error Missing: @babel/plugin-syntax-json-strings@7.8.3 from lock file\nnpm error Missing: @babel/plugin-syntax-logical-assignment-operators@7.10.4 from lock file\nnpm error Missing: @babel/plugin-syntax-nullish-coalescing-operator@7.8.3 from lock file\nnpm error Missing: @babel/plugin-syntax-numeric-separator@7.10.4 from lock file\nnpm error Missing: @babel/plugin-syntax-object-rest-spread@7.8.3 from lock file\nnpm error Missing: @babel/plugin-syntax-optional-catch-binding@7.8.3 from lock file\nnpm error Missing: @babel/plugin-syntax-optional-chaining@7.8.3 from lock file\nnpm error Missing: @babel/plugin-syntax-private-property-in-object@7.14.5 from lock file\nnpm error Missing: @babel/plugin-syntax-top-level-await@7.14.5 from lock file\nnpm error Missing: @jest/environment@30.2.0 from lock file\nnpm error Missing: @jest/expect@30.2.0 from lock file\nnpm error Missing: co@4.6.0 from lock file\nnpm error Missing: dedent@1.7.0 from lock file\nnpm error Missing: is-generator-fn@2.1.0 from lock file\nnpm error Missing: jest-each@30.2.0 from lock file\nnpm error Missing: jest-matcher-utils@30.2.0 from lock file\nnpm error Missing: pure-rand@7.0.1 from lock file\nnpm error Missing: stack-utils@2.0.6 from lock file\nnpm error Missing: @jest/fake-timers@30.2.0 from lock file\nnpm error Missing: jest-mock@30.2.0 from lock file\nnpm error Missing: expect@30.2.0 from lock file\nnpm error Missing: @sinonjs/fake-timers@13.0.5 from lock file\nnpm error Missing: @sinonjs/commons@3.0.1 from lock file\nnpm error Missing: type-detect@4.0.8 from lock file\nnpm error Missing: @jest/expect-utils@30.2.0 from lock file\nnpm error Missing: detect-newline@3.1.0 from lock file\nnpm error Missing: anymatch@3.1.3 from lock file\nnpm error Missing: fb-watchman@2.0.2 from lock file\nnpm error Missing: fsevents@2.3.3 from lock file\nnpm error Missing: walker@1.0.8 from lock file\nnpm error Missing: normalize-path@3.0.0 from lock file\nnpm error Missing: bser@2.1.1 from lock file\nnpm error Missing: node-int64@0.4.0 from lock file\nnpm error Missing: jest-diff@30.2.0 from lock file\nnpm error Missing: @jest/diff-sequences@30.0.1 from lock file\nnpm error Missing: @types/stack-utils@2.0.3 from lock file\nnpm error Missing: jest-pnp-resolver@1.2.3 from lock file\nnpm error Missing: unrs-resolver@1.11.1 from lock file\nnpm error Missing: emittery@0.13.1 from lock file\nnpm error Missing: jest-leak-detector@30.2.0 from lock file\nnpm error Missing: source-map-support@0.5.13 from lock file\nnpm error Missing: @jest/globals@30.2.0 from lock file\nnpm error Missing: @jest/source-map@30.0.1 from lock file\nnpm error Missing: cjs-module-lexer@2.1.1 from lock file\nnpm error Missing: glob@10.4.5 from lock file\nnpm error Missing: strip-bom@4.0.0 from lock file\nnpm error Missing: @babel/plugin-syntax-jsx@7.27.1 from lock file\nnpm error Missing: @babel/plugin-syntax-typescript@7.27.1 from lock file\nnpm error Missing: @jest/snapshot-utils@30.2.0 from lock file\nnpm error Missing: synckit@0.11.11 from lock file\nnpm error Missing: picomatch@4.0.3 from lock file\nnpm error Missing: camelcase@6.3.0 from lock file\nnpm error Missing: leven@3.1.0 from lock file\nnpm error Missing: supports-color@8.1.1 from lock file\nnpm error Missing: mimic-fn@2.1.0 from lock file\nnpm error Missing: error-ex@1.3.4 from lock file\nnpm error Missing: json-parse-even-better-errors@2.3.1 from lock file\nnpm error Missing: lines-and-columns@1.2.4 from lock file\nnpm error Missing: is-arrayish@0.2.1 from lock file\nnpm error Missing: find-up@4.1.0 from lock file\nnpm error Missing: ansi-styles@5.2.0 from lock file\nnpm error Missing: react-is@18.3.1 from lock file\nnpm error Missing: resolve-from@5.0.0 from lock file\nnpm error Missing: buffer-from@1.1.2 from lock file\nnpm error Missing: source-map@0.6.1 from lock file\nnpm error Missing: escape-string-regexp@2.0.0 from lock file\nnpm error Missing: char-regex@1.0.2 from lock file\nnpm error Missing: @pkgr/core@0.2.9 from lock file\nnpm error Missing: @unrs/resolver-binding-android-arm-eabi@1.11.1 from lock file\nnpm error Missing: @unrs/resolver-binding-android-arm64@1.11.1 from lock file\nnpm error Missing: @unrs/resolver-binding-darwin-arm64@1.11.1 from lock file\nnpm error Missing: @unrs/resolver-binding-darwin-x64@1.11.1 from lock file\nnpm error Missing: @unrs/resolver-binding-freebsd-x64@1.11.1 from lock file\nnpm error Missing: @unrs/resolver-binding-linux-arm-gnueabihf@1.11.1 from lock file\nnpm error Missing: @unrs/resolver-binding-linux-arm-musleabihf@1.11.1 from lock file\nnpm error Missing: @unrs/resolver-binding-linux-arm64-gnu@1.11.1 from lock file\nnpm error Missing: @unrs/resolver-binding-linux-arm64-musl@1.11.1 from lock file\nnpm error Missing: @unrs/resolver-binding-linux-ppc64-gnu@1.11.1 from lock file\nnpm error Missing: @unrs/resolver-binding-linux-riscv64-gnu@1.11.1 from lock file\nnpm error Missing: @unrs/resolver-binding-linux-riscv64-musl@1.11.1 from lock file\nnpm error Missing: @unrs/resolver-binding-linux-s390x-gnu@1.11.1 from lock file\nnpm error Missing: @unrs/resolver-binding-linux-x64-gnu@1.11.1 from lock file\nnpm error Missing: @unrs/resolver-binding-linux-x64-musl@1.11.1 from lock file\nnpm error Missing: @unrs/resolver-binding-wasm32-wasi@1.11.1 from lock file\nnpm error Missing: @unrs/resolver-binding-win32-arm64-msvc@1.11.1 from lock file\nnpm error Missing: @unrs/resolver-binding-win32-ia32-msvc@1.11.1 from lock file\nnpm error Missing: @unrs/resolver-binding-win32-x64-msvc@1.11.1 from lock file\nnpm error Missing: napi-postinstall@0.3.4 from lock file\nnpm error Missing: @napi-rs/wasm-runtime@0.2.12 from lock file\nnpm error Missing: @emnapi/core@1.7.1 from lock file\nnpm error Missing: @emnapi/runtime@1.7.1 from lock file\nnpm error Missing: @tybys/wasm-util@0.10.1 from lock file\nnpm error Missing: @emnapi/wasi-threads@1.1.0 from lock file\nnpm error Missing: makeerror@1.0.12 from lock file\nnpm error Missing: tmpl@1.0.5 from lock file\nnpm error Missing: signal-exit@4.1.0 from lock file\nnpm error Missing: yallist@3.1.1 from lock file\nnpm error Missing: locate-path@5.0.0 from lock file\nnpm error Missing: argparse@1.0.10 from lock file\nnpm error Missing: esprima@4.0.1 from lock file\nnpm error Missing: sprintf-js@1.0.3 from lock file\nnpm error Missing: p-locate@4.1.0 from lock file\nnpm error Missing: p-limit@2.3.0 from lock file\nnpm error Missing: p-try@2.2.0 from lock file\nnpm error Missing: foreground-child@3.3.1 from lock file\nnpm error Missing: jackspeak@3.4.3 from lock file\nnpm error Missing: minimatch@9.0.5 from lock file\nnpm error Missing: minipass@7.1.2 from lock file\nnpm error Missing: package-json-from-dist@1.0.1 from lock file\nnpm error Missing: path-scurry@1.11.1 from lock file\nnpm error Missing: signal-exit@4.1.0 from lock file\nnpm error Missing: @isaacs/cliui@8.0.2 from lock file\nnpm error Missing: @pkgjs/parseargs@0.11.0 from lock file\nnpm error Missing: string-width@5.1.2 from lock file\nnpm error Missing: string-width-cjs@4.2.3 from lock file\nnpm error Missing: strip-ansi@7.1.2 from lock file\nnpm error Missing: strip-ansi-cjs@6.0.1 from lock file\nnpm error Missing: wrap-ansi@8.1.0 from lock file\nnpm error Missing: wrap-ansi-cjs@7.0.0 from lock file\nnpm error Missing: lru-cache@10.4.3 from lock file\nnpm error Missing: eastasianwidth@0.2.0 from lock file\nnpm error Missing: emoji-regex@9.2.2 from lock file\nnpm error Missing: ansi-regex@6.2.2 from lock file\nnpm error Missing: ansi-styles@6.2.3 from lock file\nnpm error Missing: brace-expansion@2.0.2 from lock file\nnpm error Missing: minimatch@9.0.5 from lock file\nnpm error Missing: brace-expansion@2.0.2 from lock file\nnpm error Missing: minimatch@9.0.5 from lock file\nnpm error Missing: brace-expansion@2.0.2 from lock file\nnpm error Missing: locate-path@5.0.0 from lock file\nnpm error Missing: p-locate@4.1.0 from lock file\nnpm error Missing: p-limit@2.3.0 from lock file\nnpm error\nnpm error Clean install a project\nnpm error\nnpm error Usage:\nnpm error npm ci\nnpm error\nnpm error Options:\nnpm error [--install-strategy <hoisted|nested|shallow|linked>] [--legacy-bundling]\nnpm error [--global-style] [--omit <dev|optional|peer> [--omit <dev|optional|peer> ...]]\nnpm error [--include <prod|dev|optional|peer> [--include <prod|dev|optional|peer> ...]]\nnpm error [--strict-peer-deps] [--foreground-scripts] [--ignore-scripts] [--no-audit]\nnpm error [--no-bin-links] [--no-fund] [--dry-run]\nnpm error [-w|--workspace <workspace-name> [-w|--workspace <workspace-name> ...]]\nnpm error [-ws|--workspaces] [--include-workspace-root] [--install-links]\nnpm error\nnpm error aliases: clean-install, ic, install-clean, isntall-clean\nnpm error\nnpm error Run \"npm help ci\" for more info\nnpm error A complete log of this run can be found in: /www-data-home/.npm/_logs/2025-11-17T01_30_52_232Z-debug-0.log. For more details see the logs at https://console.cloud.google.com/cloud-build/builds;region=us-central1/7d3f9da3-01ad-4a9c-be9b-28af1bd86b48?project=388226025861."}}
[debug] [2025-11-17T01:31:43.325Z] Got source token undefined for region us-central1
[error] Build failed with status: FAILURE and message: npm error code EUSAGE
npm error
npm error `npm ci` can only install packages when your package.json and package-lock.json or npm-shrinkwrap.json are in sync. Please update your lock file with `npm install` before continuing.
npm error
npm error Missing: jest@30.2.0 from lock file
npm error Missing: @jest/core@30.2.0 from lock file
npm error Missing: @jest/types@30.2.0 from lock file
npm error Missing: import-local@3.2.0 from lock file
npm error Missing: jest-cli@30.2.0 from lock file
npm error Missing: @jest/console@30.2.0 from lock file
npm error Missing: @jest/pattern@30.0.1 from lock file
npm error Missing: @jest/reporters@30.2.0 from lock file
npm error Missing: @jest/test-result@30.2.0 from lock file
npm error Missing: @jest/transform@30.2.0 from lock file
npm error Missing: ansi-escapes@4.3.2 from lock file
npm error Missing: ci-info@4.3.1 from lock file
npm error Missing: exit-x@0.2.2 from lock file
npm error Missing: graceful-fs@4.2.11 from lock file
npm error Missing: jest-changed-files@30.2.0 from lock file
npm error Missing: jest-config@30.2.0 from lock file
npm error Missing: jest-haste-map@30.2.0 from lock file
npm error Missing: jest-message-util@30.2.0 from lock file
npm error Missing: jest-regex-util@30.0.1 from lock file
npm error Missing: jest-resolve@30.2.0 from lock file
npm error Missing: jest-resolve-dependencies@30.2.0 from lock file
npm error Missing: jest-runner@30.2.0 from lock file
npm error Missing: jest-runtime@30.2.0 from lock file
npm error Missing: jest-snapshot@30.2.0 from lock file
npm error Missing: jest-util@30.2.0 from lock file
npm error Missing: jest-validate@30.2.0 from lock file
npm error Missing: jest-watcher@30.2.0 from lock file
npm error Missing: pretty-format@30.2.0 from lock file
npm error Missing: @bcoe/v8-coverage@0.2.3 from lock file
npm error Missing: @jridgewell/trace-mapping@0.3.31 from lock file
npm error Missing: collect-v8-coverage@1.0.3 from lock file
npm error Missing: glob@10.4.5 from lock file
npm error Missing: istanbul-lib-coverage@3.2.2 from lock file
npm error Missing: istanbul-lib-instrument@6.0.3 from lock file
npm error Missing: istanbul-lib-report@3.0.1 from lock file
npm error Missing: istanbul-lib-source-maps@5.0.6 from lock file
npm error Missing: istanbul-reports@3.2.0 from lock file
npm error Missing: jest-worker@30.2.0 from lock file
npm error Missing: string-length@4.0.2 from lock file
npm error Missing: v8-to-istanbul@9.3.0 from lock file
npm error Missing: @types/istanbul-lib-coverage@2.0.6 from lock file
npm error Missing: @babel/core@7.28.5 from lock file
npm error Missing: babel-plugin-istanbul@7.0.1 from lock file
npm error Missing: convert-source-map@2.0.0 from lock file
npm error Missing: pirates@4.0.7 from lock file
npm error Missing: write-file-atomic@5.0.1 from lock file
npm error Missing: @babel/code-frame@7.27.1 from lock file
npm error Missing: @babel/generator@7.28.5 from lock file
npm error Missing: @babel/helper-compilation-targets@7.27.2 from lock file
npm error Missing: @babel/helper-module-transforms@7.28.3 from lock file
npm error Missing: @babel/helpers@7.28.4 from lock file
npm error Missing: @babel/parser@7.28.5 from lock file
npm error Missing: @babel/template@7.27.2 from lock file
npm error Missing: @babel/traverse@7.28.5 from lock file
npm error Missing: @babel/types@7.28.5 from lock file
npm error Missing: @jridgewell/remapping@2.3.5 from lock file
npm error Missing: gensync@1.0.0-beta.2 from lock file
npm error Missing: json5@2.2.3 from lock file
npm error Missing: semver@6.3.1 from lock file
npm error Missing: @babel/helper-validator-identifier@7.28.5 from lock file
npm error Missing: js-tokens@4.0.0 from lock file
npm error Missing: picocolors@1.1.1 from lock file
npm error Missing: @jridgewell/gen-mapping@0.3.13 from lock file
npm error Missing: jsesc@3.1.0 from lock file
npm error Missing: @babel/compat-data@7.28.5 from lock file
npm error Missing: @babel/helper-validator-option@7.27.1 from lock file
npm error Missing: browserslist@4.28.0 from lock file
npm error Missing: lru-cache@5.1.1 from lock file
npm error Missing: semver@6.3.1 from lock file
npm error Missing: @babel/helper-module-imports@7.27.1 from lock file
npm error Missing: @babel/helper-globals@7.28.0 from lock file
npm error Missing: @babel/helper-string-parser@7.27.1 from lock file
npm error Missing: @jest/schemas@30.0.5 from lock file
npm error Missing: @types/istanbul-reports@3.0.4 from lock file
npm error Missing: @types/yargs@17.0.35 from lock file
npm error Missing: @sinclair/typebox@0.34.41 from lock file
npm error Missing: @jridgewell/sourcemap-codec@1.5.5 from lock file
npm error Missing: @jridgewell/resolve-uri@3.1.2 from lock file
npm error Missing: @types/istanbul-lib-report@3.0.3 from lock file
npm error Missing: @types/yargs-parser@21.0.3 from lock file
npm error Missing: type-fest@0.21.3 from lock file
npm error Missing: @babel/helper-plugin-utils@7.27.1 from lock file
npm error Missing: @istanbuljs/load-nyc-config@1.1.0 from lock file
npm error Missing: @istanbuljs/schema@0.1.3 from lock file
npm error Missing: test-exclude@6.0.0 from lock file
npm error Missing: camelcase@5.3.1 from lock file
npm error Missing: find-up@4.1.0 from lock file
npm error Missing: get-package-type@0.1.0 from lock file
npm error Missing: js-yaml@3.14.2 from lock file
npm error Missing: resolve-from@5.0.0 from lock file
npm error Missing: baseline-browser-mapping@2.8.28 from lock file
npm error Missing: caniuse-lite@1.0.30001755 from lock file
npm error Missing: electron-to-chromium@1.5.254 from lock file
npm error Missing: node-releases@2.0.27 from lock file
npm error Missing: update-browserslist-db@1.1.4 from lock file
npm error Missing: pkg-dir@4.2.0 from lock file
npm error Missing: resolve-cwd@3.0.0 from lock file
npm error Missing: make-dir@4.0.0 from lock file
npm error Missing: html-escaper@2.0.2 from lock file
npm error Missing: execa@5.1.1 from lock file
npm error Missing: get-stream@6.0.1 from lock file
npm error Missing: human-signals@2.1.0 from lock file
npm error Missing: merge-stream@2.0.0 from lock file
npm error Missing: npm-run-path@4.0.1 from lock file
npm error Missing: onetime@5.1.2 from lock file
npm error Missing: signal-exit@3.0.7 from lock file
npm error Missing: strip-final-newline@2.0.0 from lock file
npm error Missing: @jest/get-type@30.1.0 from lock file
npm error Missing: @jest/test-sequencer@30.2.0 from lock file
npm error Missing: babel-jest@30.2.0 from lock file
npm error Missing: deepmerge@4.3.1 from lock file
npm error Missing: glob@10.4.5 from lock file
npm error Missing: jest-circus@30.2.0 from lock file
npm error Missing: jest-docblock@30.2.0 from lock file
npm error Missing: jest-environment-node@30.2.0 from lock file
npm error Missing: parse-json@5.2.0 from lock file
npm error Missing: @types/babel__core@7.20.5 from lock file
npm error Missing: babel-preset-jest@30.2.0 from lock file
npm error Missing: @types/babel__generator@7.27.0 from lock file
npm error Missing: @types/babel__template@7.4.4 from lock file
npm error Missing: @types/babel__traverse@7.28.0 from lock file
npm error Missing: babel-plugin-jest-hoist@30.2.0 from lock file
npm error Missing: babel-preset-current-node-syntax@1.2.0 from lock file
npm error Missing: @babel/plugin-syntax-async-generators@7.8.4 from lock file
npm error Missing: @babel/plugin-syntax-bigint@7.8.3 from lock file
npm error Missing: @babel/plugin-syntax-class-properties@7.12.13 from lock file
npm error Missing: @babel/plugin-syntax-class-static-block@7.14.5 from lock file
npm error Missing: @babel/plugin-syntax-import-attributes@7.27.1 from lock file
npm error Missing: @babel/plugin-syntax-import-meta@7.10.4 from lock file
npm error Missing: @babel/plugin-syntax-json-strings@7.8.3 from lock file
npm error Missing: @babel/plugin-syntax-logical-assignment-operators@7.10.4 from lock file
npm error Missing: @babel/plugin-syntax-nullish-coalescing-operator@7.8.3 from lock file
npm error Missing: @babel/plugin-syntax-numeric-separator@7.10.4 from lock file
npm error Missing: @babel/plugin-syntax-object-rest-spread@7.8.3 from lock file
npm error Missing: @babel/plugin-syntax-optional-catch-binding@7.8.3 from lock file
npm error Missing: @babel/plugin-syntax-optional-chaining@7.8.3 from lock file
npm error Missing: @babel/plugin-syntax-private-property-in-object@7.14.5 from lock file
npm error Missing: @babel/plugin-syntax-top-level-await@7.14.5 from lock file
npm error Missing: @jest/environment@30.2.0 from lock file
npm error Missing: @jest/expect@30.2.0 from lock file
npm error Missing: co@4.6.0 from lock file
npm error Missing: dedent@1.7.0 from lock file
npm error Missing: is-generator-fn@2.1.0 from lock file
npm error Missing: jest-each@30.2.0 from lock file
npm error Missing: jest-matcher-utils@30.2.0 from lock file
npm error Missing: pure-rand@7.0.1 from lock file
npm error Missing: stack-utils@2.0.6 from lock file
npm error Missing: @jest/fake-timers@30.2.0 from lock file
npm error Missing: jest-mock@30.2.0 from lock file
npm error Missing: expect@30.2.0 from lock file
npm error Missing: @sinonjs/fake-timers@13.0.5 from lock file
npm error Missing: @sinonjs/commons@3.0.1 from lock file
npm error Missing: type-detect@4.0.8 from lock file
npm error Missing: @jest/expect-utils@30.2.0 from lock file
npm error Missing: detect-newline@3.1.0 from lock file
npm error Missing: anymatch@3.1.3 from lock file
npm error Missing: fb-watchman@2.0.2 from lock file
npm error Missing: fsevents@2.3.3 from lock file
npm error Missing: walker@1.0.8 from lock file
npm error Missing: normalize-path@3.0.0 from lock file
npm error Missing: bser@2.1.1 from lock file
npm error Missing: node-int64@0.4.0 from lock file
npm error Missing: jest-diff@30.2.0 from lock file
npm error Missing: @jest/diff-sequences@30.0.1 from lock file
npm error Missing: @types/stack-utils@2.0.3 from lock file
npm error Missing: jest-pnp-resolver@1.2.3 from lock file
npm error Missing: unrs-resolver@1.11.1 from lock file
npm error Missing: emittery@0.13.1 from lock file
npm error Missing: jest-leak-detector@30.2.0 from lock file
npm error Missing: source-map-support@0.5.13 from lock file
npm error Missing: @jest/globals@30.2.0 from lock file
npm error Missing: @jest/source-map@30.0.1 from lock file
npm error Missing: cjs-module-lexer@2.1.1 from lock file
npm error Missing: glob@10.4.5 from lock file
npm error Missing: strip-bom@4.0.0 from lock file
npm error Missing: @babel/plugin-syntax-jsx@7.27.1 from lock file
npm error Missing: @babel/plugin-syntax-typescript@7.27.1 from lock file
npm error Missing: @jest/snapshot-utils@30.2.0 from lock file
npm error Missing: synckit@0.11.11 from lock file
npm error Missing: picomatch@4.0.3 from lock file
npm error Missing: camelcase@6.3.0 from lock file
npm error Missing: leven@3.1.0 from lock file
npm error Missing: supports-color@8.1.1 from lock file
npm error Missing: mimic-fn@2.1.0 from lock file
npm error Missing: error-ex@1.3.4 from lock file
npm error Missing: json-parse-even-better-errors@2.3.1 from lock file
npm error Missing: lines-and-columns@1.2.4 from lock file
npm error Missing: is-arrayish@0.2.1 from lock file
npm error Missing: find-up@4.1.0 from lock file
npm error Missing: ansi-styles@5.2.0 from lock file
npm error Missing: react-is@18.3.1 from lock file
npm error Missing: resolve-from@5.0.0 from lock file
npm error Missing: buffer-from@1.1.2 from lock file
npm error Missing: source-map@0.6.1 from lock file
npm error Missing: escape-string-regexp@2.0.0 from lock file
npm error Missing: char-regex@1.0.2 from lock file
npm error Missing: @pkgr/core@0.2.9 from lock file
npm error Missing: @unrs/resolver-binding-android-arm-eabi@1.11.1 from lock file
npm error Missing: @unrs/resolver-binding-android-arm64@1.11.1 from lock file
npm error Missing: @unrs/resolver-binding-darwin-arm64@1.11.1 from lock file
npm error Missing: @unrs/resolver-binding-darwin-x64@1.11.1 from lock file
npm error Missing: @unrs/resolver-binding-freebsd-x64@1.11.1 from lock file
npm error Missing: @unrs/resolver-binding-linux-arm-gnueabihf@1.11.1 from lock file
npm error Missing: @unrs/resolver-binding-linux-arm-musleabihf@1.11.1 from lock file
npm error Missing: @unrs/resolver-binding-linux-arm64-gnu@1.11.1 from lock file
npm error Missing: @unrs/resolver-binding-linux-arm64-musl@1.11.1 from lock file
npm error Missing: @unrs/resolver-binding-linux-ppc64-gnu@1.11.1 from lock file
npm error Missing: @unrs/resolver-binding-linux-riscv64-gnu@1.11.1 from lock file
npm error Missing: @unrs/resolver-binding-linux-riscv64-musl@1.11.1 from lock file
npm error Missing: @unrs/resolver-binding-linux-s390x-gnu@1.11.1 from lock file
npm error Missing: @unrs/resolver-binding-linux-x64-gnu@1.11.1 from lock file
npm error Missing: @unrs/resolver-binding-linux-x64-musl@1.11.1 from lock file
npm error Missing: @unrs/resolver-binding-wasm32-wasi@1.11.1 from lock file
npm error Missing: @unrs/resolver-binding-win32-arm64-msvc@1.11.1 from lock file
npm error Missing: @unrs/resolver-binding-win32-ia32-msvc@1.11.1 from lock file
npm error Missing: @unrs/resolver-binding-win32-x64-msvc@1.11.1 from lock file
npm error Missing: napi-postinstall@0.3.4 from lock file
npm error Missing: @napi-rs/wasm-runtime@0.2.12 from lock file
npm error Missing: @emnapi/core@1.7.1 from lock file
npm error Missing: @emnapi/runtime@1.7.1 from lock file
npm error Missing: @tybys/wasm-util@0.10.1 from lock file
npm error Missing: @emnapi/wasi-threads@1.1.0 from lock file
npm error Missing: makeerror@1.0.12 from lock file
npm error Missing: tmpl@1.0.5 from lock file
npm error Missing: signal-exit@4.1.0 from lock file
npm error Missing: yallist@3.1.1 from lock file
npm error Missing: locate-path@5.0.0 from lock file
npm error Missing: argparse@1.0.10 from lock file
npm error Missing: esprima@4.0.1 from lock file
npm error Missing: sprintf-js@1.0.3 from lock file
npm error Missing: p-locate@4.1.0 from lock file
npm error Missing: p-limit@2.3.0 from lock file
npm error Missing: p-try@2.2.0 from lock file
npm error Missing: foreground-child@3.3.1 from lock file
npm error Missing: jackspeak@3.4.3 from lock file
npm error Missing: minimatch@9.0.5 from lock file
npm error Missing: minipass@7.1.2 from lock file
npm error Missing: package-json-from-dist@1.0.1 from lock file
npm error Missing: path-scurry@1.11.1 from lock file
npm error Missing: signal-exit@4.1.0 from lock file
npm error Missing: @isaacs/cliui@8.0.2 from lock file
npm error Missing: @pkgjs/parseargs@0.11.0 from lock file
npm error Missing: string-width@5.1.2 from lock file
npm error Missing: string-width-cjs@4.2.3 from lock file
npm error Missing: strip-ansi@7.1.2 from lock file
npm error Missing: strip-ansi-cjs@6.0.1 from lock file
npm error Missing: wrap-ansi@8.1.0 from lock file
npm error Missing: wrap-ansi-cjs@7.0.0 from lock file
npm error Missing: lru-cache@10.4.3 from lock file
npm error Missing: eastasianwidth@0.2.0 from lock file
npm error Missing: emoji-regex@9.2.2 from lock file
npm error Missing: ansi-regex@6.2.2 from lock file
npm error Missing: ansi-styles@6.2.3 from lock file
npm error Missing: brace-expansion@2.0.2 from lock file
npm error Missing: minimatch@9.0.5 from lock file
npm error Missing: brace-expansion@2.0.2 from lock file
npm error Missing: minimatch@9.0.5 from lock file
npm error Missing: brace-expansion@2.0.2 from lock file
npm error Missing: locate-path@5.0.0 from lock file
npm error Missing: p-locate@4.1.0 from lock file
npm error Missing: p-limit@2.3.0 from lock file
npm error
npm error Clean install a project
npm error
npm error Usage:
npm error npm ci
npm error
npm error Options:
npm error [--install-strategy <hoisted|nested|shallow|linked>] [--legacy-bundling]
npm error [--global-style] [--omit <dev|optional|peer> [--omit <dev|optional|peer> ...]]
npm error [--include <prod|dev|optional|peer> [--include <prod|dev|optional|peer> ...]]
npm error [--strict-peer-deps] [--foreground-scripts] [--ignore-scripts] [--no-audit]
npm error [--no-bin-links] [--no-fund] [--dry-run]
npm error [-w|--workspace <workspace-name> [-w|--workspace <workspace-name> ...]]
npm error [-ws|--workspaces] [--include-workspace-root] [--install-links]
npm error
npm error aliases: clean-install, ic, install-clean, isntall-clean
npm error
npm error Run "npm help ci" for more info
npm error A complete log of this run can be found in: /www-data-home/.npm/_logs/2025-11-17T01_30_52_232Z-debug-0.log. For more details see the logs at https://console.cloud.google.com/cloud-build/builds;region=us-central1/7d3f9da3-01ad-4a9c-be9b-28af1bd86b48?project=388226025861.
[debug] [2025-11-17T01:31:45.259Z] [update-default-us-central1-migrateArtworksToAssets] Retrying task index 0
[debug] [2025-11-17T01:31:45.260Z] Checked if tokens are valid: true, expires at: 1763345488902
[debug] [2025-11-17T01:31:45.260Z] Checked if tokens are valid: true, expires at: 1763345488902
[debug] [2025-11-17T01:31:45.260Z] >>> [apiv2][query] GET https://cloudfunctions.googleapis.com/v2/projects/laura-butallo-web/locations/us-central1/operations/operation-1763343029848-643c04ae9487b-2feb40a7-55c8bb43 [none]
[debug] [2025-11-17T01:31:45.958Z] <<< [apiv2][status] GET https://cloudfunctions.googleapis.com/v2/projects/laura-butallo-web/locations/us-central1/operations/operation-1763343029848-643c04ae9487b-2feb40a7-55c8bb43 200
[debug] [2025-11-17T01:31:45.959Z] <<< [apiv2][body] GET https://cloudfunctions.googleapis.com/v2/projects/laura-butallo-web/locations/us-central1/operations/operation-1763343029848-643c04ae9487b-2feb40a7-55c8bb43 {"name":"projects/laura-butallo-web/locations/us-central1/operations/operation-1763343029848-643c04ae9487b-2feb40a7-55c8bb43","metadata":{"@type":"type.googleapis.com/google.cloud.functions.v2.OperationMetadata","createTime":"2025-11-17T01:30:31.272772663Z","endTime":"2025-11-17T01:31:36.824888502Z","target":"projects/laura-butallo-web/locations/us-central1/functions/migrateArtworksToAssets","verb":"update","cancelRequested":false,"apiVersion":"v2","requestResource":{"@type":"type.googleapis.com/google.cloud.functions.v2.Function","name":"projects/laura-butallo-web/locations/us-central1/functions/migrateArtworksToAssets","buildConfig":{"runtime":"nodejs22","entryPoint":"migrateArtworksToAssets","source":{"storageSource":{"bucket":"gcf-v2-sources-388226025861-us-central1","object":"migrateArtworksToAssets/function-source.zip","generation":"1763343031222174"}},"environmentVariables":{"GOOGLE_NODE_RUN_SCRIPTS":""},"dockerRepository":"projects/laura-butallo-web/locations/us-central1/repositories/gcf-artifacts","sourceProvenance":{"resolvedStorageSource":{"bucket":"gcf-v2-sources-388226025861-us-central1","object":"migrateArtworksToAssets/function-source.zip","generation":"1763342017154677"}},"dockerRegistry":"ARTIFACT_REGISTRY","serviceAccount":"projects/laura-butallo-web/serviceAccounts/388226025861-compute@developer.gserviceaccount.com","automaticUpdatePolicy":{}},"serviceConfig":{"service":"projects/laura-butallo-web/locations/us-central1/services/migrateartworkstoassets","timeoutSeconds":60,"environmentVariables":{"FIREBASE_CONFIG":"{\"projectId\":\"laura-butallo-web\",\"storageBucket\":\"laura-butallo-web.firebasestorage.app\"}","GCLOUD_PROJECT":"laura-butallo-web","EVENTARC_CLOUD_EVENT_SOURCE":"projects/laura-butallo-web/locations/us-central1/services/migrateArtworksToAssets","FUNCTION_TARGET":"migrateArtworksToAssets","LOG_EXECUTION_ID":"true","FUNCTION_SIGNATURE_TYPE":"http"},"maxInstanceCount":10,"ingressSettings":"ALLOW_ALL","uri":"https://migrateartworkstoassets-iqcs3ho3pa-uc.a.run.app","serviceAccountEmail":"388226025861-compute@developer.gserviceaccount.com","availableMemory":"256Mi","allTrafficOnLatestRevision":true,"revision":"migrateartworkstoassets-00003-vol","maxInstanceRequestConcurrency":80,"availableCpu":"1"},"state":"ACTIVE","labels":{"deployment-tool":"cli-firebase","deployment-callable":"true","firebase-functions-hash":"d11ed15f804aa79f0f35be9712b2470e6e47da66"},"environment":"GEN_2","url":"https://us-central1-laura-butallo-web.cloudfunctions.net/migrateArtworksToAssets","satisfiesPzi":true},"stages":[{"name":"SERVICE","state":"NOT_STARTED"}],"operationType":"UPDATE_FUNCTION"},"done":true,"error":{"code":3,"message":"Build failed with status: FAILURE and message: npm error code EUSAGE\nnpm error\nnpm error `npm ci` can only install packages when your package.json and package-lock.json or npm-shrinkwrap.json are in sync. Please update your lock file with `npm install` before continuing.\nnpm error\nnpm error Missing: jest@30.2.0 from lock file\nnpm error Missing: @jest/core@30.2.0 from lock file\nnpm error Missing: @jest/types@30.2.0 from lock file\nnpm error Missing: import-local@3.2.0 from lock file\nnpm error Missing: jest-cli@30.2.0 from lock file\nnpm error Missing: @jest/console@30.2.0 from lock file\nnpm error Missing: @jest/pattern@30.0.1 from lock file\nnpm error Missing: @jest/reporters@30.2.0 from lock file\nnpm error Missing: @jest/test-result@30.2.0 from lock file\nnpm error Missing: @jest/transform@30.2.0 from lock file\nnpm error Missing: ansi-escapes@4.3.2 from lock file\nnpm error Missing: ci-info@4.3.1 from lock file\nnpm error Missing: exit-x@0.2.2 from lock file\nnpm error Missing: graceful-fs@4.2.11 from lock file\nnpm error Missing: jest-changed-files@30.2.0 from lock file\nnpm error Missing: jest-config@30.2.0 from lock file\nnpm error Missing: jest-haste-map@30.2.0 from lock file\nnpm error Missing: jest-message-util@30.2.0 from lock file\nnpm error Missing: jest-regex-util@30.0.1 from lock file\nnpm error Missing: jest-resolve@30.2.0 from lock file\nnpm error Missing: jest-resolve-dependencies@30.2.0 from lock file\nnpm error Missing: jest-runner@30.2.0 from lock file\nnpm error Missing: jest-runtime@30.2.0 from lock file\nnpm error Missing: jest-snapshot@30.2.0 from lock file\nnpm error Missing: jest-util@30.2.0 from lock file\nnpm error Missing: jest-validate@30.2.0 from lock file\nnpm error Missing: jest-watcher@30.2.0 from lock file\nnpm error Missing: pretty-format@30.2.0 from lock file\nnpm error Missing: @bcoe/v8-coverage@0.2.3 from lock file\nnpm error Missing: @jridgewell/trace-mapping@0.3.31 from lock file\nnpm error Missing: collect-v8-coverage@1.0.3 from lock file\nnpm error Missing: glob@10.4.5 from lock file\nnpm error Missing: istanbul-lib-coverage@3.2.2 from lock file\nnpm error Missing: istanbul-lib-instrument@6.0.3 from lock file\nnpm error Missing: istanbul-lib-report@3.0.1 from lock file\nnpm error Missing: istanbul-lib-source-maps@5.0.6 from lock file\nnpm error Missing: istanbul-reports@3.2.0 from lock file\nnpm error Missing: jest-worker@30.2.0 from lock file\nnpm error Missing: string-length@4.0.2 from lock file\nnpm error Missing: v8-to-istanbul@9.3.0 from lock file\nnpm error Missing: @types/istanbul-lib-coverage@2.0.6 from lock file\nnpm error Missing: @babel/core@7.28.5 from lock file\nnpm error Missing: babel-plugin-istanbul@7.0.1 from lock file\nnpm error Missing: convert-source-map@2.0.0 from lock file\nnpm error Missing: pirates@4.0.7 from lock file\nnpm error Missing: write-file-atomic@5.0.1 from lock file\nnpm error Missing: @babel/code-frame@7.27.1 from lock file\nnpm error Missing: @babel/generator@7.28.5 from lock file\nnpm error Missing: @babel/helper-compilation-targets@7.27.2 from lock file\nnpm error Missing: @babel/helper-module-transforms@7.28.3 from lock file\nnpm error Missing: @babel/helpers@7.28.4 from lock file\nnpm error Missing: @babel/parser@7.28.5 from lock file\nnpm error Missing: @babel/template@7.27.2 from lock file\nnpm error Missing: @babel/traverse@7.28.5 from lock file\nnpm error Missing: @babel/types@7.28.5 from lock file\nnpm error Missing: @jridgewell/remapping@2.3.5 from lock file\nnpm error Missing: gensync@1.0.0-beta.2 from lock file\nnpm error Missing: json5@2.2.3 from lock file\nnpm error Missing: semver@6.3.1 from lock file\nnpm error Missing: @babel/helper-validator-identifier@7.28.5 from lock file\nnpm error Missing: js-tokens@4.0.0 from lock file\nnpm error Missing: picocolors@1.1.1 from lock file\nnpm error Missing: @jridgewell/gen-mapping@0.3.13 from lock file\nnpm error Missing: jsesc@3.1.0 from lock file\nnpm error Missing: @babel/compat-data@7.28.5 from lock file\nnpm error Missing: @babel/helper-validator-option@7.27.1 from lock file\nnpm error Missing: browserslist@4.28.0 from lock file\nnpm error Missing: lru-cache@5.1.1 from lock file\nnpm error Missing: semver@6.3.1 from lock file\nnpm error Missing: @babel/helper-module-imports@7.27.1 from lock file\nnpm error Missing: @babel/helper-globals@7.28.0 from lock file\nnpm error Missing: @babel/helper-string-parser@7.27.1 from lock file\nnpm error Missing: @jest/schemas@30.0.5 from lock file\nnpm error Missing: @types/istanbul-reports@3.0.4 from lock file\nnpm error Missing: @types/yargs@17.0.35 from lock file\nnpm error Missing: @sinclair/typebox@0.34.41 from lock file\nnpm error Missing: @jridgewell/sourcemap-codec@1.5.5 from lock file\nnpm error Missing: @jridgewell/resolve-uri@3.1.2 from lock file\nnpm error Missing: @types/istanbul-lib-report@3.0.3 from lock file\nnpm error Missing: @types/yargs-parser@21.0.3 from lock file\nnpm error Missing: type-fest@0.21.3 from lock file\nnpm error Missing: @babel/helper-plugin-utils@7.27.1 from lock file\nnpm error Missing: @istanbuljs/load-nyc-config@1.1.0 from lock file\nnpm error Missing: @istanbuljs/schema@0.1.3 from lock file\nnpm error Missing: test-exclude@6.0.0 from lock file\nnpm error Missing: camelcase@5.3.1 from lock file\nnpm error Missing: find-up@4.1.0 from lock file\nnpm error Missing: get-package-type@0.1.0 from lock file\nnpm error Missing: js-yaml@3.14.2 from lock file\nnpm error Missing: resolve-from@5.0.0 from lock file\nnpm error Missing: baseline-browser-mapping@2.8.28 from lock file\nnpm error Missing: caniuse-lite@1.0.30001755 from lock file\nnpm error Missing: electron-to-chromium@1.5.254 from lock file\nnpm error Missing: node-releases@2.0.27 from lock file\nnpm error Missing: update-browserslist-db@1.1.4 from lock file\nnpm error Missing: pkg-dir@4.2.0 from lock file\nnpm error Missing: resolve-cwd@3.0.0 from lock file\nnpm error Missing: make-dir@4.0.0 from lock file\nnpm error Missing: html-escaper@2.0.2 from lock file\nnpm error Missing: execa@5.1.1 from lock file\nnpm error Missing: get-stream@6.0.1 from lock file\nnpm error Missing: human-signals@2.1.0 from lock file\nnpm error Missing: merge-stream@2.0.0 from lock file\nnpm error Missing: npm-run-path@4.0.1 from lock file\nnpm error Missing: onetime@5.1.2 from lock file\nnpm error Missing: signal-exit@3.0.7 from lock file\nnpm error Missing: strip-final-newline@2.0.0 from lock file\nnpm error Missing: @jest/get-type@30.1.0 from lock file\nnpm error Missing: @jest/test-sequencer@30.2.0 from lock file\nnpm error Missing: babel-jest@30.2.0 from lock file\nnpm error Missing: deepmerge@4.3.1 from lock file\nnpm error Missing: glob@10.4.5 from lock file\nnpm error Missing: jest-circus@30.2.0 from lock file\nnpm error Missing: jest-docblock@30.2.0 from lock file\nnpm error Missing: jest-environment-node@30.2.0 from lock file\nnpm error Missing: parse-json@5.2.0 from lock file\nnpm error Missing: @types/babel__core@7.20.5 from lock file\nnpm error Missing: babel-preset-jest@30.2.0 from lock file\nnpm error Missing: @types/babel__generator@7.27.0 from lock file\nnpm error Missing: @types/babel__template@7.4.4 from lock file\nnpm error Missing: @types/babel__traverse@7.28.0 from lock file\nnpm error Missing: babel-plugin-jest-hoist@30.2.0 from lock file\nnpm error Missing: babel-preset-current-node-syntax@1.2.0 from lock file\nnpm error Missing: @babel/plugin-syntax-async-generators@7.8.4 from lock file\nnpm error Missing: @babel/plugin-syntax-bigint@7.8.3 from lock file\nnpm error Missing: @babel/plugin-syntax-class-properties@7.12.13 from lock file\nnpm error Missing: @babel/plugin-syntax-class-static-block@7.14.5 from lock file\nnpm error Missing: @babel/plugin-syntax-import-attributes@7.27.1 from lock file\nnpm error Missing: @babel/plugin-syntax-import-meta@7.10.4 from lock file\nnpm error Missing: @babel/plugin-syntax-json-strings@7.8.3 from lock file\nnpm error Missing: @babel/plugin-syntax-logical-assignment-operators@7.10.4 from lock file\nnpm error Missing: @babel/plugin-syntax-nullish-coalescing-operator@7.8.3 from lock file\nnpm error Missing: @babel/plugin-syntax-numeric-separator@7.10.4 from lock file\nnpm error Missing: @babel/plugin-syntax-object-rest-spread@7.8.3 from lock file\nnpm error Missing: @babel/plugin-syntax-optional-catch-binding@7.8.3 from lock file\nnpm error Missing: @babel/plugin-syntax-optional-chaining@7.8.3 from lock file\nnpm error Missing: @babel/plugin-syntax-private-property-in-object@7.14.5 from lock file\nnpm error Missing: @babel/plugin-syntax-top-level-await@7.14.5 from lock file\nnpm error Missing: @jest/environment@30.2.0 from lock file\nnpm error Missing: @jest/expect@30.2.0 from lock file\nnpm error Missing: co@4.6.0 from lock file\nnpm error Missing: dedent@1.7.0 from lock file\nnpm error Missing: is-generator-fn@2.1.0 from lock file\nnpm error Missing: jest-each@30.2.0 from lock file\nnpm error Missing: jest-matcher-utils@30.2.0 from lock file\nnpm error Missing: pure-rand@7.0.1 from lock file\nnpm error Missing: stack-utils@2.0.6 from lock file\nnpm error Missing: @jest/fake-timers@30.2.0 from lock file\nnpm error Missing: jest-mock@30.2.0 from lock file\nnpm error Missing: expect@30.2.0 from lock file\nnpm error Missing: @sinonjs/fake-timers@13.0.5 from lock file\nnpm error Missing: @sinonjs/commons@3.0.1 from lock file\nnpm error Missing: type-detect@4.0.8 from lock file\nnpm error Missing: @jest/expect-utils@30.2.0 from lock file\nnpm error Missing: detect-newline@3.1.0 from lock file\nnpm error Missing: anymatch@3.1.3 from lock file\nnpm error Missing: fb-watchman@2.0.2 from lock file\nnpm error Missing: fsevents@2.3.3 from lock file\nnpm error Missing: walker@1.0.8 from lock file\nnpm error Missing: normalize-path@3.0.0 from lock file\nnpm error Missing: bser@2.1.1 from lock file\nnpm error Missing: node-int64@0.4.0 from lock file\nnpm error Missing: jest-diff@30.2.0 from lock file\nnpm error Missing: @jest/diff-sequences@30.0.1 from lock file\nnpm error Missing: @types/stack-utils@2.0.3 from lock file\nnpm error Missing: jest-pnp-resolver@1.2.3 from lock file\nnpm error Missing: unrs-resolver@1.11.1 from lock file\nnpm error Missing: emittery@0.13.1 from lock file\nnpm error Missing: jest-leak-detector@30.2.0 from lock file\nnpm error Missing: source-map-support@0.5.13 from lock file\nnpm error Missing: @jest/globals@30.2.0 from lock file\nnpm error Missing: @jest/source-map@30.0.1 from lock file\nnpm error Missing: cjs-module-lexer@2.1.1 from lock file\nnpm error Missing: glob@10.4.5 from lock file\nnpm error Missing: strip-bom@4.0.0 from lock file\nnpm error Missing: @babel/plugin-syntax-jsx@7.27.1 from lock file\nnpm error Missing: @babel/plugin-syntax-typescript@7.27.1 from lock file\nnpm error Missing: @jest/snapshot-utils@30.2.0 from lock file\nnpm error Missing: synckit@0.11.11 from lock file\nnpm error Missing: picomatch@4.0.3 from lock file\nnpm error Missing: camelcase@6.3.0 from lock file\nnpm error Missing: leven@3.1.0 from lock file\nnpm error Missing: supports-color@8.1.1 from lock file\nnpm error Missing: mimic-fn@2.1.0 from lock file\nnpm error Missing: error-ex@1.3.4 from lock file\nnpm error Missing: json-parse-even-better-errors@2.3.1 from lock file\nnpm error Missing: lines-and-columns@1.2.4 from lock file\nnpm error Missing: is-arrayish@0.2.1 from lock file\nnpm error Missing: find-up@4.1.0 from lock file\nnpm error Missing: ansi-styles@5.2.0 from lock file\nnpm error Missing: react-is@18.3.1 from lock file\nnpm error Missing: resolve-from@5.0.0 from lock file\nnpm error Missing: buffer-from@1.1.2 from lock file\nnpm error Missing: source-map@0.6.1 from lock file\nnpm error Missing: escape-string-regexp@2.0.0 from lock file\nnpm error Missing: char-regex@1.0.2 from lock file\nnpm error Missing: @pkgr/core@0.2.9 from lock file\nnpm error Missing: @unrs/resolver-binding-android-arm-eabi@1.11.1 from lock file\nnpm error Missing: @unrs/resolver-binding-android-arm64@1.11.1 from lock file\nnpm error Missing: @unrs/resolver-binding-darwin-arm64@1.11.1 from lock file\nnpm error Missing: @unrs/resolver-binding-darwin-x64@1.11.1 from lock file\nnpm error Missing: @unrs/resolver-binding-freebsd-x64@1.11.1 from lock file\nnpm error Missing: @unrs/resolver-binding-linux-arm-gnueabihf@1.11.1 from lock file\nnpm error Missing: @unrs/resolver-binding-linux-arm-musleabihf@1.11.1 from lock file\nnpm error Missing: @unrs/resolver-binding-linux-arm64-gnu@1.11.1 from lock file\nnpm error Missing: @unrs/resolver-binding-linux-arm64-musl@1.11.1 from lock file\nnpm error Missing: @unrs/resolver-binding-linux-ppc64-gnu@1.11.1 from lock file\nnpm error Missing: @unrs/resolver-binding-linux-riscv64-gnu@1.11.1 from lock file\nnpm error Missing: @unrs/resolver-binding-linux-riscv64-musl@1.11.1 from lock file\nnpm error Missing: @unrs/resolver-binding-linux-s390x-gnu@1.11.1 from lock file\nnpm error Missing: @unrs/resolver-binding-linux-x64-gnu@1.11.1 from lock file\nnpm error Missing: @unrs/resolver-binding-linux-x64-musl@1.11.1 from lock file\nnpm error Missing: @unrs/resolver-binding-wasm32-wasi@1.11.1 from lock file\nnpm error Missing: @unrs/resolver-binding-win32-arm64-msvc@1.11.1 from lock file\nnpm error Missing: @unrs/resolver-binding-win32-ia32-msvc@1.11.1 from lock file\nnpm error Missing: @unrs/resolver-binding-win32-x64-msvc@1.11.1 from lock file\nnpm error Missing: napi-postinstall@0.3.4 from lock file\nnpm error Missing: @napi-rs/wasm-runtime@0.2.12 from lock file\nnpm error Missing: @emnapi/core@1.7.1 from lock file\nnpm error Missing: @emnapi/runtime@1.7.1 from lock file\nnpm error Missing: @tybys/wasm-util@0.10.1 from lock file\nnpm error Missing: @emnapi/wasi-threads@1.1.0 from lock file\nnpm error Missing: makeerror@1.0.12 from lock file\nnpm error Missing: tmpl@1.0.5 from lock file\nnpm error Missing: signal-exit@4.1.0 from lock file\nnpm error Missing: yallist@3.1.1 from lock file\nnpm error Missing: locate-path@5.0.0 from lock file\nnpm error Missing: argparse@1.0.10 from lock file\nnpm error Missing: esprima@4.0.1 from lock file\nnpm error Missing: sprintf-js@1.0.3 from lock file\nnpm error Missing: p-locate@4.1.0 from lock file\nnpm error Missing: p-limit@2.3.0 from lock file\nnpm error Missing: p-try@2.2.0 from lock file\nnpm error Missing: foreground-child@3.3.1 from lock file\nnpm error Missing: jackspeak@3.4.3 from lock file\nnpm error Missing: minimatch@9.0.5 from lock file\nnpm error Missing: minipass@7.1.2 from lock file\nnpm error Missing: package-json-from-dist@1.0.1 from lock file\nnpm error Missing: path-scurry@1.11.1 from lock file\nnpm error Missing: signal-exit@4.1.0 from lock file\nnpm error Missing: @isaacs/cliui@8.0.2 from lock file\nnpm error Missing: @pkgjs/parseargs@0.11.0 from lock file\nnpm error Missing: string-width@5.1.2 from lock file\nnpm error Missing: string-width-cjs@4.2.3 from lock file\nnpm error Missing: strip-ansi@7.1.2 from lock file\nnpm error Missing: strip-ansi-cjs@6.0.1 from lock file\nnpm error Missing: wrap-ansi@8.1.0 from lock file\nnpm error Missing: wrap-ansi-cjs@7.0.0 from lock file\nnpm error Missing: lru-cache@10.4.3 from lock file\nnpm error Missing: eastasianwidth@0.2.0 from lock file\nnpm error Missing: emoji-regex@9.2.2 from lock file\nnpm error Missing: ansi-regex@6.2.2 from lock file\nnpm error Missing: ansi-styles@6.2.3 from lock file\nnpm error Missing: brace-expansion@2.0.2 from lock file\nnpm error Missing: minimatch@9.0.5 from lock file\nnpm error Missing: brace-expansion@2.0.2 from lock file\nnpm error Missing: minimatch@9.0.5 from lock file\nnpm error Missing: brace-expansion@2.0.2 from lock file\nnpm error Missing: locate-path@5.0.0 from lock file\nnpm error Missing: p-locate@4.1.0 from lock file\nnpm error Missing: p-limit@2.3.0 from lock file\nnpm error\nnpm error Clean install a project\nnpm error\nnpm error Usage:\nnpm error npm ci\nnpm error\nnpm error Options:\nnpm error [--install-strategy <hoisted|nested|shallow|linked>] [--legacy-bundling]\nnpm error [--global-style] [--omit <dev|optional|peer> [--omit <dev|optional|peer> ...]]\nnpm error [--include <prod|dev|optional|peer> [--include <prod|dev|optional|peer> ...]]\nnpm error [--strict-peer-deps] [--foreground-scripts] [--ignore-scripts] [--no-audit]\nnpm error [--no-bin-links] [--no-fund] [--dry-run]\nnpm error [-w|--workspace <workspace-name> [-w|--workspace <workspace-name> ...]]\nnpm error [-ws|--workspaces] [--include-workspace-root] [--install-links]\nnpm error\nnpm error aliases: clean-install, ic, install-clean, isntall-clean\nnpm error\nnpm error Run \"npm help ci\" for more info\nnpm error A complete log of this run can be found in: /www-data-home/.npm/_logs/2025-11-17T01_30_51_184Z-debug-0.log. For more details see the logs at https://console.cloud.google.com/cloud-build/builds;region=us-central1/cd29994c-8f78-4ee1-b8f3-f03872edb4fd?project=388226025861."}}
[debug] [2025-11-17T01:31:45.959Z] Got source token undefined for region us-central1
[error] Build failed with status: FAILURE and message: npm error code EUSAGE
npm error
npm error `npm ci` can only install packages when your package.json and package-lock.json or npm-shrinkwrap.json are in sync. Please update your lock file with `npm install` before continuing.
npm error
npm error Missing: jest@30.2.0 from lock file
npm error Missing: @jest/core@30.2.0 from lock file
npm error Missing: @jest/types@30.2.0 from lock file
npm error Missing: import-local@3.2.0 from lock file
npm error Missing: jest-cli@30.2.0 from lock file
npm error Missing: @jest/console@30.2.0 from lock file
npm error Missing: @jest/pattern@30.0.1 from lock file
npm error Missing: @jest/reporters@30.2.0 from lock file
npm error Missing: @jest/test-result@30.2.0 from lock file
npm error Missing: @jest/transform@30.2.0 from lock file
npm error Missing: ansi-escapes@4.3.2 from lock file
npm error Missing: ci-info@4.3.1 from lock file
npm error Missing: exit-x@0.2.2 from lock file
npm error Missing: graceful-fs@4.2.11 from lock file
npm error Missing: jest-changed-files@30.2.0 from lock file
npm error Missing: jest-config@30.2.0 from lock file
npm error Missing: jest-haste-map@30.2.0 from lock file
npm error Missing: jest-message-util@30.2.0 from lock file
npm error Missing: jest-regex-util@30.0.1 from lock file
npm error Missing: jest-resolve@30.2.0 from lock file
npm error Missing: jest-resolve-dependencies@30.2.0 from lock file
npm error Missing: jest-runner@30.2.0 from lock file
npm error Missing: jest-runtime@30.2.0 from lock file
npm error Missing: jest-snapshot@30.2.0 from lock file
npm error Missing: jest-util@30.2.0 from lock file
npm error Missing: jest-validate@30.2.0 from lock file
npm error Missing: jest-watcher@30.2.0 from lock file
npm error Missing: pretty-format@30.2.0 from lock file
npm error Missing: @bcoe/v8-coverage@0.2.3 from lock file
npm error Missing: @jridgewell/trace-mapping@0.3.31 from lock file
npm error Missing: collect-v8-coverage@1.0.3 from lock file
npm error Missing: glob@10.4.5 from lock file
npm error Missing: istanbul-lib-coverage@3.2.2 from lock file
npm error Missing: istanbul-lib-instrument@6.0.3 from lock file
npm error Missing: istanbul-lib-report@3.0.1 from lock file
npm error Missing: istanbul-lib-source-maps@5.0.6 from lock file
npm error Missing: istanbul-reports@3.2.0 from lock file
npm error Missing: jest-worker@30.2.0 from lock file
npm error Missing: string-length@4.0.2 from lock file
npm error Missing: v8-to-istanbul@9.3.0 from lock file
npm error Missing: @types/istanbul-lib-coverage@2.0.6 from lock file
npm error Missing: @babel/core@7.28.5 from lock file
npm error Missing: babel-plugin-istanbul@7.0.1 from lock file
npm error Missing: convert-source-map@2.0.0 from lock file
npm error Missing: pirates@4.0.7 from lock file
npm error Missing: write-file-atomic@5.0.1 from lock file
npm error Missing: @babel/code-frame@7.27.1 from lock file
npm error Missing: @babel/generator@7.28.5 from lock file
npm error Missing: @babel/helper-compilation-targets@7.27.2 from lock file
npm error Missing: @babel/helper-module-transforms@7.28.3 from lock file
npm error Missing: @babel/helpers@7.28.4 from lock file
npm error Missing: @babel/parser@7.28.5 from lock file
npm error Missing: @babel/template@7.27.2 from lock file
npm error Missing: @babel/traverse@7.28.5 from lock file
npm error Missing: @babel/types@7.28.5 from lock file
npm error Missing: @jridgewell/remapping@2.3.5 from lock file
npm error Missing: gensync@1.0.0-beta.2 from lock file
npm error Missing: json5@2.2.3 from lock file
npm error Missing: semver@6.3.1 from lock file
npm error Missing: @babel/helper-validator-identifier@7.28.5 from lock file
npm error Missing: js-tokens@4.0.0 from lock file
npm error Missing: picocolors@1.1.1 from lock file
npm error Missing: @jridgewell/gen-mapping@0.3.13 from lock file
npm error Missing: jsesc@3.1.0 from lock file
npm error Missing: @babel/compat-data@7.28.5 from lock file
npm error Missing: @babel/helper-validator-option@7.27.1 from lock file
npm error Missing: browserslist@4.28.0 from lock file
npm error Missing: lru-cache@5.1.1 from lock file
npm error Missing: semver@6.3.1 from lock file
npm error Missing: @babel/helper-module-imports@7.27.1 from lock file
npm error Missing: @babel/helper-globals@7.28.0 from lock file
npm error Missing: @babel/helper-string-parser@7.27.1 from lock file
npm error Missing: @jest/schemas@30.0.5 from lock file
npm error Missing: @types/istanbul-reports@3.0.4 from lock file
npm error Missing: @types/yargs@17.0.35 from lock file
npm error Missing: @sinclair/typebox@0.34.41 from lock file
npm error Missing: @jridgewell/sourcemap-codec@1.5.5 from lock file
npm error Missing: @jridgewell/resolve-uri@3.1.2 from lock file
npm error Missing: @types/istanbul-lib-report@3.0.3 from lock file
npm error Missing: @types/yargs-parser@21.0.3 from lock file
npm error Missing: type-fest@0.21.3 from lock file
npm error Missing: @babel/helper-plugin-utils@7.27.1 from lock file
npm error Missing: @istanbuljs/load-nyc-config@1.1.0 from lock file
npm error Missing: @istanbuljs/schema@0.1.3 from lock file
npm error Missing: test-exclude@6.0.0 from lock file
npm error Missing: camelcase@5.3.1 from lock file
npm error Missing: find-up@4.1.0 from lock file
npm error Missing: get-package-type@0.1.0 from lock file
npm error Missing: js-yaml@3.14.2 from lock file
npm error Missing: resolve-from@5.0.0 from lock file
npm error Missing: baseline-browser-mapping@2.8.28 from lock file
npm error Missing: caniuse-lite@1.0.30001755 from lock file
npm error Missing: electron-to-chromium@1.5.254 from lock file
npm error Missing: node-releases@2.0.27 from lock file
npm error Missing: update-browserslist-db@1.1.4 from lock file
npm error Missing: pkg-dir@4.2.0 from lock file
npm error Missing: resolve-cwd@3.0.0 from lock file
npm error Missing: make-dir@4.0.0 from lock file
npm error Missing: html-escaper@2.0.2 from lock file
npm error Missing: execa@5.1.1 from lock file
npm error Missing: get-stream@6.0.1 from lock file
npm error Missing: human-signals@2.1.0 from lock file
npm error Missing: merge-stream@2.0.0 from lock file
npm error Missing: npm-run-path@4.0.1 from lock file
npm error Missing: onetime@5.1.2 from lock file
npm error Missing: signal-exit@3.0.7 from lock file
npm error Missing: strip-final-newline@2.0.0 from lock file
npm error Missing: @jest/get-type@30.1.0 from lock file
npm error Missing: @jest/test-sequencer@30.2.0 from lock file
npm error Missing: babel-jest@30.2.0 from lock file
npm error Missing: deepmerge@4.3.1 from lock file
npm error Missing: glob@10.4.5 from lock file
npm error Missing: jest-circus@30.2.0 from lock file
npm error Missing: jest-docblock@30.2.0 from lock file
npm error Missing: jest-environment-node@30.2.0 from lock file
npm error Missing: parse-json@5.2.0 from lock file
npm error Missing: @types/babel__core@7.20.5 from lock file
npm error Missing: babel-preset-jest@30.2.0 from lock file
npm error Missing: @types/babel__generator@7.27.0 from lock file
npm error Missing: @types/babel__template@7.4.4 from lock file
npm error Missing: @types/babel__traverse@7.28.0 from lock file
npm error Missing: babel-plugin-jest-hoist@30.2.0 from lock file
npm error Missing: babel-preset-current-node-syntax@1.2.0 from lock file
npm error Missing: @babel/plugin-syntax-async-generators@7.8.4 from lock file
npm error Missing: @babel/plugin-syntax-bigint@7.8.3 from lock file
npm error Missing: @babel/plugin-syntax-class-properties@7.12.13 from lock file
npm error Missing: @babel/plugin-syntax-class-static-block@7.14.5 from lock file
npm error Missing: @babel/plugin-syntax-import-attributes@7.27.1 from lock file
npm error Missing: @babel/plugin-syntax-import-meta@7.10.4 from lock file
npm error Missing: @babel/plugin-syntax-json-strings@7.8.3 from lock file
npm error Missing: @babel/plugin-syntax-logical-assignment-operators@7.10.4 from lock file
npm error Missing: @babel/plugin-syntax-nullish-coalescing-operator@7.8.3 from lock file
npm error Missing: @babel/plugin-syntax-numeric-separator@7.10.4 from lock file
npm error Missing: @babel/plugin-syntax-object-rest-spread@7.8.3 from lock file
npm error Missing: @babel/plugin-syntax-optional-catch-binding@7.8.3 from lock file
npm error Missing: @babel/plugin-syntax-optional-chaining@7.8.3 from lock file
npm error Missing: @babel/plugin-syntax-private-property-in-object@7.14.5 from lock file
npm error Missing: @babel/plugin-syntax-top-level-await@7.14.5 from lock file
npm error Missing: @jest/environment@30.2.0 from lock file
npm error Missing: @jest/expect@30.2.0 from lock file
npm error Missing: co@4.6.0 from lock file
npm error Missing: dedent@1.7.0 from lock file
npm error Missing: is-generator-fn@2.1.0 from lock file
npm error Missing: jest-each@30.2.0 from lock file
npm error Missing: jest-matcher-utils@30.2.0 from lock file
npm error Missing: pure-rand@7.0.1 from lock file
npm error Missing: stack-utils@2.0.6 from lock file
npm error Missing: @jest/fake-timers@30.2.0 from lock file
npm error Missing: jest-mock@30.2.0 from lock file
npm error Missing: expect@30.2.0 from lock file
npm error Missing: @sinonjs/fake-timers@13.0.5 from lock file
npm error Missing: @sinonjs/commons@3.0.1 from lock file
npm error Missing: type-detect@4.0.8 from lock file
npm error Missing: @jest/expect-utils@30.2.0 from lock file
npm error Missing: detect-newline@3.1.0 from lock file
npm error Missing: anymatch@3.1.3 from lock file
npm error Missing: fb-watchman@2.0.2 from lock file
npm error Missing: fsevents@2.3.3 from lock file
npm error Missing: walker@1.0.8 from lock file
npm error Missing: normalize-path@3.0.0 from lock file
npm error Missing: bser@2.1.1 from lock file
npm error Missing: node-int64@0.4.0 from lock file
npm error Missing: jest-diff@30.2.0 from lock file
npm error Missing: @jest/diff-sequences@30.0.1 from lock file
npm error Missing: @types/stack-utils@2.0.3 from lock file
npm error Missing: jest-pnp-resolver@1.2.3 from lock file
npm error Missing: unrs-resolver@1.11.1 from lock file
npm error Missing: emittery@0.13.1 from lock file
npm error Missing: jest-leak-detector@30.2.0 from lock file
npm error Missing: source-map-support@0.5.13 from lock file
npm error Missing: @jest/globals@30.2.0 from lock file
npm error Missing: @jest/source-map@30.0.1 from lock file
npm error Missing: cjs-module-lexer@2.1.1 from lock file
npm error Missing: glob@10.4.5 from lock file
npm error Missing: strip-bom@4.0.0 from lock file
npm error Missing: @babel/plugin-syntax-jsx@7.27.1 from lock file
npm error Missing: @babel/plugin-syntax-typescript@7.27.1 from lock file
npm error Missing: @jest/snapshot-utils@30.2.0 from lock file
npm error Missing: synckit@0.11.11 from lock file
npm error Missing: picomatch@4.0.3 from lock file
npm error Missing: camelcase@6.3.0 from lock file
npm error Missing: leven@3.1.0 from lock file
npm error Missing: supports-color@8.1.1 from lock file
npm error Missing: mimic-fn@2.1.0 from lock file
npm error Missing: error-ex@1.3.4 from lock file
npm error Missing: json-parse-even-better-errors@2.3.1 from lock file
npm error Missing: lines-and-columns@1.2.4 from lock file
npm error Missing: is-arrayish@0.2.1 from lock file
npm error Missing: find-up@4.1.0 from lock file
npm error Missing: ansi-styles@5.2.0 from lock file
npm error Missing: react-is@18.3.1 from lock file
npm error Missing: resolve-from@5.0.0 from lock file
npm error Missing: buffer-from@1.1.2 from lock file
npm error Missing: source-map@0.6.1 from lock file
npm error Missing: escape-string-regexp@2.0.0 from lock file
npm error Missing: char-regex@1.0.2 from lock file
npm error Missing: @pkgr/core@0.2.9 from lock file
npm error Missing: @unrs/resolver-binding-android-arm-eabi@1.11.1 from lock file
npm error Missing: @unrs/resolver-binding-android-arm64@1.11.1 from lock file
npm error Missing: @unrs/resolver-binding-darwin-arm64@1.11.1 from lock file
npm error Missing: @unrs/resolver-binding-darwin-x64@1.11.1 from lock file
npm error Missing: @unrs/resolver-binding-freebsd-x64@1.11.1 from lock file
npm error Missing: @unrs/resolver-binding-linux-arm-gnueabihf@1.11.1 from lock file
npm error Missing: @unrs/resolver-binding-linux-arm-musleabihf@1.11.1 from lock file
npm error Missing: @unrs/resolver-binding-linux-arm64-gnu@1.11.1 from lock file
npm error Missing: @unrs/resolver-binding-linux-arm64-musl@1.11.1 from lock file
npm error Missing: @unrs/resolver-binding-linux-ppc64-gnu@1.11.1 from lock file
npm error Missing: @unrs/resolver-binding-linux-riscv64-gnu@1.11.1 from lock file
npm error Missing: @unrs/resolver-binding-linux-riscv64-musl@1.11.1 from lock file
npm error Missing: @unrs/resolver-binding-linux-s390x-gnu@1.11.1 from lock file
npm error Missing: @unrs/resolver-binding-linux-x64-gnu@1.11.1 from lock file
npm error Missing: @unrs/resolver-binding-linux-x64-musl@1.11.1 from lock file
npm error Missing: @unrs/resolver-binding-wasm32-wasi@1.11.1 from lock file
npm error Missing: @unrs/resolver-binding-win32-arm64-msvc@1.11.1 from lock file
npm error Missing: @unrs/resolver-binding-win32-ia32-msvc@1.11.1 from lock file
npm error Missing: @unrs/resolver-binding-win32-x64-msvc@1.11.1 from lock file
npm error Missing: napi-postinstall@0.3.4 from lock file
npm error Missing: @napi-rs/wasm-runtime@0.2.12 from lock file
npm error Missing: @emnapi/core@1.7.1 from lock file
npm error Missing: @emnapi/runtime@1.7.1 from lock file
npm error Missing: @tybys/wasm-util@0.10.1 from lock file
npm error Missing: @emnapi/wasi-threads@1.1.0 from lock file
npm error Missing: makeerror@1.0.12 from lock file
npm error Missing: tmpl@1.0.5 from lock file
npm error Missing: signal-exit@4.1.0 from lock file
npm error Missing: yallist@3.1.1 from lock file
npm error Missing: locate-path@5.0.0 from lock file
npm error Missing: argparse@1.0.10 from lock file
npm error Missing: esprima@4.0.1 from lock file
npm error Missing: sprintf-js@1.0.3 from lock file
npm error Missing: p-locate@4.1.0 from lock file
npm error Missing: p-limit@2.3.0 from lock file
npm error Missing: p-try@2.2.0 from lock file
npm error Missing: foreground-child@3.3.1 from lock file
npm error Missing: jackspeak@3.4.3 from lock file
npm error Missing: minimatch@9.0.5 from lock file
npm error Missing: minipass@7.1.2 from lock file
npm error Missing: package-json-from-dist@1.0.1 from lock file
npm error Missing: path-scurry@1.11.1 from lock file
npm error Missing: signal-exit@4.1.0 from lock file
npm error Missing: @isaacs/cliui@8.0.2 from lock file
npm error Missing: @pkgjs/parseargs@0.11.0 from lock file
npm error Missing: string-width@5.1.2 from lock file
npm error Missing: string-width-cjs@4.2.3 from lock file
npm error Missing: strip-ansi@7.1.2 from lock file
npm error Missing: strip-ansi-cjs@6.0.1 from lock file
npm error Missing: wrap-ansi@8.1.0 from lock file
npm error Missing: wrap-ansi-cjs@7.0.0 from lock file
npm error Missing: lru-cache@10.4.3 from lock file
npm error Missing: eastasianwidth@0.2.0 from lock file
npm error Missing: emoji-regex@9.2.2 from lock file
npm error Missing: ansi-regex@6.2.2 from lock file
npm error Missing: ansi-styles@6.2.3 from lock file
npm error Missing: brace-expansion@2.0.2 from lock file
npm error Missing: minimatch@9.0.5 from lock file
npm error Missing: brace-expansion@2.0.2 from lock file
npm error Missing: minimatch@9.0.5 from lock file
npm error Missing: brace-expansion@2.0.2 from lock file
npm error Missing: locate-path@5.0.0 from lock file
npm error Missing: p-locate@4.1.0 from lock file
npm error Missing: p-limit@2.3.0 from lock file
npm error
npm error Clean install a project
npm error
npm error Usage:
npm error npm ci
npm error
npm error Options:
npm error [--install-strategy <hoisted|nested|shallow|linked>] [--legacy-bundling]
npm error [--global-style] [--omit <dev|optional|peer> [--omit <dev|optional|peer> ...]]
npm error [--include <prod|dev|optional|peer> [--include <prod|dev|optional|peer> ...]]
npm error [--strict-peer-deps] [--foreground-scripts] [--ignore-scripts] [--no-audit]
npm error [--no-bin-links] [--no-fund] [--dry-run]
npm error [-w|--workspace <workspace-name> [-w|--workspace <workspace-name> ...]]
npm error [-ws|--workspaces] [--include-workspace-root] [--install-links]
npm error
npm error aliases: clean-install, ic, install-clean, isntall-clean
npm error
npm error Run "npm help ci" for more info
npm error A complete log of this run can be found in: /www-data-home/.npm/_logs/2025-11-17T01_30_51_184Z-debug-0.log. For more details see the logs at https://console.cloud.google.com/cloud-build/builds;region=us-central1/cd29994c-8f78-4ee1-b8f3-f03872edb4fd?project=388226025861.
[debug] [2025-11-17T01:31:45.966Z] Total Function Deployment time: 152689
[debug] [2025-11-17T01:31:45.966Z] 6 Functions Deployed
[debug] [2025-11-17T01:31:45.966Z] 6 Functions Errored
[debug] [2025-11-17T01:31:45.966Z] 0 Function Deployments Aborted
[debug] [2025-11-17T01:31:45.966Z] Average Function Deployment time: 120137.16666666667
[info] 
[info] Functions deploy had errors with the following functions:
	onImageFinalize(europe-west3)
	onVideoFinalize(europe-west3)
	generateDownloadUrl(us-central1)
	migrateArtworksToAssets(us-central1)
	regenerateDownloadUrl(us-central1)
	validateDelete(us-central1)
[debug] [2025-11-17T01:31:45.969Z] Checked if tokens are valid: true, expires at: 1763345488902
[debug] [2025-11-17T01:31:45.969Z] Checked if tokens are valid: true, expires at: 1763345488902
[debug] [2025-11-17T01:31:45.969Z] Checked if tokens are valid: true, expires at: 1763345488902
[debug] [2025-11-17T01:31:45.969Z] Checked if tokens are valid: true, expires at: 1763345488902
[debug] [2025-11-17T01:31:45.969Z] >>> [apiv2][query] GET https://artifactregistry.googleapis.com/v1/projects/laura-butallo-web/locations/europe-west3/repositories/gcf-artifacts [none]
[debug] [2025-11-17T01:31:45.973Z] >>> [apiv2][query] GET https://artifactregistry.googleapis.com/v1/projects/laura-butallo-web/locations/us-central1/repositories/gcf-artifacts [none]
[debug] [2025-11-17T01:31:46.216Z] <<< [apiv2][status] GET https://artifactregistry.googleapis.com/v1/projects/laura-butallo-web/locations/europe-west3/repositories/gcf-artifacts 200
[debug] [2025-11-17T01:31:46.216Z] <<< [apiv2][body] GET https://artifactregistry.googleapis.com/v1/projects/laura-butallo-web/locations/europe-west3/repositories/gcf-artifacts {"name":"projects/laura-butallo-web/locations/europe-west3/repositories/gcf-artifacts","format":"DOCKER","description":"This repository is created and used by Cloud Functions for storing function docker images.","labels":{"goog-managed-by":"cloudfunctions"},"createTime":"2025-11-16T22:13:39.884646Z","updateTime":"2025-11-17T01:13:34.814441Z","mode":"STANDARD_REPOSITORY","cleanupPolicies":{"firebase-functions-cleanup":{"id":"firebase-functions-cleanup","action":"DELETE","condition":{"tagState":"ANY","olderThan":"86400s"}}},"sizeBytes":"578999756","satisfiesPzs":true,"vulnerabilityScanningConfig":{"lastEnableTime":"2025-11-16T22:13:31.296834238Z","enablementState":"SCANNING_DISABLED","enablementStateReason":"API containerscanning.googleapis.com is not enabled."},"satisfiesPzi":true,"registryUri":"europe-west3-docker.pkg.dev/laura-butallo-web/gcf-artifacts"}
[debug] [2025-11-17T01:31:46.794Z] <<< [apiv2][status] GET https://artifactregistry.googleapis.com/v1/projects/laura-butallo-web/locations/us-central1/repositories/gcf-artifacts 200
[debug] [2025-11-17T01:31:46.794Z] <<< [apiv2][body] GET https://artifactregistry.googleapis.com/v1/projects/laura-butallo-web/locations/us-central1/repositories/gcf-artifacts {"name":"projects/laura-butallo-web/locations/us-central1/repositories/gcf-artifacts","format":"DOCKER","description":"This repository is created and used by Cloud Functions for storing function docker images.","labels":{"goog-managed-by":"cloudfunctions"},"createTime":"2025-11-16T21:45:45.068758Z","updateTime":"2025-11-17T01:13:11.279397Z","mode":"STANDARD_REPOSITORY","cleanupPolicies":{"firebase-functions-cleanup":{"id":"firebase-functions-cleanup","action":"DELETE","condition":{"tagState":"ANY","olderThan":"86400s"}}},"sizeBytes":"579005982","vulnerabilityScanningConfig":{"lastEnableTime":"2025-11-16T21:45:30.516702317Z","enablementState":"SCANNING_DISABLED","enablementStateReason":"API containerscanning.googleapis.com is not enabled."},"satisfiesPzi":true,"registryUri":"us-central1-docker.pkg.dev/laura-butallo-web/gcf-artifacts"}
[debug] [2025-11-17T01:31:46.794Z] Functions deploy failed.
[debug] [2025-11-17T01:31:46.795Z] {
  "endpoint": {
    "id": "onImageFinalize",
    "project": "laura-butallo-web",
    "region": "europe-west3",
    "entryPoint": "onImageFinalize",
    "platform": "gcfv2",
    "runtime": "nodejs22",
    "eventTrigger": {
      "eventType": "google.cloud.storage.object.v1.finalized",
      "retry": false,
      "eventFilters": {
        "bucket": "laura-butallo-web.firebasestorage.app"
      },
      "region": "eu"
    },
    "labels": {
      "deployment-tool": "cli-firebase"
    },
    "serviceAccount": null,
    "ingressSettings": null,
    "availableMemoryMb": null,
    "timeoutSeconds": null,
    "maxInstances": 10,
    "minInstances": null,
    "concurrency": 80,
    "vpc": null,
    "environmentVariables": {
      "FIREBASE_CONFIG": "{\"projectId\":\"laura-butallo-web\",\"storageBucket\":\"laura-butallo-web.firebasestorage.app\"}",
      "GCLOUD_PROJECT": "laura-butallo-web",
      "EVENTARC_CLOUD_EVENT_SOURCE": "projects/laura-butallo-web/locations/europe-west3/services/onImageFinalize",
      "FUNCTION_SIGNATURE_TYPE": "cloudevent",
      "FUNCTION_TARGET": "onImageFinalize",
      "LOG_EXECUTION_ID": "true"
    },
    "codebase": "default",
    "runServiceId": "onimagefinalize",
    "cpu": 1,
    "securityLevel": "SECURE_ALWAYS",
    "targetedByOnly": false,
    "hash": "d11ed15f804aa79f0f35be9712b2470e6e47da66"
  },
  "op": "update",
  "original": {
    "name": "FirebaseError",
    "children": [],
    "exit": 1,
    "message": "Build failed with status: FAILURE and message: npm error code EUSAGE\nnpm error\nnpm error `npm ci` can only install packages when your package.json and package-lock.json or npm-shrinkwrap.json are in sync. Please update your lock file with `npm install` before continuing.\nnpm error\nnpm error Missing: jest@30.2.0 from lock file\nnpm error Missing: @jest/core@30.2.0 from lock file\nnpm error Missing: @jest/types@30.2.0 from lock file\nnpm error Missing: import-local@3.2.0 from lock file\nnpm error Missing: jest-cli@30.2.0 from lock file\nnpm error Missing: @jest/console@30.2.0 from lock file\nnpm error Missing: @jest/pattern@30.0.1 from lock file\nnpm error Missing: @jest/reporters@30.2.0 from lock file\nnpm error Missing: @jest/test-result@30.2.0 from lock file\nnpm error Missing: @jest/transform@30.2.0 from lock file\nnpm error Missing: ansi-escapes@4.3.2 from lock file\nnpm error Missing: ci-info@4.3.1 from lock file\nnpm error Missing: exit-x@0.2.2 from lock file\nnpm error Missing: graceful-fs@4.2.11 from lock file\nnpm error Missing: jest-changed-files@30.2.0 from lock file\nnpm error Missing: jest-config@30.2.0 from lock file\nnpm error Missing: jest-haste-map@30.2.0 from lock file\nnpm error Missing: jest-message-util@30.2.0 from lock file\nnpm error Missing: jest-regex-util@30.0.1 from lock file\nnpm error Missing: jest-resolve@30.2.0 from lock file\nnpm error Missing: jest-resolve-dependencies@30.2.0 from lock file\nnpm error Missing: jest-runner@30.2.0 from lock file\nnpm error Missing: jest-runtime@30.2.0 from lock file\nnpm error Missing: jest-snapshot@30.2.0 from lock file\nnpm error Missing: jest-util@30.2.0 from lock file\nnpm error Missing: jest-validate@30.2.0 from lock file\nnpm error Missing: jest-watcher@30.2.0 from lock file\nnpm error Missing: pretty-format@30.2.0 from lock file\nnpm error Missing: @bcoe/v8-coverage@0.2.3 from lock file\nnpm error Missing: @jridgewell/trace-mapping@0.3.31 from lock file\nnpm error Missing: collect-v8-coverage@1.0.3 from lock file\nnpm error Missing: glob@10.4.5 from lock file\nnpm error Missing: istanbul-lib-coverage@3.2.2 from lock file\nnpm error Missing: istanbul-lib-instrument@6.0.3 from lock file\nnpm error Missing: istanbul-lib-report@3.0.1 from lock file\nnpm error Missing: istanbul-lib-source-maps@5.0.6 from lock file\nnpm error Missing: istanbul-reports@3.2.0 from lock file\nnpm error Missing: jest-worker@30.2.0 from lock file\nnpm error Missing: string-length@4.0.2 from lock file\nnpm error Missing: v8-to-istanbul@9.3.0 from lock file\nnpm error Missing: @types/istanbul-lib-coverage@2.0.6 from lock file\nnpm error Missing: @babel/core@7.28.5 from lock file\nnpm error Missing: babel-plugin-istanbul@7.0.1 from lock file\nnpm error Missing: convert-source-map@2.0.0 from lock file\nnpm error Missing: pirates@4.0.7 from lock file\nnpm error Missing: write-file-atomic@5.0.1 from lock file\nnpm error Missing: @babel/code-frame@7.27.1 from lock file\nnpm error Missing: @babel/generator@7.28.5 from lock file\nnpm error Missing: @babel/helper-compilation-targets@7.27.2 from lock file\nnpm error Missing: @babel/helper-module-transforms@7.28.3 from lock file\nnpm error Missing: @babel/helpers@7.28.4 from lock file\nnpm error Missing: @babel/parser@7.28.5 from lock file\nnpm error Missing: @babel/template@7.27.2 from lock file\nnpm error Missing: @babel/traverse@7.28.5 from lock file\nnpm error Missing: @babel/types@7.28.5 from lock file\nnpm error Missing: @jridgewell/remapping@2.3.5 from lock file\nnpm error Missing: gensync@1.0.0-beta.2 from lock file\nnpm error Missing: json5@2.2.3 from lock file\nnpm error Missing: semver@6.3.1 from lock file\nnpm error Missing: @babel/helper-validator-identifier@7.28.5 from lock file\nnpm error Missing: js-tokens@4.0.0 from lock file\nnpm error Missing: picocolors@1.1.1 from lock file\nnpm error Missing: @jridgewell/gen-mapping@0.3.13 from lock file\nnpm error Missing: jsesc@3.1.0 from lock file\nnpm error Missing: @babel/compat-data@7.28.5 from lock file\nnpm error Missing: @babel/helper-validator-option@7.27.1 from lock file\nnpm error Missing: browserslist@4.28.0 from lock file\nnpm error Missing: lru-cache@5.1.1 from lock file\nnpm error Missing: semver@6.3.1 from lock file\nnpm error Missing: @babel/helper-module-imports@7.27.1 from lock file\nnpm error Missing: @babel/helper-globals@7.28.0 from lock file\nnpm error Missing: @babel/helper-string-parser@7.27.1 from lock file\nnpm error Missing: @jest/schemas@30.0.5 from lock file\nnpm error Missing: @types/istanbul-reports@3.0.4 from lock file\nnpm error Missing: @types/yargs@17.0.35 from lock file\nnpm error Missing: @sinclair/typebox@0.34.41 from lock file\nnpm error Missing: @jridgewell/sourcemap-codec@1.5.5 from lock file\nnpm error Missing: @jridgewell/resolve-uri@3.1.2 from lock file\nnpm error Missing: @types/istanbul-lib-report@3.0.3 from lock file\nnpm error Missing: @types/yargs-parser@21.0.3 from lock file\nnpm error Missing: type-fest@0.21.3 from lock file\nnpm error Missing: @babel/helper-plugin-utils@7.27.1 from lock file\nnpm error Missing: @istanbuljs/load-nyc-config@1.1.0 from lock file\nnpm error Missing: @istanbuljs/schema@0.1.3 from lock file\nnpm error Missing: test-exclude@6.0.0 from lock file\nnpm error Missing: camelcase@5.3.1 from lock file\nnpm error Missing: find-up@4.1.0 from lock file\nnpm error Missing: get-package-type@0.1.0 from lock file\nnpm error Missing: js-yaml@3.14.2 from lock file\nnpm error Missing: resolve-from@5.0.0 from lock file\nnpm error Missing: baseline-browser-mapping@2.8.28 from lock file\nnpm error Missing: caniuse-lite@1.0.30001755 from lock file\nnpm error Missing: electron-to-chromium@1.5.254 from lock file\nnpm error Missing: node-releases@2.0.27 from lock file\nnpm error Missing: update-browserslist-db@1.1.4 from lock file\nnpm error Missing: pkg-dir@4.2.0 from lock file\nnpm error Missing: resolve-cwd@3.0.0 from lock file\nnpm error Missing: make-dir@4.0.0 from lock file\nnpm error Missing: html-escaper@2.0.2 from lock file\nnpm error Missing: execa@5.1.1 from lock file\nnpm error Missing: get-stream@6.0.1 from lock file\nnpm error Missing: human-signals@2.1.0 from lock file\nnpm error Missing: merge-stream@2.0.0 from lock file\nnpm error Missing: npm-run-path@4.0.1 from lock file\nnpm error Missing: onetime@5.1.2 from lock file\nnpm error Missing: signal-exit@3.0.7 from lock file\nnpm error Missing: strip-final-newline@2.0.0 from lock file\nnpm error Missing: @jest/get-type@30.1.0 from lock file\nnpm error Missing: @jest/test-sequencer@30.2.0 from lock file\nnpm error Missing: babel-jest@30.2.0 from lock file\nnpm error Missing: deepmerge@4.3.1 from lock file\nnpm error Missing: glob@10.4.5 from lock file\nnpm error Missing: jest-circus@30.2.0 from lock file\nnpm error Missing: jest-docblock@30.2.0 from lock file\nnpm error Missing: jest-environment-node@30.2.0 from lock file\nnpm error Missing: parse-json@5.2.0 from lock file\nnpm error Missing: @types/babel__core@7.20.5 from lock file\nnpm error Missing: babel-preset-jest@30.2.0 from lock file\nnpm error Missing: @types/babel__generator@7.27.0 from lock file\nnpm error Missing: @types/babel__template@7.4.4 from lock file\nnpm error Missing: @types/babel__traverse@7.28.0 from lock file\nnpm error Missing: babel-plugin-jest-hoist@30.2.0 from lock file\nnpm error Missing: babel-preset-current-node-syntax@1.2.0 from lock file\nnpm error Missing: @babel/plugin-syntax-async-generators@7.8.4 from lock file\nnpm error Missing: @babel/plugin-syntax-bigint@7.8.3 from lock file\nnpm error Missing: @babel/plugin-syntax-class-properties@7.12.13 from lock file\nnpm error Missing: @babel/plugin-syntax-class-static-block@7.14.5 from lock file\nnpm error Missing: @babel/plugin-syntax-import-attributes@7.27.1 from lock file\nnpm error Missing: @babel/plugin-syntax-import-meta@7.10.4 from lock file\nnpm error Missing: @babel/plugin-syntax-json-strings@7.8.3 from lock file\nnpm error Missing: @babel/plugin-syntax-logical-assignment-operators@7.10.4 from lock file\nnpm error Missing: @babel/plugin-syntax-nullish-coalescing-operator@7.8.3 from lock file\nnpm error Missing: @babel/plugin-syntax-numeric-separator@7.10.4 from lock file\nnpm error Missing: @babel/plugin-syntax-object-rest-spread@7.8.3 from lock file\nnpm error Missing: @babel/plugin-syntax-optional-catch-binding@7.8.3 from lock file\nnpm error Missing: @babel/plugin-syntax-optional-chaining@7.8.3 from lock file\nnpm error Missing: @babel/plugin-syntax-private-property-in-object@7.14.5 from lock file\nnpm error Missing: @babel/plugin-syntax-top-level-await@7.14.5 from lock file\nnpm error Missing: @jest/environment@30.2.0 from lock file\nnpm error Missing: @jest/expect@30.2.0 from lock file\nnpm error Missing: co@4.6.0 from lock file\nnpm error Missing: dedent@1.7.0 from lock file\nnpm error Missing: is-generator-fn@2.1.0 from lock file\nnpm error Missing: jest-each@30.2.0 from lock file\nnpm error Missing: jest-matcher-utils@30.2.0 from lock file\nnpm error Missing: pure-rand@7.0.1 from lock file\nnpm error Missing: stack-utils@2.0.6 from lock file\nnpm error Missing: @jest/fake-timers@30.2.0 from lock file\nnpm error Missing: jest-mock@30.2.0 from lock file\nnpm error Missing: expect@30.2.0 from lock file\nnpm error Missing: @sinonjs/fake-timers@13.0.5 from lock file\nnpm error Missing: @sinonjs/commons@3.0.1 from lock file\nnpm error Missing: type-detect@4.0.8 from lock file\nnpm error Missing: @jest/expect-utils@30.2.0 from lock file\nnpm error Missing: detect-newline@3.1.0 from lock file\nnpm error Missing: anymatch@3.1.3 from lock file\nnpm error Missing: fb-watchman@2.0.2 from lock file\nnpm error Missing: fsevents@2.3.3 from lock file\nnpm error Missing: walker@1.0.8 from lock file\nnpm error Missing: normalize-path@3.0.0 from lock file\nnpm error Missing: bser@2.1.1 from lock file\nnpm error Missing: node-int64@0.4.0 from lock file\nnpm error Missing: jest-diff@30.2.0 from lock file\nnpm error Missing: @jest/diff-sequences@30.0.1 from lock file\nnpm error Missing: @types/stack-utils@2.0.3 from lock file\nnpm error Missing: jest-pnp-resolver@1.2.3 from lock file\nnpm error Missing: unrs-resolver@1.11.1 from lock file\nnpm error Missing: emittery@0.13.1 from lock file\nnpm error Missing: jest-leak-detector@30.2.0 from lock file\nnpm error Missing: source-map-support@0.5.13 from lock file\nnpm error Missing: @jest/globals@30.2.0 from lock file\nnpm error Missing: @jest/source-map@30.0.1 from lock file\nnpm error Missing: cjs-module-lexer@2.1.1 from lock file\nnpm error Missing: glob@10.4.5 from lock file\nnpm error Missing: strip-bom@4.0.0 from lock file\nnpm error Missing: @babel/plugin-syntax-jsx@7.27.1 from lock file\nnpm error Missing: @babel/plugin-syntax-typescript@7.27.1 from lock file\nnpm error Missing: @jest/snapshot-utils@30.2.0 from lock file\nnpm error Missing: synckit@0.11.11 from lock file\nnpm error Missing: picomatch@4.0.3 from lock file\nnpm error Missing: camelcase@6.3.0 from lock file\nnpm error Missing: leven@3.1.0 from lock file\nnpm error Missing: supports-color@8.1.1 from lock file\nnpm error Missing: mimic-fn@2.1.0 from lock file\nnpm error Missing: error-ex@1.3.4 from lock file\nnpm error Missing: json-parse-even-better-errors@2.3.1 from lock file\nnpm error Missing: lines-and-columns@1.2.4 from lock file\nnpm error Missing: is-arrayish@0.2.1 from lock file\nnpm error Missing: find-up@4.1.0 from lock file\nnpm error Missing: ansi-styles@5.2.0 from lock file\nnpm error Missing: react-is@18.3.1 from lock file\nnpm error Missing: resolve-from@5.0.0 from lock file\nnpm error Missing: buffer-from@1.1.2 from lock file\nnpm error Missing: source-map@0.6.1 from lock file\nnpm error Missing: escape-string-regexp@2.0.0 from lock file\nnpm error Missing: char-regex@1.0.2 from lock file\nnpm error Missing: @pkgr/core@0.2.9 from lock file\nnpm error Missing: @unrs/resolver-binding-android-arm-eabi@1.11.1 from lock file\nnpm error Missing: @unrs/resolver-binding-android-arm64@1.11.1 from lock file\nnpm error Missing: @unrs/resolver-binding-darwin-arm64@1.11.1 from lock file\nnpm error Missing: @unrs/resolver-binding-darwin-x64@1.11.1 from lock file\nnpm error Missing: @unrs/resolver-binding-freebsd-x64@1.11.1 from lock file\nnpm error Missing: @unrs/resolver-binding-linux-arm-gnueabihf@1.11.1 from lock file\nnpm error Missing: @unrs/resolver-binding-linux-arm-musleabihf@1.11.1 from lock file\nnpm error Missing: @unrs/resolver-binding-linux-arm64-gnu@1.11.1 from lock file\nnpm error Missing: @unrs/resolver-binding-linux-arm64-musl@1.11.1 from lock file\nnpm error Missing: @unrs/resolver-binding-linux-ppc64-gnu@1.11.1 from lock file\nnpm error Missing: @unrs/resolver-binding-linux-riscv64-gnu@1.11.1 from lock file\nnpm error Missing: @unrs/resolver-binding-linux-riscv64-musl@1.11.1 from lock file\nnpm error Missing: @unrs/resolver-binding-linux-s390x-gnu@1.11.1 from lock file\nnpm error Missing: @unrs/resolver-binding-linux-x64-gnu@1.11.1 from lock file\nnpm error Missing: @unrs/resolver-binding-linux-x64-musl@1.11.1 from lock file\nnpm error Missing: @unrs/resolver-binding-wasm32-wasi@1.11.1 from lock file\nnpm error Missing: @unrs/resolver-binding-win32-arm64-msvc@1.11.1 from lock file\nnpm error Missing: @unrs/resolver-binding-win32-ia32-msvc@1.11.1 from lock file\nnpm error Missing: @unrs/resolver-binding-win32-x64-msvc@1.11.1 from lock file\nnpm error Missing: napi-postinstall@0.3.4 from lock file\nnpm error Missing: @napi-rs/wasm-runtime@0.2.12 from lock file\nnpm error Missing: @emnapi/core@1.7.1 from lock file\nnpm error Missing: @emnapi/runtime@1.7.1 from lock file\nnpm error Missing: @tybys/wasm-util@0.10.1 from lock file\nnpm error Missing: @emnapi/wasi-threads@1.1.0 from lock file\nnpm error Missing: makeerror@1.0.12 from lock file\nnpm error Missing: tmpl@1.0.5 from lock file\nnpm error Missing: signal-exit@4.1.0 from lock file\nnpm error Missing: yallist@3.1.1 from lock file\nnpm error Missing: locate-path@5.0.0 from lock file\nnpm error Missing: argparse@1.0.10 from lock file\nnpm error Missing: esprima@4.0.1 from lock file\nnpm error Missing: sprintf-js@1.0.3 from lock file\nnpm error Missing: p-locate@4.1.0 from lock file\nnpm error Missing: p-limit@2.3.0 from lock file\nnpm error Missing: p-try@2.2.0 from lock file\nnpm error Missing: foreground-child@3.3.1 from lock file\nnpm error Missing: jackspeak@3.4.3 from lock file\nnpm error Missing: minimatch@9.0.5 from lock file\nnpm error Missing: minipass@7.1.2 from lock file\nnpm error Missing: package-json-from-dist@1.0.1 from lock file\nnpm error Missing: path-scurry@1.11.1 from lock file\nnpm error Missing: signal-exit@4.1.0 from lock file\nnpm error Missing: @isaacs/cliui@8.0.2 from lock file\nnpm error Missing: @pkgjs/parseargs@0.11.0 from lock file\nnpm error Missing: string-width@5.1.2 from lock file\nnpm error Missing: string-width-cjs@4.2.3 from lock file\nnpm error Missing: strip-ansi@7.1.2 from lock file\nnpm error Missing: strip-ansi-cjs@6.0.1 from lock file\nnpm error Missing: wrap-ansi@8.1.0 from lock file\nnpm error Missing: wrap-ansi-cjs@7.0.0 from lock file\nnpm error Missing: lru-cache@10.4.3 from lock file\nnpm error Missing: eastasianwidth@0.2.0 from lock file\nnpm error Missing: emoji-regex@9.2.2 from lock file\nnpm error Missing: ansi-regex@6.2.2 from lock file\nnpm error Missing: ansi-styles@6.2.3 from lock file\nnpm error Missing: brace-expansion@2.0.2 from lock file\nnpm error Missing: minimatch@9.0.5 from lock file\nnpm error Missing: brace-expansion@2.0.2 from lock file\nnpm error Missing: minimatch@9.0.5 from lock file\nnpm error Missing: brace-expansion@2.0.2 from lock file\nnpm error Missing: locate-path@5.0.0 from lock file\nnpm error Missing: p-locate@4.1.0 from lock file\nnpm error Missing: p-limit@2.3.0 from lock file\nnpm error\nnpm error Clean install a project\nnpm error\nnpm error Usage:\nnpm error npm ci\nnpm error\nnpm error Options:\nnpm error [--install-strategy <hoisted|nested|shallow|linked>] [--legacy-bundling]\nnpm error [--global-style] [--omit <dev|optional|peer> [--omit <dev|optional|peer> ...]]\nnpm error [--include <prod|dev|optional|peer> [--include <prod|dev|optional|peer> ...]]\nnpm error [--strict-peer-deps] [--foreground-scripts] [--ignore-scripts] [--no-audit]\nnpm error [--no-bin-links] [--no-fund] [--dry-run]\nnpm error [-w|--workspace <workspace-name> [-w|--workspace <workspace-name> ...]]\nnpm error [-ws|--workspaces] [--include-workspace-root] [--install-links]\nnpm error\nnpm error aliases: clean-install, ic, install-clean, isntall-clean\nnpm error\nnpm error Run \"npm help ci\" for more info\nnpm error A complete log of this run can be found in: /www-data-home/.npm/_logs/2025-11-17T01_29_35_063Z-debug-0.log. For more details see the logs at https://console.cloud.google.com/cloud-build/builds;region=europe-west3/8628bd50-775e-446b-a58d-eaa6a98dfce7?project=388226025861.",
    "original": {
      "code": 3,
      "message": "Build failed with status: FAILURE and message: npm error code EUSAGE\nnpm error\nnpm error `npm ci` can only install packages when your package.json and package-lock.json or npm-shrinkwrap.json are in sync. Please update your lock file with `npm install` before continuing.\nnpm error\nnpm error Missing: jest@30.2.0 from lock file\nnpm error Missing: @jest/core@30.2.0 from lock file\nnpm error Missing: @jest/types@30.2.0 from lock file\nnpm error Missing: import-local@3.2.0 from lock file\nnpm error Missing: jest-cli@30.2.0 from lock file\nnpm error Missing: @jest/console@30.2.0 from lock file\nnpm error Missing: @jest/pattern@30.0.1 from lock file\nnpm error Missing: @jest/reporters@30.2.0 from lock file\nnpm error Missing: @jest/test-result@30.2.0 from lock file\nnpm error Missing: @jest/transform@30.2.0 from lock file\nnpm error Missing: ansi-escapes@4.3.2 from lock file\nnpm error Missing: ci-info@4.3.1 from lock file\nnpm error Missing: exit-x@0.2.2 from lock file\nnpm error Missing: graceful-fs@4.2.11 from lock file\nnpm error Missing: jest-changed-files@30.2.0 from lock file\nnpm error Missing: jest-config@30.2.0 from lock file\nnpm error Missing: jest-haste-map@30.2.0 from lock file\nnpm error Missing: jest-message-util@30.2.0 from lock file\nnpm error Missing: jest-regex-util@30.0.1 from lock file\nnpm error Missing: jest-resolve@30.2.0 from lock file\nnpm error Missing: jest-resolve-dependencies@30.2.0 from lock file\nnpm error Missing: jest-runner@30.2.0 from lock file\nnpm error Missing: jest-runtime@30.2.0 from lock file\nnpm error Missing: jest-snapshot@30.2.0 from lock file\nnpm error Missing: jest-util@30.2.0 from lock file\nnpm error Missing: jest-validate@30.2.0 from lock file\nnpm error Missing: jest-watcher@30.2.0 from lock file\nnpm error Missing: pretty-format@30.2.0 from lock file\nnpm error Missing: @bcoe/v8-coverage@0.2.3 from lock file\nnpm error Missing: @jridgewell/trace-mapping@0.3.31 from lock file\nnpm error Missing: collect-v8-coverage@1.0.3 from lock file\nnpm error Missing: glob@10.4.5 from lock file\nnpm error Missing: istanbul-lib-coverage@3.2.2 from lock file\nnpm error Missing: istanbul-lib-instrument@6.0.3 from lock file\nnpm error Missing: istanbul-lib-report@3.0.1 from lock file\nnpm error Missing: istanbul-lib-source-maps@5.0.6 from lock file\nnpm error Missing: istanbul-reports@3.2.0 from lock file\nnpm error Missing: jest-worker@30.2.0 from lock file\nnpm error Missing: string-length@4.0.2 from lock file\nnpm error Missing: v8-to-istanbul@9.3.0 from lock file\nnpm error Missing: @types/istanbul-lib-coverage@2.0.6 from lock file\nnpm error Missing: @babel/core@7.28.5 from lock file\nnpm error Missing: babel-plugin-istanbul@7.0.1 from lock file\nnpm error Missing: convert-source-map@2.0.0 from lock file\nnpm error Missing: pirates@4.0.7 from lock file\nnpm error Missing: write-file-atomic@5.0.1 from lock file\nnpm error Missing: @babel/code-frame@7.27.1 from lock file\nnpm error Missing: @babel/generator@7.28.5 from lock file\nnpm error Missing: @babel/helper-compilation-targets@7.27.2 from lock file\nnpm error Missing: @babel/helper-module-transforms@7.28.3 from lock file\nnpm error Missing: @babel/helpers@7.28.4 from lock file\nnpm error Missing: @babel/parser@7.28.5 from lock file\nnpm error Missing: @babel/template@7.27.2 from lock file\nnpm error Missing: @babel/traverse@7.28.5 from lock file\nnpm error Missing: @babel/types@7.28.5 from lock file\nnpm error Missing: @jridgewell/remapping@2.3.5 from lock file\nnpm error Missing: gensync@1.0.0-beta.2 from lock file\nnpm error Missing: json5@2.2.3 from lock file\nnpm error Missing: semver@6.3.1 from lock file\nnpm error Missing: @babel/helper-validator-identifier@7.28.5 from lock file\nnpm error Missing: js-tokens@4.0.0 from lock file\nnpm error Missing: picocolors@1.1.1 from lock file\nnpm error Missing: @jridgewell/gen-mapping@0.3.13 from lock file\nnpm error Missing: jsesc@3.1.0 from lock file\nnpm error Missing: @babel/compat-data@7.28.5 from lock file\nnpm error Missing: @babel/helper-validator-option@7.27.1 from lock file\nnpm error Missing: browserslist@4.28.0 from lock file\nnpm error Missing: lru-cache@5.1.1 from lock file\nnpm error Missing: semver@6.3.1 from lock file\nnpm error Missing: @babel/helper-module-imports@7.27.1 from lock file\nnpm error Missing: @babel/helper-globals@7.28.0 from lock file\nnpm error Missing: @babel/helper-string-parser@7.27.1 from lock file\nnpm error Missing: @jest/schemas@30.0.5 from lock file\nnpm error Missing: @types/istanbul-reports@3.0.4 from lock file\nnpm error Missing: @types/yargs@17.0.35 from lock file\nnpm error Missing: @sinclair/typebox@0.34.41 from lock file\nnpm error Missing: @jridgewell/sourcemap-codec@1.5.5 from lock file\nnpm error Missing: @jridgewell/resolve-uri@3.1.2 from lock file\nnpm error Missing: @types/istanbul-lib-report@3.0.3 from lock file\nnpm error Missing: @types/yargs-parser@21.0.3 from lock file\nnpm error Missing: type-fest@0.21.3 from lock file\nnpm error Missing: @babel/helper-plugin-utils@7.27.1 from lock file\nnpm error Missing: @istanbuljs/load-nyc-config@1.1.0 from lock file\nnpm error Missing: @istanbuljs/schema@0.1.3 from lock file\nnpm error Missing: test-exclude@6.0.0 from lock file\nnpm error Missing: camelcase@5.3.1 from lock file\nnpm error Missing: find-up@4.1.0 from lock file\nnpm error Missing: get-package-type@0.1.0 from lock file\nnpm error Missing: js-yaml@3.14.2 from lock file\nnpm error Missing: resolve-from@5.0.0 from lock file\nnpm error Missing: baseline-browser-mapping@2.8.28 from lock file\nnpm error Missing: caniuse-lite@1.0.30001755 from lock file\nnpm error Missing: electron-to-chromium@1.5.254 from lock file\nnpm error Missing: node-releases@2.0.27 from lock file\nnpm error Missing: update-browserslist-db@1.1.4 from lock file\nnpm error Missing: pkg-dir@4.2.0 from lock file\nnpm error Missing: resolve-cwd@3.0.0 from lock file\nnpm error Missing: make-dir@4.0.0 from lock file\nnpm error Missing: html-escaper@2.0.2 from lock file\nnpm error Missing: execa@5.1.1 from lock file\nnpm error Missing: get-stream@6.0.1 from lock file\nnpm error Missing: human-signals@2.1.0 from lock file\nnpm error Missing: merge-stream@2.0.0 from lock file\nnpm error Missing: npm-run-path@4.0.1 from lock file\nnpm error Missing: onetime@5.1.2 from lock file\nnpm error Missing: signal-exit@3.0.7 from lock file\nnpm error Missing: strip-final-newline@2.0.0 from lock file\nnpm error Missing: @jest/get-type@30.1.0 from lock file\nnpm error Missing: @jest/test-sequencer@30.2.0 from lock file\nnpm error Missing: babel-jest@30.2.0 from lock file\nnpm error Missing: deepmerge@4.3.1 from lock file\nnpm error Missing: glob@10.4.5 from lock file\nnpm error Missing: jest-circus@30.2.0 from lock file\nnpm error Missing: jest-docblock@30.2.0 from lock file\nnpm error Missing: jest-environment-node@30.2.0 from lock file\nnpm error Missing: parse-json@5.2.0 from lock file\nnpm error Missing: @types/babel__core@7.20.5 from lock file\nnpm error Missing: babel-preset-jest@30.2.0 from lock file\nnpm error Missing: @types/babel__generator@7.27.0 from lock file\nnpm error Missing: @types/babel__template@7.4.4 from lock file\nnpm error Missing: @types/babel__traverse@7.28.0 from lock file\nnpm error Missing: babel-plugin-jest-hoist@30.2.0 from lock file\nnpm error Missing: babel-preset-current-node-syntax@1.2.0 from lock file\nnpm error Missing: @babel/plugin-syntax-async-generators@7.8.4 from lock file\nnpm error Missing: @babel/plugin-syntax-bigint@7.8.3 from lock file\nnpm error Missing: @babel/plugin-syntax-class-properties@7.12.13 from lock file\nnpm error Missing: @babel/plugin-syntax-class-static-block@7.14.5 from lock file\nnpm error Missing: @babel/plugin-syntax-import-attributes@7.27.1 from lock file\nnpm error Missing: @babel/plugin-syntax-import-meta@7.10.4 from lock file\nnpm error Missing: @babel/plugin-syntax-json-strings@7.8.3 from lock file\nnpm error Missing: @babel/plugin-syntax-logical-assignment-operators@7.10.4 from lock file\nnpm error Missing: @babel/plugin-syntax-nullish-coalescing-operator@7.8.3 from lock file\nnpm error Missing: @babel/plugin-syntax-numeric-separator@7.10.4 from lock file\nnpm error Missing: @babel/plugin-syntax-object-rest-spread@7.8.3 from lock file\nnpm error Missing: @babel/plugin-syntax-optional-catch-binding@7.8.3 from lock file\nnpm error Missing: @babel/plugin-syntax-optional-chaining@7.8.3 from lock file\nnpm error Missing: @babel/plugin-syntax-private-property-in-object@7.14.5 from lock file\nnpm error Missing: @babel/plugin-syntax-top-level-await@7.14.5 from lock file\nnpm error Missing: @jest/environment@30.2.0 from lock file\nnpm error Missing: @jest/expect@30.2.0 from lock file\nnpm error Missing: co@4.6.0 from lock file\nnpm error Missing: dedent@1.7.0 from lock file\nnpm error Missing: is-generator-fn@2.1.0 from lock file\nnpm error Missing: jest-each@30.2.0 from lock file\nnpm error Missing: jest-matcher-utils@30.2.0 from lock file\nnpm error Missing: pure-rand@7.0.1 from lock file\nnpm error Missing: stack-utils@2.0.6 from lock file\nnpm error Missing: @jest/fake-timers@30.2.0 from lock file\nnpm error Missing: jest-mock@30.2.0 from lock file\nnpm error Missing: expect@30.2.0 from lock file\nnpm error Missing: @sinonjs/fake-timers@13.0.5 from lock file\nnpm error Missing: @sinonjs/commons@3.0.1 from lock file\nnpm error Missing: type-detect@4.0.8 from lock file\nnpm error Missing: @jest/expect-utils@30.2.0 from lock file\nnpm error Missing: detect-newline@3.1.0 from lock file\nnpm error Missing: anymatch@3.1.3 from lock file\nnpm error Missing: fb-watchman@2.0.2 from lock file\nnpm error Missing: fsevents@2.3.3 from lock file\nnpm error Missing: walker@1.0.8 from lock file\nnpm error Missing: normalize-path@3.0.0 from lock file\nnpm error Missing: bser@2.1.1 from lock file\nnpm error Missing: node-int64@0.4.0 from lock file\nnpm error Missing: jest-diff@30.2.0 from lock file\nnpm error Missing: @jest/diff-sequences@30.0.1 from lock file\nnpm error Missing: @types/stack-utils@2.0.3 from lock file\nnpm error Missing: jest-pnp-resolver@1.2.3 from lock file\nnpm error Missing: unrs-resolver@1.11.1 from lock file\nnpm error Missing: emittery@0.13.1 from lock file\nnpm error Missing: jest-leak-detector@30.2.0 from lock file\nnpm error Missing: source-map-support@0.5.13 from lock file\nnpm error Missing: @jest/globals@30.2.0 from lock file\nnpm error Missing: @jest/source-map@30.0.1 from lock file\nnpm error Missing: cjs-module-lexer@2.1.1 from lock file\nnpm error Missing: glob@10.4.5 from lock file\nnpm error Missing: strip-bom@4.0.0 from lock file\nnpm error Missing: @babel/plugin-syntax-jsx@7.27.1 from lock file\nnpm error Missing: @babel/plugin-syntax-typescript@7.27.1 from lock file\nnpm error Missing: @jest/snapshot-utils@30.2.0 from lock file\nnpm error Missing: synckit@0.11.11 from lock file\nnpm error Missing: picomatch@4.0.3 from lock file\nnpm error Missing: camelcase@6.3.0 from lock file\nnpm error Missing: leven@3.1.0 from lock file\nnpm error Missing: supports-color@8.1.1 from lock file\nnpm error Missing: mimic-fn@2.1.0 from lock file\nnpm error Missing: error-ex@1.3.4 from lock file\nnpm error Missing: json-parse-even-better-errors@2.3.1 from lock file\nnpm error Missing: lines-and-columns@1.2.4 from lock file\nnpm error Missing: is-arrayish@0.2.1 from lock file\nnpm error Missing: find-up@4.1.0 from lock file\nnpm error Missing: ansi-styles@5.2.0 from lock file\nnpm error Missing: react-is@18.3.1 from lock file\nnpm error Missing: resolve-from@5.0.0 from lock file\nnpm error Missing: buffer-from@1.1.2 from lock file\nnpm error Missing: source-map@0.6.1 from lock file\nnpm error Missing: escape-string-regexp@2.0.0 from lock file\nnpm error Missing: char-regex@1.0.2 from lock file\nnpm error Missing: @pkgr/core@0.2.9 from lock file\nnpm error Missing: @unrs/resolver-binding-android-arm-eabi@1.11.1 from lock file\nnpm error Missing: @unrs/resolver-binding-android-arm64@1.11.1 from lock file\nnpm error Missing: @unrs/resolver-binding-darwin-arm64@1.11.1 from lock file\nnpm error Missing: @unrs/resolver-binding-darwin-x64@1.11.1 from lock file\nnpm error Missing: @unrs/resolver-binding-freebsd-x64@1.11.1 from lock file\nnpm error Missing: @unrs/resolver-binding-linux-arm-gnueabihf@1.11.1 from lock file\nnpm error Missing: @unrs/resolver-binding-linux-arm-musleabihf@1.11.1 from lock file\nnpm error Missing: @unrs/resolver-binding-linux-arm64-gnu@1.11.1 from lock file\nnpm error Missing: @unrs/resolver-binding-linux-arm64-musl@1.11.1 from lock file\nnpm error Missing: @unrs/resolver-binding-linux-ppc64-gnu@1.11.1 from lock file\nnpm error Missing: @unrs/resolver-binding-linux-riscv64-gnu@1.11.1 from lock file\nnpm error Missing: @unrs/resolver-binding-linux-riscv64-musl@1.11.1 from lock file\nnpm error Missing: @unrs/resolver-binding-linux-s390x-gnu@1.11.1 from lock file\nnpm error Missing: @unrs/resolver-binding-linux-x64-gnu@1.11.1 from lock file\nnpm error Missing: @unrs/resolver-binding-linux-x64-musl@1.11.1 from lock file\nnpm error Missing: @unrs/resolver-binding-wasm32-wasi@1.11.1 from lock file\nnpm error Missing: @unrs/resolver-binding-win32-arm64-msvc@1.11.1 from lock file\nnpm error Missing: @unrs/resolver-binding-win32-ia32-msvc@1.11.1 from lock file\nnpm error Missing: @unrs/resolver-binding-win32-x64-msvc@1.11.1 from lock file\nnpm error Missing: napi-postinstall@0.3.4 from lock file\nnpm error Missing: @napi-rs/wasm-runtime@0.2.12 from lock file\nnpm error Missing: @emnapi/core@1.7.1 from lock file\nnpm error Missing: @emnapi/runtime@1.7.1 from lock file\nnpm error Missing: @tybys/wasm-util@0.10.1 from lock file\nnpm error Missing: @emnapi/wasi-threads@1.1.0 from lock file\nnpm error Missing: makeerror@1.0.12 from lock file\nnpm error Missing: tmpl@1.0.5 from lock file\nnpm error Missing: signal-exit@4.1.0 from lock file\nnpm error Missing: yallist@3.1.1 from lock file\nnpm error Missing: locate-path@5.0.0 from lock file\nnpm error Missing: argparse@1.0.10 from lock file\nnpm error Missing: esprima@4.0.1 from lock file\nnpm error Missing: sprintf-js@1.0.3 from lock file\nnpm error Missing: p-locate@4.1.0 from lock file\nnpm error Missing: p-limit@2.3.0 from lock file\nnpm error Missing: p-try@2.2.0 from lock file\nnpm error Missing: foreground-child@3.3.1 from lock file\nnpm error Missing: jackspeak@3.4.3 from lock file\nnpm error Missing: minimatch@9.0.5 from lock file\nnpm error Missing: minipass@7.1.2 from lock file\nnpm error Missing: package-json-from-dist@1.0.1 from lock file\nnpm error Missing: path-scurry@1.11.1 from lock file\nnpm error Missing: signal-exit@4.1.0 from lock file\nnpm error Missing: @isaacs/cliui@8.0.2 from lock file\nnpm error Missing: @pkgjs/parseargs@0.11.0 from lock file\nnpm error Missing: string-width@5.1.2 from lock file\nnpm error Missing: string-width-cjs@4.2.3 from lock file\nnpm error Missing: strip-ansi@7.1.2 from lock file\nnpm error Missing: strip-ansi-cjs@6.0.1 from lock file\nnpm error Missing: wrap-ansi@8.1.0 from lock file\nnpm error Missing: wrap-ansi-cjs@7.0.0 from lock file\nnpm error Missing: lru-cache@10.4.3 from lock file\nnpm error Missing: eastasianwidth@0.2.0 from lock file\nnpm error Missing: emoji-regex@9.2.2 from lock file\nnpm error Missing: ansi-regex@6.2.2 from lock file\nnpm error Missing: ansi-styles@6.2.3 from lock file\nnpm error Missing: brace-expansion@2.0.2 from lock file\nnpm error Missing: minimatch@9.0.5 from lock file\nnpm error Missing: brace-expansion@2.0.2 from lock file\nnpm error Missing: minimatch@9.0.5 from lock file\nnpm error Missing: brace-expansion@2.0.2 from lock file\nnpm error Missing: locate-path@5.0.0 from lock file\nnpm error Missing: p-locate@4.1.0 from lock file\nnpm error Missing: p-limit@2.3.0 from lock file\nnpm error\nnpm error Clean install a project\nnpm error\nnpm error Usage:\nnpm error npm ci\nnpm error\nnpm error Options:\nnpm error [--install-strategy <hoisted|nested|shallow|linked>] [--legacy-bundling]\nnpm error [--global-style] [--omit <dev|optional|peer> [--omit <dev|optional|peer> ...]]\nnpm error [--include <prod|dev|optional|peer> [--include <prod|dev|optional|peer> ...]]\nnpm error [--strict-peer-deps] [--foreground-scripts] [--ignore-scripts] [--no-audit]\nnpm error [--no-bin-links] [--no-fund] [--dry-run]\nnpm error [-w|--workspace <workspace-name> [-w|--workspace <workspace-name> ...]]\nnpm error [-ws|--workspaces] [--include-workspace-root] [--install-links]\nnpm error\nnpm error aliases: clean-install, ic, install-clean, isntall-clean\nnpm error\nnpm error Run \"npm help ci\" for more info\nnpm error A complete log of this run can be found in: /www-data-home/.npm/_logs/2025-11-17T01_29_35_063Z-debug-0.log. For more details see the logs at https://console.cloud.google.com/cloud-build/builds;region=europe-west3/8628bd50-775e-446b-a58d-eaa6a98dfce7?project=388226025861."
    },
    "status": 3,
    "code": 3
  }
}
[debug] [2025-11-17T01:31:46.795Z] {
  "endpoint": {
    "id": "onVideoFinalize",
    "project": "laura-butallo-web",
    "region": "europe-west3",
    "entryPoint": "onVideoFinalize",
    "platform": "gcfv2",
    "runtime": "nodejs22",
    "eventTrigger": {
      "eventType": "google.cloud.storage.object.v1.finalized",
      "retry": false,
      "eventFilters": {
        "bucket": "laura-butallo-web.firebasestorage.app"
      },
      "region": "eu"
    },
    "labels": {
      "deployment-tool": "cli-firebase"
    },
    "serviceAccount": null,
    "ingressSettings": null,
    "availableMemoryMb": null,
    "timeoutSeconds": null,
    "maxInstances": 10,
    "minInstances": null,
    "concurrency": 80,
    "vpc": null,
    "environmentVariables": {
      "FIREBASE_CONFIG": "{\"projectId\":\"laura-butallo-web\",\"storageBucket\":\"laura-butallo-web.firebasestorage.app\"}",
      "GCLOUD_PROJECT": "laura-butallo-web",
      "EVENTARC_CLOUD_EVENT_SOURCE": "projects/laura-butallo-web/locations/europe-west3/services/onVideoFinalize",
      "FUNCTION_SIGNATURE_TYPE": "cloudevent",
      "FUNCTION_TARGET": "onVideoFinalize",
      "LOG_EXECUTION_ID": "true"
    },
    "codebase": "default",
    "runServiceId": "onvideofinalize",
    "cpu": 1,
    "securityLevel": "SECURE_ALWAYS",
    "targetedByOnly": false,
    "hash": "d11ed15f804aa79f0f35be9712b2470e6e47da66"
  },
  "op": "update",
  "original": {
    "name": "FirebaseError",
    "children": [],
    "exit": 1,
    "message": "Build failed with status: FAILURE and message: npm error code EUSAGE\nnpm error\nnpm error `npm ci` can only install packages when your package.json and package-lock.json or npm-shrinkwrap.json are in sync. Please update your lock file with `npm install` before continuing.\nnpm error\nnpm error Missing: jest@30.2.0 from lock file\nnpm error Missing: @jest/core@30.2.0 from lock file\nnpm error Missing: @jest/types@30.2.0 from lock file\nnpm error Missing: import-local@3.2.0 from lock file\nnpm error Missing: jest-cli@30.2.0 from lock file\nnpm error Missing: @jest/console@30.2.0 from lock file\nnpm error Missing: @jest/pattern@30.0.1 from lock file\nnpm error Missing: @jest/reporters@30.2.0 from lock file\nnpm error Missing: @jest/test-result@30.2.0 from lock file\nnpm error Missing: @jest/transform@30.2.0 from lock file\nnpm error Missing: ansi-escapes@4.3.2 from lock file\nnpm error Missing: ci-info@4.3.1 from lock file\nnpm error Missing: exit-x@0.2.2 from lock file\nnpm error Missing: graceful-fs@4.2.11 from lock file\nnpm error Missing: jest-changed-files@30.2.0 from lock file\nnpm error Missing: jest-config@30.2.0 from lock file\nnpm error Missing: jest-haste-map@30.2.0 from lock file\nnpm error Missing: jest-message-util@30.2.0 from lock file\nnpm error Missing: jest-regex-util@30.0.1 from lock file\nnpm error Missing: jest-resolve@30.2.0 from lock file\nnpm error Missing: jest-resolve-dependencies@30.2.0 from lock file\nnpm error Missing: jest-runner@30.2.0 from lock file\nnpm error Missing: jest-runtime@30.2.0 from lock file\nnpm error Missing: jest-snapshot@30.2.0 from lock file\nnpm error Missing: jest-util@30.2.0 from lock file\nnpm error Missing: jest-validate@30.2.0 from lock file\nnpm error Missing: jest-watcher@30.2.0 from lock file\nnpm error Missing: pretty-format@30.2.0 from lock file\nnpm error Missing: @bcoe/v8-coverage@0.2.3 from lock file\nnpm error Missing: @jridgewell/trace-mapping@0.3.31 from lock file\nnpm error Missing: collect-v8-coverage@1.0.3 from lock file\nnpm error Missing: glob@10.4.5 from lock file\nnpm error Missing: istanbul-lib-coverage@3.2.2 from lock file\nnpm error Missing: istanbul-lib-instrument@6.0.3 from lock file\nnpm error Missing: istanbul-lib-report@3.0.1 from lock file\nnpm error Missing: istanbul-lib-source-maps@5.0.6 from lock file\nnpm error Missing: istanbul-reports@3.2.0 from lock file\nnpm error Missing: jest-worker@30.2.0 from lock file\nnpm error Missing: string-length@4.0.2 from lock file\nnpm error Missing: v8-to-istanbul@9.3.0 from lock file\nnpm error Missing: @types/istanbul-lib-coverage@2.0.6 from lock file\nnpm error Missing: @babel/core@7.28.5 from lock file\nnpm error Missing: babel-plugin-istanbul@7.0.1 from lock file\nnpm error Missing: convert-source-map@2.0.0 from lock file\nnpm error Missing: pirates@4.0.7 from lock file\nnpm error Missing: write-file-atomic@5.0.1 from lock file\nnpm error Missing: @babel/code-frame@7.27.1 from lock file\nnpm error Missing: @babel/generator@7.28.5 from lock file\nnpm error Missing: @babel/helper-compilation-targets@7.27.2 from lock file\nnpm error Missing: @babel/helper-module-transforms@7.28.3 from lock file\nnpm error Missing: @babel/helpers@7.28.4 from lock file\nnpm error Missing: @babel/parser@7.28.5 from lock file\nnpm error Missing: @babel/template@7.27.2 from lock file\nnpm error Missing: @babel/traverse@7.28.5 from lock file\nnpm error Missing: @babel/types@7.28.5 from lock file\nnpm error Missing: @jridgewell/remapping@2.3.5 from lock file\nnpm error Missing: gensync@1.0.0-beta.2 from lock file\nnpm error Missing: json5@2.2.3 from lock file\nnpm error Missing: semver@6.3.1 from lock file\nnpm error Missing: @babel/helper-validator-identifier@7.28.5 from lock file\nnpm error Missing: js-tokens@4.0.0 from lock file\nnpm error Missing: picocolors@1.1.1 from lock file\nnpm error Missing: @jridgewell/gen-mapping@0.3.13 from lock file\nnpm error Missing: jsesc@3.1.0 from lock file\nnpm error Missing: @babel/compat-data@7.28.5 from lock file\nnpm error Missing: @babel/helper-validator-option@7.27.1 from lock file\nnpm error Missing: browserslist@4.28.0 from lock file\nnpm error Missing: lru-cache@5.1.1 from lock file\nnpm error Missing: semver@6.3.1 from lock file\nnpm error Missing: @babel/helper-module-imports@7.27.1 from lock file\nnpm error Missing: @babel/helper-globals@7.28.0 from lock file\nnpm error Missing: @babel/helper-string-parser@7.27.1 from lock file\nnpm error Missing: @jest/schemas@30.0.5 from lock file\nnpm error Missing: @types/istanbul-reports@3.0.4 from lock file\nnpm error Missing: @types/yargs@17.0.35 from lock file\nnpm error Missing: @sinclair/typebox@0.34.41 from lock file\nnpm error Missing: @jridgewell/sourcemap-codec@1.5.5 from lock file\nnpm error Missing: @jridgewell/resolve-uri@3.1.2 from lock file\nnpm error Missing: @types/istanbul-lib-report@3.0.3 from lock file\nnpm error Missing: @types/yargs-parser@21.0.3 from lock file\nnpm error Missing: type-fest@0.21.3 from lock file\nnpm error Missing: @babel/helper-plugin-utils@7.27.1 from lock file\nnpm error Missing: @istanbuljs/load-nyc-config@1.1.0 from lock file\nnpm error Missing: @istanbuljs/schema@0.1.3 from lock file\nnpm error Missing: test-exclude@6.0.0 from lock file\nnpm error Missing: camelcase@5.3.1 from lock file\nnpm error Missing: find-up@4.1.0 from lock file\nnpm error Missing: get-package-type@0.1.0 from lock file\nnpm error Missing: js-yaml@3.14.2 from lock file\nnpm error Missing: resolve-from@5.0.0 from lock file\nnpm error Missing: baseline-browser-mapping@2.8.28 from lock file\nnpm error Missing: caniuse-lite@1.0.30001755 from lock file\nnpm error Missing: electron-to-chromium@1.5.254 from lock file\nnpm error Missing: node-releases@2.0.27 from lock file\nnpm error Missing: update-browserslist-db@1.1.4 from lock file\nnpm error Missing: pkg-dir@4.2.0 from lock file\nnpm error Missing: resolve-cwd@3.0.0 from lock file\nnpm error Missing: make-dir@4.0.0 from lock file\nnpm error Missing: html-escaper@2.0.2 from lock file\nnpm error Missing: execa@5.1.1 from lock file\nnpm error Missing: get-stream@6.0.1 from lock file\nnpm error Missing: human-signals@2.1.0 from lock file\nnpm error Missing: merge-stream@2.0.0 from lock file\nnpm error Missing: npm-run-path@4.0.1 from lock file\nnpm error Missing: onetime@5.1.2 from lock file\nnpm error Missing: signal-exit@3.0.7 from lock file\nnpm error Missing: strip-final-newline@2.0.0 from lock file\nnpm error Missing: @jest/get-type@30.1.0 from lock file\nnpm error Missing: @jest/test-sequencer@30.2.0 from lock file\nnpm error Missing: babel-jest@30.2.0 from lock file\nnpm error Missing: deepmerge@4.3.1 from lock file\nnpm error Missing: glob@10.4.5 from lock file\nnpm error Missing: jest-circus@30.2.0 from lock file\nnpm error Missing: jest-docblock@30.2.0 from lock file\nnpm error Missing: jest-environment-node@30.2.0 from lock file\nnpm error Missing: parse-json@5.2.0 from lock file\nnpm error Missing: @types/babel__core@7.20.5 from lock file\nnpm error Missing: babel-preset-jest@30.2.0 from lock file\nnpm error Missing: @types/babel__generator@7.27.0 from lock file\nnpm error Missing: @types/babel__template@7.4.4 from lock file\nnpm error Missing: @types/babel__traverse@7.28.0 from lock file\nnpm error Missing: babel-plugin-jest-hoist@30.2.0 from lock file\nnpm error Missing: babel-preset-current-node-syntax@1.2.0 from lock file\nnpm error Missing: @babel/plugin-syntax-async-generators@7.8.4 from lock file\nnpm error Missing: @babel/plugin-syntax-bigint@7.8.3 from lock file\nnpm error Missing: @babel/plugin-syntax-class-properties@7.12.13 from lock file\nnpm error Missing: @babel/plugin-syntax-class-static-block@7.14.5 from lock file\nnpm error Missing: @babel/plugin-syntax-import-attributes@7.27.1 from lock file\nnpm error Missing: @babel/plugin-syntax-import-meta@7.10.4 from lock file\nnpm error Missing: @babel/plugin-syntax-json-strings@7.8.3 from lock file\nnpm error Missing: @babel/plugin-syntax-logical-assignment-operators@7.10.4 from lock file\nnpm error Missing: @babel/plugin-syntax-nullish-coalescing-operator@7.8.3 from lock file\nnpm error Missing: @babel/plugin-syntax-numeric-separator@7.10.4 from lock file\nnpm error Missing: @babel/plugin-syntax-object-rest-spread@7.8.3 from lock file\nnpm error Missing: @babel/plugin-syntax-optional-catch-binding@7.8.3 from lock file\nnpm error Missing: @babel/plugin-syntax-optional-chaining@7.8.3 from lock file\nnpm error Missing: @babel/plugin-syntax-private-property-in-object@7.14.5 from lock file\nnpm error Missing: @babel/plugin-syntax-top-level-await@7.14.5 from lock file\nnpm error Missing: @jest/environment@30.2.0 from lock file\nnpm error Missing: @jest/expect@30.2.0 from lock file\nnpm error Missing: co@4.6.0 from lock file\nnpm error Missing: dedent@1.7.0 from lock file\nnpm error Missing: is-generator-fn@2.1.0 from lock file\nnpm error Missing: jest-each@30.2.0 from lock file\nnpm error Missing: jest-matcher-utils@30.2.0 from lock file\nnpm error Missing: pure-rand@7.0.1 from lock file\nnpm error Missing: stack-utils@2.0.6 from lock file\nnpm error Missing: @jest/fake-timers@30.2.0 from lock file\nnpm error Missing: jest-mock@30.2.0 from lock file\nnpm error Missing: expect@30.2.0 from lock file\nnpm error Missing: @sinonjs/fake-timers@13.0.5 from lock file\nnpm error Missing: @sinonjs/commons@3.0.1 from lock file\nnpm error Missing: type-detect@4.0.8 from lock file\nnpm error Missing: @jest/expect-utils@30.2.0 from lock file\nnpm error Missing: detect-newline@3.1.0 from lock file\nnpm error Missing: anymatch@3.1.3 from lock file\nnpm error Missing: fb-watchman@2.0.2 from lock file\nnpm error Missing: fsevents@2.3.3 from lock file\nnpm error Missing: walker@1.0.8 from lock file\nnpm error Missing: normalize-path@3.0.0 from lock file\nnpm error Missing: bser@2.1.1 from lock file\nnpm error Missing: node-int64@0.4.0 from lock file\nnpm error Missing: jest-diff@30.2.0 from lock file\nnpm error Missing: @jest/diff-sequences@30.0.1 from lock file\nnpm error Missing: @types/stack-utils@2.0.3 from lock file\nnpm error Missing: jest-pnp-resolver@1.2.3 from lock file\nnpm error Missing: unrs-resolver@1.11.1 from lock file\nnpm error Missing: emittery@0.13.1 from lock file\nnpm error Missing: jest-leak-detector@30.2.0 from lock file\nnpm error Missing: source-map-support@0.5.13 from lock file\nnpm error Missing: @jest/globals@30.2.0 from lock file\nnpm error Missing: @jest/source-map@30.0.1 from lock file\nnpm error Missing: cjs-module-lexer@2.1.1 from lock file\nnpm error Missing: glob@10.4.5 from lock file\nnpm error Missing: strip-bom@4.0.0 from lock file\nnpm error Missing: @babel/plugin-syntax-jsx@7.27.1 from lock file\nnpm error Missing: @babel/plugin-syntax-typescript@7.27.1 from lock file\nnpm error Missing: @jest/snapshot-utils@30.2.0 from lock file\nnpm error Missing: synckit@0.11.11 from lock file\nnpm error Missing: picomatch@4.0.3 from lock file\nnpm error Missing: camelcase@6.3.0 from lock file\nnpm error Missing: leven@3.1.0 from lock file\nnpm error Missing: supports-color@8.1.1 from lock file\nnpm error Missing: mimic-fn@2.1.0 from lock file\nnpm error Missing: error-ex@1.3.4 from lock file\nnpm error Missing: json-parse-even-better-errors@2.3.1 from lock file\nnpm error Missing: lines-and-columns@1.2.4 from lock file\nnpm error Missing: is-arrayish@0.2.1 from lock file\nnpm error Missing: find-up@4.1.0 from lock file\nnpm error Missing: ansi-styles@5.2.0 from lock file\nnpm error Missing: react-is@18.3.1 from lock file\nnpm error Missing: resolve-from@5.0.0 from lock file\nnpm error Missing: buffer-from@1.1.2 from lock file\nnpm error Missing: source-map@0.6.1 from lock file\nnpm error Missing: escape-string-regexp@2.0.0 from lock file\nnpm error Missing: char-regex@1.0.2 from lock file\nnpm error Missing: @pkgr/core@0.2.9 from lock file\nnpm error Missing: @unrs/resolver-binding-android-arm-eabi@1.11.1 from lock file\nnpm error Missing: @unrs/resolver-binding-android-arm64@1.11.1 from lock file\nnpm error Missing: @unrs/resolver-binding-darwin-arm64@1.11.1 from lock file\nnpm error Missing: @unrs/resolver-binding-darwin-x64@1.11.1 from lock file\nnpm error Missing: @unrs/resolver-binding-freebsd-x64@1.11.1 from lock file\nnpm error Missing: @unrs/resolver-binding-linux-arm-gnueabihf@1.11.1 from lock file\nnpm error Missing: @unrs/resolver-binding-linux-arm-musleabihf@1.11.1 from lock file\nnpm error Missing: @unrs/resolver-binding-linux-arm64-gnu@1.11.1 from lock file\nnpm error Missing: @unrs/resolver-binding-linux-arm64-musl@1.11.1 from lock file\nnpm error Missing: @unrs/resolver-binding-linux-ppc64-gnu@1.11.1 from lock file\nnpm error Missing: @unrs/resolver-binding-linux-riscv64-gnu@1.11.1 from lock file\nnpm error Missing: @unrs/resolver-binding-linux-riscv64-musl@1.11.1 from lock file\nnpm error Missing: @unrs/resolver-binding-linux-s390x-gnu@1.11.1 from lock file\nnpm error Missing: @unrs/resolver-binding-linux-x64-gnu@1.11.1 from lock file\nnpm error Missing: @unrs/resolver-binding-linux-x64-musl@1.11.1 from lock file\nnpm error Missing: @unrs/resolver-binding-wasm32-wasi@1.11.1 from lock file\nnpm error Missing: @unrs/resolver-binding-win32-arm64-msvc@1.11.1 from lock file\nnpm error Missing: @unrs/resolver-binding-win32-ia32-msvc@1.11.1 from lock file\nnpm error Missing: @unrs/resolver-binding-win32-x64-msvc@1.11.1 from lock file\nnpm error Missing: napi-postinstall@0.3.4 from lock file\nnpm error Missing: @napi-rs/wasm-runtime@0.2.12 from lock file\nnpm error Missing: @emnapi/core@1.7.1 from lock file\nnpm error Missing: @emnapi/runtime@1.7.1 from lock file\nnpm error Missing: @tybys/wasm-util@0.10.1 from lock file\nnpm error Missing: @emnapi/wasi-threads@1.1.0 from lock file\nnpm error Missing: makeerror@1.0.12 from lock file\nnpm error Missing: tmpl@1.0.5 from lock file\nnpm error Missing: signal-exit@4.1.0 from lock file\nnpm error Missing: yallist@3.1.1 from lock file\nnpm error Missing: locate-path@5.0.0 from lock file\nnpm error Missing: argparse@1.0.10 from lock file\nnpm error Missing: esprima@4.0.1 from lock file\nnpm error Missing: sprintf-js@1.0.3 from lock file\nnpm error Missing: p-locate@4.1.0 from lock file\nnpm error Missing: p-limit@2.3.0 from lock file\nnpm error Missing: p-try@2.2.0 from lock file\nnpm error Missing: foreground-child@3.3.1 from lock file\nnpm error Missing: jackspeak@3.4.3 from lock file\nnpm error Missing: minimatch@9.0.5 from lock file\nnpm error Missing: minipass@7.1.2 from lock file\nnpm error Missing: package-json-from-dist@1.0.1 from lock file\nnpm error Missing: path-scurry@1.11.1 from lock file\nnpm error Missing: signal-exit@4.1.0 from lock file\nnpm error Missing: @isaacs/cliui@8.0.2 from lock file\nnpm error Missing: @pkgjs/parseargs@0.11.0 from lock file\nnpm error Missing: string-width@5.1.2 from lock file\nnpm error Missing: string-width-cjs@4.2.3 from lock file\nnpm error Missing: strip-ansi@7.1.2 from lock file\nnpm error Missing: strip-ansi-cjs@6.0.1 from lock file\nnpm error Missing: wrap-ansi@8.1.0 from lock file\nnpm error Missing: wrap-ansi-cjs@7.0.0 from lock file\nnpm error Missing: lru-cache@10.4.3 from lock file\nnpm error Missing: eastasianwidth@0.2.0 from lock file\nnpm error Missing: emoji-regex@9.2.2 from lock file\nnpm error Missing: ansi-regex@6.2.2 from lock file\nnpm error Missing: ansi-styles@6.2.3 from lock file\nnpm error Missing: brace-expansion@2.0.2 from lock file\nnpm error Missing: minimatch@9.0.5 from lock file\nnpm error Missing: brace-expansion@2.0.2 from lock file\nnpm error Missing: minimatch@9.0.5 from lock file\nnpm error Missing: brace-expansion@2.0.2 from lock file\nnpm error Missing: locate-path@5.0.0 from lock file\nnpm error Missing: p-locate@4.1.0 from lock file\nnpm error Missing: p-limit@2.3.0 from lock file\nnpm error\nnpm error Clean install a project\nnpm error\nnpm error Usage:\nnpm error npm ci\nnpm error\nnpm error Options:\nnpm error [--install-strategy <hoisted|nested|shallow|linked>] [--legacy-bundling]\nnpm error [--global-style] [--omit <dev|optional|peer> [--omit <dev|optional|peer> ...]]\nnpm error [--include <prod|dev|optional|peer> [--include <prod|dev|optional|peer> ...]]\nnpm error [--strict-peer-deps] [--foreground-scripts] [--ignore-scripts] [--no-audit]\nnpm error [--no-bin-links] [--no-fund] [--dry-run]\nnpm error [-w|--workspace <workspace-name> [-w|--workspace <workspace-name> ...]]\nnpm error [-ws|--workspaces] [--include-workspace-root] [--install-links]\nnpm error\nnpm error aliases: clean-install, ic, install-clean, isntall-clean\nnpm error\nnpm error Run \"npm help ci\" for more info\nnpm error A complete log of this run can be found in: /www-data-home/.npm/_logs/2025-11-17T01_30_38_175Z-debug-0.log. For more details see the logs at https://console.cloud.google.com/cloud-build/builds;region=europe-west3/f6535671-ce36-4aa5-88d2-ed3bba4ca5b1?project=388226025861.",
    "original": {
      "code": 3,
      "message": "Build failed with status: FAILURE and message: npm error code EUSAGE\nnpm error\nnpm error `npm ci` can only install packages when your package.json and package-lock.json or npm-shrinkwrap.json are in sync. Please update your lock file with `npm install` before continuing.\nnpm error\nnpm error Missing: jest@30.2.0 from lock file\nnpm error Missing: @jest/core@30.2.0 from lock file\nnpm error Missing: @jest/types@30.2.0 from lock file\nnpm error Missing: import-local@3.2.0 from lock file\nnpm error Missing: jest-cli@30.2.0 from lock file\nnpm error Missing: @jest/console@30.2.0 from lock file\nnpm error Missing: @jest/pattern@30.0.1 from lock file\nnpm error Missing: @jest/reporters@30.2.0 from lock file\nnpm error Missing: @jest/test-result@30.2.0 from lock file\nnpm error Missing: @jest/transform@30.2.0 from lock file\nnpm error Missing: ansi-escapes@4.3.2 from lock file\nnpm error Missing: ci-info@4.3.1 from lock file\nnpm error Missing: exit-x@0.2.2 from lock file\nnpm error Missing: graceful-fs@4.2.11 from lock file\nnpm error Missing: jest-changed-files@30.2.0 from lock file\nnpm error Missing: jest-config@30.2.0 from lock file\nnpm error Missing: jest-haste-map@30.2.0 from lock file\nnpm error Missing: jest-message-util@30.2.0 from lock file\nnpm error Missing: jest-regex-util@30.0.1 from lock file\nnpm error Missing: jest-resolve@30.2.0 from lock file\nnpm error Missing: jest-resolve-dependencies@30.2.0 from lock file\nnpm error Missing: jest-runner@30.2.0 from lock file\nnpm error Missing: jest-runtime@30.2.0 from lock file\nnpm error Missing: jest-snapshot@30.2.0 from lock file\nnpm error Missing: jest-util@30.2.0 from lock file\nnpm error Missing: jest-validate@30.2.0 from lock file\nnpm error Missing: jest-watcher@30.2.0 from lock file\nnpm error Missing: pretty-format@30.2.0 from lock file\nnpm error Missing: @bcoe/v8-coverage@0.2.3 from lock file\nnpm error Missing: @jridgewell/trace-mapping@0.3.31 from lock file\nnpm error Missing: collect-v8-coverage@1.0.3 from lock file\nnpm error Missing: glob@10.4.5 from lock file\nnpm error Missing: istanbul-lib-coverage@3.2.2 from lock file\nnpm error Missing: istanbul-lib-instrument@6.0.3 from lock file\nnpm error Missing: istanbul-lib-report@3.0.1 from lock file\nnpm error Missing: istanbul-lib-source-maps@5.0.6 from lock file\nnpm error Missing: istanbul-reports@3.2.0 from lock file\nnpm error Missing: jest-worker@30.2.0 from lock file\nnpm error Missing: string-length@4.0.2 from lock file\nnpm error Missing: v8-to-istanbul@9.3.0 from lock file\nnpm error Missing: @types/istanbul-lib-coverage@2.0.6 from lock file\nnpm error Missing: @babel/core@7.28.5 from lock file\nnpm error Missing: babel-plugin-istanbul@7.0.1 from lock file\nnpm error Missing: convert-source-map@2.0.0 from lock file\nnpm error Missing: pirates@4.0.7 from lock file\nnpm error Missing: write-file-atomic@5.0.1 from lock file\nnpm error Missing: @babel/code-frame@7.27.1 from lock file\nnpm error Missing: @babel/generator@7.28.5 from lock file\nnpm error Missing: @babel/helper-compilation-targets@7.27.2 from lock file\nnpm error Missing: @babel/helper-module-transforms@7.28.3 from lock file\nnpm error Missing: @babel/helpers@7.28.4 from lock file\nnpm error Missing: @babel/parser@7.28.5 from lock file\nnpm error Missing: @babel/template@7.27.2 from lock file\nnpm error Missing: @babel/traverse@7.28.5 from lock file\nnpm error Missing: @babel/types@7.28.5 from lock file\nnpm error Missing: @jridgewell/remapping@2.3.5 from lock file\nnpm error Missing: gensync@1.0.0-beta.2 from lock file\nnpm error Missing: json5@2.2.3 from lock file\nnpm error Missing: semver@6.3.1 from lock file\nnpm error Missing: @babel/helper-validator-identifier@7.28.5 from lock file\nnpm error Missing: js-tokens@4.0.0 from lock file\nnpm error Missing: picocolors@1.1.1 from lock file\nnpm error Missing: @jridgewell/gen-mapping@0.3.13 from lock file\nnpm error Missing: jsesc@3.1.0 from lock file\nnpm error Missing: @babel/compat-data@7.28.5 from lock file\nnpm error Missing: @babel/helper-validator-option@7.27.1 from lock file\nnpm error Missing: browserslist@4.28.0 from lock file\nnpm error Missing: lru-cache@5.1.1 from lock file\nnpm error Missing: semver@6.3.1 from lock file\nnpm error Missing: @babel/helper-module-imports@7.27.1 from lock file\nnpm error Missing: @babel/helper-globals@7.28.0 from lock file\nnpm error Missing: @babel/helper-string-parser@7.27.1 from lock file\nnpm error Missing: @jest/schemas@30.0.5 from lock file\nnpm error Missing: @types/istanbul-reports@3.0.4 from lock file\nnpm error Missing: @types/yargs@17.0.35 from lock file\nnpm error Missing: @sinclair/typebox@0.34.41 from lock file\nnpm error Missing: @jridgewell/sourcemap-codec@1.5.5 from lock file\nnpm error Missing: @jridgewell/resolve-uri@3.1.2 from lock file\nnpm error Missing: @types/istanbul-lib-report@3.0.3 from lock file\nnpm error Missing: @types/yargs-parser@21.0.3 from lock file\nnpm error Missing: type-fest@0.21.3 from lock file\nnpm error Missing: @babel/helper-plugin-utils@7.27.1 from lock file\nnpm error Missing: @istanbuljs/load-nyc-config@1.1.0 from lock file\nnpm error Missing: @istanbuljs/schema@0.1.3 from lock file\nnpm error Missing: test-exclude@6.0.0 from lock file\nnpm error Missing: camelcase@5.3.1 from lock file\nnpm error Missing: find-up@4.1.0 from lock file\nnpm error Missing: get-package-type@0.1.0 from lock file\nnpm error Missing: js-yaml@3.14.2 from lock file\nnpm error Missing: resolve-from@5.0.0 from lock file\nnpm error Missing: baseline-browser-mapping@2.8.28 from lock file\nnpm error Missing: caniuse-lite@1.0.30001755 from lock file\nnpm error Missing: electron-to-chromium@1.5.254 from lock file\nnpm error Missing: node-releases@2.0.27 from lock file\nnpm error Missing: update-browserslist-db@1.1.4 from lock file\nnpm error Missing: pkg-dir@4.2.0 from lock file\nnpm error Missing: resolve-cwd@3.0.0 from lock file\nnpm error Missing: make-dir@4.0.0 from lock file\nnpm error Missing: html-escaper@2.0.2 from lock file\nnpm error Missing: execa@5.1.1 from lock file\nnpm error Missing: get-stream@6.0.1 from lock file\nnpm error Missing: human-signals@2.1.0 from lock file\nnpm error Missing: merge-stream@2.0.0 from lock file\nnpm error Missing: npm-run-path@4.0.1 from lock file\nnpm error Missing: onetime@5.1.2 from lock file\nnpm error Missing: signal-exit@3.0.7 from lock file\nnpm error Missing: strip-final-newline@2.0.0 from lock file\nnpm error Missing: @jest/get-type@30.1.0 from lock file\nnpm error Missing: @jest/test-sequencer@30.2.0 from lock file\nnpm error Missing: babel-jest@30.2.0 from lock file\nnpm error Missing: deepmerge@4.3.1 from lock file\nnpm error Missing: glob@10.4.5 from lock file\nnpm error Missing: jest-circus@30.2.0 from lock file\nnpm error Missing: jest-docblock@30.2.0 from lock file\nnpm error Missing: jest-environment-node@30.2.0 from lock file\nnpm error Missing: parse-json@5.2.0 from lock file\nnpm error Missing: @types/babel__core@7.20.5 from lock file\nnpm error Missing: babel-preset-jest@30.2.0 from lock file\nnpm error Missing: @types/babel__generator@7.27.0 from lock file\nnpm error Missing: @types/babel__template@7.4.4 from lock file\nnpm error Missing: @types/babel__traverse@7.28.0 from lock file\nnpm error Missing: babel-plugin-jest-hoist@30.2.0 from lock file\nnpm error Missing: babel-preset-current-node-syntax@1.2.0 from lock file\nnpm error Missing: @babel/plugin-syntax-async-generators@7.8.4 from lock file\nnpm error Missing: @babel/plugin-syntax-bigint@7.8.3 from lock file\nnpm error Missing: @babel/plugin-syntax-class-properties@7.12.13 from lock file\nnpm error Missing: @babel/plugin-syntax-class-static-block@7.14.5 from lock file\nnpm error Missing: @babel/plugin-syntax-import-attributes@7.27.1 from lock file\nnpm error Missing: @babel/plugin-syntax-import-meta@7.10.4 from lock file\nnpm error Missing: @babel/plugin-syntax-json-strings@7.8.3 from lock file\nnpm error Missing: @babel/plugin-syntax-logical-assignment-operators@7.10.4 from lock file\nnpm error Missing: @babel/plugin-syntax-nullish-coalescing-operator@7.8.3 from lock file\nnpm error Missing: @babel/plugin-syntax-numeric-separator@7.10.4 from lock file\nnpm error Missing: @babel/plugin-syntax-object-rest-spread@7.8.3 from lock file\nnpm error Missing: @babel/plugin-syntax-optional-catch-binding@7.8.3 from lock file\nnpm error Missing: @babel/plugin-syntax-optional-chaining@7.8.3 from lock file\nnpm error Missing: @babel/plugin-syntax-private-property-in-object@7.14.5 from lock file\nnpm error Missing: @babel/plugin-syntax-top-level-await@7.14.5 from lock file\nnpm error Missing: @jest/environment@30.2.0 from lock file\nnpm error Missing: @jest/expect@30.2.0 from lock file\nnpm error Missing: co@4.6.0 from lock file\nnpm error Missing: dedent@1.7.0 from lock file\nnpm error Missing: is-generator-fn@2.1.0 from lock file\nnpm error Missing: jest-each@30.2.0 from lock file\nnpm error Missing: jest-matcher-utils@30.2.0 from lock file\nnpm error Missing: pure-rand@7.0.1 from lock file\nnpm error Missing: stack-utils@2.0.6 from lock file\nnpm error Missing: @jest/fake-timers@30.2.0 from lock file\nnpm error Missing: jest-mock@30.2.0 from lock file\nnpm error Missing: expect@30.2.0 from lock file\nnpm error Missing: @sinonjs/fake-timers@13.0.5 from lock file\nnpm error Missing: @sinonjs/commons@3.0.1 from lock file\nnpm error Missing: type-detect@4.0.8 from lock file\nnpm error Missing: @jest/expect-utils@30.2.0 from lock file\nnpm error Missing: detect-newline@3.1.0 from lock file\nnpm error Missing: anymatch@3.1.3 from lock file\nnpm error Missing: fb-watchman@2.0.2 from lock file\nnpm error Missing: fsevents@2.3.3 from lock file\nnpm error Missing: walker@1.0.8 from lock file\nnpm error Missing: normalize-path@3.0.0 from lock file\nnpm error Missing: bser@2.1.1 from lock file\nnpm error Missing: node-int64@0.4.0 from lock file\nnpm error Missing: jest-diff@30.2.0 from lock file\nnpm error Missing: @jest/diff-sequences@30.0.1 from lock file\nnpm error Missing: @types/stack-utils@2.0.3 from lock file\nnpm error Missing: jest-pnp-resolver@1.2.3 from lock file\nnpm error Missing: unrs-resolver@1.11.1 from lock file\nnpm error Missing: emittery@0.13.1 from lock file\nnpm error Missing: jest-leak-detector@30.2.0 from lock file\nnpm error Missing: source-map-support@0.5.13 from lock file\nnpm error Missing: @jest/globals@30.2.0 from lock file\nnpm error Missing: @jest/source-map@30.0.1 from lock file\nnpm error Missing: cjs-module-lexer@2.1.1 from lock file\nnpm error Missing: glob@10.4.5 from lock file\nnpm error Missing: strip-bom@4.0.0 from lock file\nnpm error Missing: @babel/plugin-syntax-jsx@7.27.1 from lock file\nnpm error Missing: @babel/plugin-syntax-typescript@7.27.1 from lock file\nnpm error Missing: @jest/snapshot-utils@30.2.0 from lock file\nnpm error Missing: synckit@0.11.11 from lock file\nnpm error Missing: picomatch@4.0.3 from lock file\nnpm error Missing: camelcase@6.3.0 from lock file\nnpm error Missing: leven@3.1.0 from lock file\nnpm error Missing: supports-color@8.1.1 from lock file\nnpm error Missing: mimic-fn@2.1.0 from lock file\nnpm error Missing: error-ex@1.3.4 from lock file\nnpm error Missing: json-parse-even-better-errors@2.3.1 from lock file\nnpm error Missing: lines-and-columns@1.2.4 from lock file\nnpm error Missing: is-arrayish@0.2.1 from lock file\nnpm error Missing: find-up@4.1.0 from lock file\nnpm error Missing: ansi-styles@5.2.0 from lock file\nnpm error Missing: react-is@18.3.1 from lock file\nnpm error Missing: resolve-from@5.0.0 from lock file\nnpm error Missing: buffer-from@1.1.2 from lock file\nnpm error Missing: source-map@0.6.1 from lock file\nnpm error Missing: escape-string-regexp@2.0.0 from lock file\nnpm error Missing: char-regex@1.0.2 from lock file\nnpm error Missing: @pkgr/core@0.2.9 from lock file\nnpm error Missing: @unrs/resolver-binding-android-arm-eabi@1.11.1 from lock file\nnpm error Missing: @unrs/resolver-binding-android-arm64@1.11.1 from lock file\nnpm error Missing: @unrs/resolver-binding-darwin-arm64@1.11.1 from lock file\nnpm error Missing: @unrs/resolver-binding-darwin-x64@1.11.1 from lock file\nnpm error Missing: @unrs/resolver-binding-freebsd-x64@1.11.1 from lock file\nnpm error Missing: @unrs/resolver-binding-linux-arm-gnueabihf@1.11.1 from lock file\nnpm error Missing: @unrs/resolver-binding-linux-arm-musleabihf@1.11.1 from lock file\nnpm error Missing: @unrs/resolver-binding-linux-arm64-gnu@1.11.1 from lock file\nnpm error Missing: @unrs/resolver-binding-linux-arm64-musl@1.11.1 from lock file\nnpm error Missing: @unrs/resolver-binding-linux-ppc64-gnu@1.11.1 from lock file\nnpm error Missing: @unrs/resolver-binding-linux-riscv64-gnu@1.11.1 from lock file\nnpm error Missing: @unrs/resolver-binding-linux-riscv64-musl@1.11.1 from lock file\nnpm error Missing: @unrs/resolver-binding-linux-s390x-gnu@1.11.1 from lock file\nnpm error Missing: @unrs/resolver-binding-linux-x64-gnu@1.11.1 from lock file\nnpm error Missing: @unrs/resolver-binding-linux-x64-musl@1.11.1 from lock file\nnpm error Missing: @unrs/resolver-binding-wasm32-wasi@1.11.1 from lock file\nnpm error Missing: @unrs/resolver-binding-win32-arm64-msvc@1.11.1 from lock file\nnpm error Missing: @unrs/resolver-binding-win32-ia32-msvc@1.11.1 from lock file\nnpm error Missing: @unrs/resolver-binding-win32-x64-msvc@1.11.1 from lock file\nnpm error Missing: napi-postinstall@0.3.4 from lock file\nnpm error Missing: @napi-rs/wasm-runtime@0.2.12 from lock file\nnpm error Missing: @emnapi/core@1.7.1 from lock file\nnpm error Missing: @emnapi/runtime@1.7.1 from lock file\nnpm error Missing: @tybys/wasm-util@0.10.1 from lock file\nnpm error Missing: @emnapi/wasi-threads@1.1.0 from lock file\nnpm error Missing: makeerror@1.0.12 from lock file\nnpm error Missing: tmpl@1.0.5 from lock file\nnpm error Missing: signal-exit@4.1.0 from lock file\nnpm error Missing: yallist@3.1.1 from lock file\nnpm error Missing: locate-path@5.0.0 from lock file\nnpm error Missing: argparse@1.0.10 from lock file\nnpm error Missing: esprima@4.0.1 from lock file\nnpm error Missing: sprintf-js@1.0.3 from lock file\nnpm error Missing: p-locate@4.1.0 from lock file\nnpm error Missing: p-limit@2.3.0 from lock file\nnpm error Missing: p-try@2.2.0 from lock file\nnpm error Missing: foreground-child@3.3.1 from lock file\nnpm error Missing: jackspeak@3.4.3 from lock file\nnpm error Missing: minimatch@9.0.5 from lock file\nnpm error Missing: minipass@7.1.2 from lock file\nnpm error Missing: package-json-from-dist@1.0.1 from lock file\nnpm error Missing: path-scurry@1.11.1 from lock file\nnpm error Missing: signal-exit@4.1.0 from lock file\nnpm error Missing: @isaacs/cliui@8.0.2 from lock file\nnpm error Missing: @pkgjs/parseargs@0.11.0 from lock file\nnpm error Missing: string-width@5.1.2 from lock file\nnpm error Missing: string-width-cjs@4.2.3 from lock file\nnpm error Missing: strip-ansi@7.1.2 from lock file\nnpm error Missing: strip-ansi-cjs@6.0.1 from lock file\nnpm error Missing: wrap-ansi@8.1.0 from lock file\nnpm error Missing: wrap-ansi-cjs@7.0.0 from lock file\nnpm error Missing: lru-cache@10.4.3 from lock file\nnpm error Missing: eastasianwidth@0.2.0 from lock file\nnpm error Missing: emoji-regex@9.2.2 from lock file\nnpm error Missing: ansi-regex@6.2.2 from lock file\nnpm error Missing: ansi-styles@6.2.3 from lock file\nnpm error Missing: brace-expansion@2.0.2 from lock file\nnpm error Missing: minimatch@9.0.5 from lock file\nnpm error Missing: brace-expansion@2.0.2 from lock file\nnpm error Missing: minimatch@9.0.5 from lock file\nnpm error Missing: brace-expansion@2.0.2 from lock file\nnpm error Missing: locate-path@5.0.0 from lock file\nnpm error Missing: p-locate@4.1.0 from lock file\nnpm error Missing: p-limit@2.3.0 from lock file\nnpm error\nnpm error Clean install a project\nnpm error\nnpm error Usage:\nnpm error npm ci\nnpm error\nnpm error Options:\nnpm error [--install-strategy <hoisted|nested|shallow|linked>] [--legacy-bundling]\nnpm error [--global-style] [--omit <dev|optional|peer> [--omit <dev|optional|peer> ...]]\nnpm error [--include <prod|dev|optional|peer> [--include <prod|dev|optional|peer> ...]]\nnpm error [--strict-peer-deps] [--foreground-scripts] [--ignore-scripts] [--no-audit]\nnpm error [--no-bin-links] [--no-fund] [--dry-run]\nnpm error [-w|--workspace <workspace-name> [-w|--workspace <workspace-name> ...]]\nnpm error [-ws|--workspaces] [--include-workspace-root] [--install-links]\nnpm error\nnpm error aliases: clean-install, ic, install-clean, isntall-clean\nnpm error\nnpm error Run \"npm help ci\" for more info\nnpm error A complete log of this run can be found in: /www-data-home/.npm/_logs/2025-11-17T01_30_38_175Z-debug-0.log. For more details see the logs at https://console.cloud.google.com/cloud-build/builds;region=europe-west3/f6535671-ce36-4aa5-88d2-ed3bba4ca5b1?project=388226025861."
    },
    "status": 3,
    "code": 3
  }
}
[debug] [2025-11-17T01:31:46.795Z] {
  "endpoint": {
    "id": "generateDownloadUrl",
    "project": "laura-butallo-web",
    "region": "us-central1",
    "entryPoint": "generateDownloadUrl",
    "platform": "gcfv2",
    "runtime": "nodejs22",
    "callableTrigger": {},
    "labels": {
      "deployment-tool": "cli-firebase"
    },
    "serviceAccount": null,
    "ingressSettings": null,
    "availableMemoryMb": null,
    "timeoutSeconds": null,
    "maxInstances": 10,
    "minInstances": null,
    "concurrency": 80,
    "vpc": null,
    "environmentVariables": {
      "FIREBASE_CONFIG": "{\"projectId\":\"laura-butallo-web\",\"storageBucket\":\"laura-butallo-web.firebasestorage.app\"}",
      "GCLOUD_PROJECT": "laura-butallo-web",
      "EVENTARC_CLOUD_EVENT_SOURCE": "projects/laura-butallo-web/locations/us-central1/services/generateDownloadUrl",
      "FUNCTION_TARGET": "generateDownloadUrl",
      "LOG_EXECUTION_ID": "true"
    },
    "codebase": "default",
    "runServiceId": "generatedownloadurl",
    "cpu": 1,
    "securityLevel": "SECURE_ALWAYS",
    "targetedByOnly": false,
    "hash": "d11ed15f804aa79f0f35be9712b2470e6e47da66"
  },
  "op": "update",
  "original": {
    "name": "FirebaseError",
    "children": [],
    "exit": 1,
    "message": "Build failed with status: FAILURE and message: npm error code EUSAGE\nnpm error\nnpm error `npm ci` can only install packages when your package.json and package-lock.json or npm-shrinkwrap.json are in sync. Please update your lock file with `npm install` before continuing.\nnpm error\nnpm error Missing: jest@30.2.0 from lock file\nnpm error Missing: @jest/core@30.2.0 from lock file\nnpm error Missing: @jest/types@30.2.0 from lock file\nnpm error Missing: import-local@3.2.0 from lock file\nnpm error Missing: jest-cli@30.2.0 from lock file\nnpm error Missing: @jest/console@30.2.0 from lock file\nnpm error Missing: @jest/pattern@30.0.1 from lock file\nnpm error Missing: @jest/reporters@30.2.0 from lock file\nnpm error Missing: @jest/test-result@30.2.0 from lock file\nnpm error Missing: @jest/transform@30.2.0 from lock file\nnpm error Missing: ansi-escapes@4.3.2 from lock file\nnpm error Missing: ci-info@4.3.1 from lock file\nnpm error Missing: exit-x@0.2.2 from lock file\nnpm error Missing: graceful-fs@4.2.11 from lock file\nnpm error Missing: jest-changed-files@30.2.0 from lock file\nnpm error Missing: jest-config@30.2.0 from lock file\nnpm error Missing: jest-haste-map@30.2.0 from lock file\nnpm error Missing: jest-message-util@30.2.0 from lock file\nnpm error Missing: jest-regex-util@30.0.1 from lock file\nnpm error Missing: jest-resolve@30.2.0 from lock file\nnpm error Missing: jest-resolve-dependencies@30.2.0 from lock file\nnpm error Missing: jest-runner@30.2.0 from lock file\nnpm error Missing: jest-runtime@30.2.0 from lock file\nnpm error Missing: jest-snapshot@30.2.0 from lock file\nnpm error Missing: jest-util@30.2.0 from lock file\nnpm error Missing: jest-validate@30.2.0 from lock file\nnpm error Missing: jest-watcher@30.2.0 from lock file\nnpm error Missing: pretty-format@30.2.0 from lock file\nnpm error Missing: @bcoe/v8-coverage@0.2.3 from lock file\nnpm error Missing: @jridgewell/trace-mapping@0.3.31 from lock file\nnpm error Missing: collect-v8-coverage@1.0.3 from lock file\nnpm error Missing: glob@10.4.5 from lock file\nnpm error Missing: istanbul-lib-coverage@3.2.2 from lock file\nnpm error Missing: istanbul-lib-instrument@6.0.3 from lock file\nnpm error Missing: istanbul-lib-report@3.0.1 from lock file\nnpm error Missing: istanbul-lib-source-maps@5.0.6 from lock file\nnpm error Missing: istanbul-reports@3.2.0 from lock file\nnpm error Missing: jest-worker@30.2.0 from lock file\nnpm error Missing: string-length@4.0.2 from lock file\nnpm error Missing: v8-to-istanbul@9.3.0 from lock file\nnpm error Missing: @types/istanbul-lib-coverage@2.0.6 from lock file\nnpm error Missing: @babel/core@7.28.5 from lock file\nnpm error Missing: babel-plugin-istanbul@7.0.1 from lock file\nnpm error Missing: convert-source-map@2.0.0 from lock file\nnpm error Missing: pirates@4.0.7 from lock file\nnpm error Missing: write-file-atomic@5.0.1 from lock file\nnpm error Missing: @babel/code-frame@7.27.1 from lock file\nnpm error Missing: @babel/generator@7.28.5 from lock file\nnpm error Missing: @babel/helper-compilation-targets@7.27.2 from lock file\nnpm error Missing: @babel/helper-module-transforms@7.28.3 from lock file\nnpm error Missing: @babel/helpers@7.28.4 from lock file\nnpm error Missing: @babel/parser@7.28.5 from lock file\nnpm error Missing: @babel/template@7.27.2 from lock file\nnpm error Missing: @babel/traverse@7.28.5 from lock file\nnpm error Missing: @babel/types@7.28.5 from lock file\nnpm error Missing: @jridgewell/remapping@2.3.5 from lock file\nnpm error Missing: gensync@1.0.0-beta.2 from lock file\nnpm error Missing: json5@2.2.3 from lock file\nnpm error Missing: semver@6.3.1 from lock file\nnpm error Missing: @babel/helper-validator-identifier@7.28.5 from lock file\nnpm error Missing: js-tokens@4.0.0 from lock file\nnpm error Missing: picocolors@1.1.1 from lock file\nnpm error Missing: @jridgewell/gen-mapping@0.3.13 from lock file\nnpm error Missing: jsesc@3.1.0 from lock file\nnpm error Missing: @babel/compat-data@7.28.5 from lock file\nnpm error Missing: @babel/helper-validator-option@7.27.1 from lock file\nnpm error Missing: browserslist@4.28.0 from lock file\nnpm error Missing: lru-cache@5.1.1 from lock file\nnpm error Missing: semver@6.3.1 from lock file\nnpm error Missing: @babel/helper-module-imports@7.27.1 from lock file\nnpm error Missing: @babel/helper-globals@7.28.0 from lock file\nnpm error Missing: @babel/helper-string-parser@7.27.1 from lock file\nnpm error Missing: @jest/schemas@30.0.5 from lock file\nnpm error Missing: @types/istanbul-reports@3.0.4 from lock file\nnpm error Missing: @types/yargs@17.0.35 from lock file\nnpm error Missing: @sinclair/typebox@0.34.41 from lock file\nnpm error Missing: @jridgewell/sourcemap-codec@1.5.5 from lock file\nnpm error Missing: @jridgewell/resolve-uri@3.1.2 from lock file\nnpm error Missing: @types/istanbul-lib-report@3.0.3 from lock file\nnpm error Missing: @types/yargs-parser@21.0.3 from lock file\nnpm error Missing: type-fest@0.21.3 from lock file\nnpm error Missing: @babel/helper-plugin-utils@7.27.1 from lock file\nnpm error Missing: @istanbuljs/load-nyc-config@1.1.0 from lock file\nnpm error Missing: @istanbuljs/schema@0.1.3 from lock file\nnpm error Missing: test-exclude@6.0.0 from lock file\nnpm error Missing: camelcase@5.3.1 from lock file\nnpm error Missing: find-up@4.1.0 from lock file\nnpm error Missing: get-package-type@0.1.0 from lock file\nnpm error Missing: js-yaml@3.14.2 from lock file\nnpm error Missing: resolve-from@5.0.0 from lock file\nnpm error Missing: baseline-browser-mapping@2.8.28 from lock file\nnpm error Missing: caniuse-lite@1.0.30001755 from lock file\nnpm error Missing: electron-to-chromium@1.5.254 from lock file\nnpm error Missing: node-releases@2.0.27 from lock file\nnpm error Missing: update-browserslist-db@1.1.4 from lock file\nnpm error Missing: pkg-dir@4.2.0 from lock file\nnpm error Missing: resolve-cwd@3.0.0 from lock file\nnpm error Missing: make-dir@4.0.0 from lock file\nnpm error Missing: html-escaper@2.0.2 from lock file\nnpm error Missing: execa@5.1.1 from lock file\nnpm error Missing: get-stream@6.0.1 from lock file\nnpm error Missing: human-signals@2.1.0 from lock file\nnpm error Missing: merge-stream@2.0.0 from lock file\nnpm error Missing: npm-run-path@4.0.1 from lock file\nnpm error Missing: onetime@5.1.2 from lock file\nnpm error Missing: signal-exit@3.0.7 from lock file\nnpm error Missing: strip-final-newline@2.0.0 from lock file\nnpm error Missing: @jest/get-type@30.1.0 from lock file\nnpm error Missing: @jest/test-sequencer@30.2.0 from lock file\nnpm error Missing: babel-jest@30.2.0 from lock file\nnpm error Missing: deepmerge@4.3.1 from lock file\nnpm error Missing: glob@10.4.5 from lock file\nnpm error Missing: jest-circus@30.2.0 from lock file\nnpm error Missing: jest-docblock@30.2.0 from lock file\nnpm error Missing: jest-environment-node@30.2.0 from lock file\nnpm error Missing: parse-json@5.2.0 from lock file\nnpm error Missing: @types/babel__core@7.20.5 from lock file\nnpm error Missing: babel-preset-jest@30.2.0 from lock file\nnpm error Missing: @types/babel__generator@7.27.0 from lock file\nnpm error Missing: @types/babel__template@7.4.4 from lock file\nnpm error Missing: @types/babel__traverse@7.28.0 from lock file\nnpm error Missing: babel-plugin-jest-hoist@30.2.0 from lock file\nnpm error Missing: babel-preset-current-node-syntax@1.2.0 from lock file\nnpm error Missing: @babel/plugin-syntax-async-generators@7.8.4 from lock file\nnpm error Missing: @babel/plugin-syntax-bigint@7.8.3 from lock file\nnpm error Missing: @babel/plugin-syntax-class-properties@7.12.13 from lock file\nnpm error Missing: @babel/plugin-syntax-class-static-block@7.14.5 from lock file\nnpm error Missing: @babel/plugin-syntax-import-attributes@7.27.1 from lock file\nnpm error Missing: @babel/plugin-syntax-import-meta@7.10.4 from lock file\nnpm error Missing: @babel/plugin-syntax-json-strings@7.8.3 from lock file\nnpm error Missing: @babel/plugin-syntax-logical-assignment-operators@7.10.4 from lock file\nnpm error Missing: @babel/plugin-syntax-nullish-coalescing-operator@7.8.3 from lock file\nnpm error Missing: @babel/plugin-syntax-numeric-separator@7.10.4 from lock file\nnpm error Missing: @babel/plugin-syntax-object-rest-spread@7.8.3 from lock file\nnpm error Missing: @babel/plugin-syntax-optional-catch-binding@7.8.3 from lock file\nnpm error Missing: @babel/plugin-syntax-optional-chaining@7.8.3 from lock file\nnpm error Missing: @babel/plugin-syntax-private-property-in-object@7.14.5 from lock file\nnpm error Missing: @babel/plugin-syntax-top-level-await@7.14.5 from lock file\nnpm error Missing: @jest/environment@30.2.0 from lock file\nnpm error Missing: @jest/expect@30.2.0 from lock file\nnpm error Missing: co@4.6.0 from lock file\nnpm error Missing: dedent@1.7.0 from lock file\nnpm error Missing: is-generator-fn@2.1.0 from lock file\nnpm error Missing: jest-each@30.2.0 from lock file\nnpm error Missing: jest-matcher-utils@30.2.0 from lock file\nnpm error Missing: pure-rand@7.0.1 from lock file\nnpm error Missing: stack-utils@2.0.6 from lock file\nnpm error Missing: @jest/fake-timers@30.2.0 from lock file\nnpm error Missing: jest-mock@30.2.0 from lock file\nnpm error Missing: expect@30.2.0 from lock file\nnpm error Missing: @sinonjs/fake-timers@13.0.5 from lock file\nnpm error Missing: @sinonjs/commons@3.0.1 from lock file\nnpm error Missing: type-detect@4.0.8 from lock file\nnpm error Missing: @jest/expect-utils@30.2.0 from lock file\nnpm error Missing: detect-newline@3.1.0 from lock file\nnpm error Missing: anymatch@3.1.3 from lock file\nnpm error Missing: fb-watchman@2.0.2 from lock file\nnpm error Missing: fsevents@2.3.3 from lock file\nnpm error Missing: walker@1.0.8 from lock file\nnpm error Missing: normalize-path@3.0.0 from lock file\nnpm error Missing: bser@2.1.1 from lock file\nnpm error Missing: node-int64@0.4.0 from lock file\nnpm error Missing: jest-diff@30.2.0 from lock file\nnpm error Missing: @jest/diff-sequences@30.0.1 from lock file\nnpm error Missing: @types/stack-utils@2.0.3 from lock file\nnpm error Missing: jest-pnp-resolver@1.2.3 from lock file\nnpm error Missing: unrs-resolver@1.11.1 from lock file\nnpm error Missing: emittery@0.13.1 from lock file\nnpm error Missing: jest-leak-detector@30.2.0 from lock file\nnpm error Missing: source-map-support@0.5.13 from lock file\nnpm error Missing: @jest/globals@30.2.0 from lock file\nnpm error Missing: @jest/source-map@30.0.1 from lock file\nnpm error Missing: cjs-module-lexer@2.1.1 from lock file\nnpm error Missing: glob@10.4.5 from lock file\nnpm error Missing: strip-bom@4.0.0 from lock file\nnpm error Missing: @babel/plugin-syntax-jsx@7.27.1 from lock file\nnpm error Missing: @babel/plugin-syntax-typescript@7.27.1 from lock file\nnpm error Missing: @jest/snapshot-utils@30.2.0 from lock file\nnpm error Missing: synckit@0.11.11 from lock file\nnpm error Missing: picomatch@4.0.3 from lock file\nnpm error Missing: camelcase@6.3.0 from lock file\nnpm error Missing: leven@3.1.0 from lock file\nnpm error Missing: supports-color@8.1.1 from lock file\nnpm error Missing: mimic-fn@2.1.0 from lock file\nnpm error Missing: error-ex@1.3.4 from lock file\nnpm error Missing: json-parse-even-better-errors@2.3.1 from lock file\nnpm error Missing: lines-and-columns@1.2.4 from lock file\nnpm error Missing: is-arrayish@0.2.1 from lock file\nnpm error Missing: find-up@4.1.0 from lock file\nnpm error Missing: ansi-styles@5.2.0 from lock file\nnpm error Missing: react-is@18.3.1 from lock file\nnpm error Missing: resolve-from@5.0.0 from lock file\nnpm error Missing: buffer-from@1.1.2 from lock file\nnpm error Missing: source-map@0.6.1 from lock file\nnpm error Missing: escape-string-regexp@2.0.0 from lock file\nnpm error Missing: char-regex@1.0.2 from lock file\nnpm error Missing: @pkgr/core@0.2.9 from lock file\nnpm error Missing: @unrs/resolver-binding-android-arm-eabi@1.11.1 from lock file\nnpm error Missing: @unrs/resolver-binding-android-arm64@1.11.1 from lock file\nnpm error Missing: @unrs/resolver-binding-darwin-arm64@1.11.1 from lock file\nnpm error Missing: @unrs/resolver-binding-darwin-x64@1.11.1 from lock file\nnpm error Missing: @unrs/resolver-binding-freebsd-x64@1.11.1 from lock file\nnpm error Missing: @unrs/resolver-binding-linux-arm-gnueabihf@1.11.1 from lock file\nnpm error Missing: @unrs/resolver-binding-linux-arm-musleabihf@1.11.1 from lock file\nnpm error Missing: @unrs/resolver-binding-linux-arm64-gnu@1.11.1 from lock file\nnpm error Missing: @unrs/resolver-binding-linux-arm64-musl@1.11.1 from lock file\nnpm error Missing: @unrs/resolver-binding-linux-ppc64-gnu@1.11.1 from lock file\nnpm error Missing: @unrs/resolver-binding-linux-riscv64-gnu@1.11.1 from lock file\nnpm error Missing: @unrs/resolver-binding-linux-riscv64-musl@1.11.1 from lock file\nnpm error Missing: @unrs/resolver-binding-linux-s390x-gnu@1.11.1 from lock file\nnpm error Missing: @unrs/resolver-binding-linux-x64-gnu@1.11.1 from lock file\nnpm error Missing: @unrs/resolver-binding-linux-x64-musl@1.11.1 from lock file\nnpm error Missing: @unrs/resolver-binding-wasm32-wasi@1.11.1 from lock file\nnpm error Missing: @unrs/resolver-binding-win32-arm64-msvc@1.11.1 from lock file\nnpm error Missing: @unrs/resolver-binding-win32-ia32-msvc@1.11.1 from lock file\nnpm error Missing: @unrs/resolver-binding-win32-x64-msvc@1.11.1 from lock file\nnpm error Missing: napi-postinstall@0.3.4 from lock file\nnpm error Missing: @napi-rs/wasm-runtime@0.2.12 from lock file\nnpm error Missing: @emnapi/core@1.7.1 from lock file\nnpm error Missing: @emnapi/runtime@1.7.1 from lock file\nnpm error Missing: @tybys/wasm-util@0.10.1 from lock file\nnpm error Missing: @emnapi/wasi-threads@1.1.0 from lock file\nnpm error Missing: makeerror@1.0.12 from lock file\nnpm error Missing: tmpl@1.0.5 from lock file\nnpm error Missing: signal-exit@4.1.0 from lock file\nnpm error Missing: yallist@3.1.1 from lock file\nnpm error Missing: locate-path@5.0.0 from lock file\nnpm error Missing: argparse@1.0.10 from lock file\nnpm error Missing: esprima@4.0.1 from lock file\nnpm error Missing: sprintf-js@1.0.3 from lock file\nnpm error Missing: p-locate@4.1.0 from lock file\nnpm error Missing: p-limit@2.3.0 from lock file\nnpm error Missing: p-try@2.2.0 from lock file\nnpm error Missing: foreground-child@3.3.1 from lock file\nnpm error Missing: jackspeak@3.4.3 from lock file\nnpm error Missing: minimatch@9.0.5 from lock file\nnpm error Missing: minipass@7.1.2 from lock file\nnpm error Missing: package-json-from-dist@1.0.1 from lock file\nnpm error Missing: path-scurry@1.11.1 from lock file\nnpm error Missing: signal-exit@4.1.0 from lock file\nnpm error Missing: @isaacs/cliui@8.0.2 from lock file\nnpm error Missing: @pkgjs/parseargs@0.11.0 from lock file\nnpm error Missing: string-width@5.1.2 from lock file\nnpm error Missing: string-width-cjs@4.2.3 from lock file\nnpm error Missing: strip-ansi@7.1.2 from lock file\nnpm error Missing: strip-ansi-cjs@6.0.1 from lock file\nnpm error Missing: wrap-ansi@8.1.0 from lock file\nnpm error Missing: wrap-ansi-cjs@7.0.0 from lock file\nnpm error Missing: lru-cache@10.4.3 from lock file\nnpm error Missing: eastasianwidth@0.2.0 from lock file\nnpm error Missing: emoji-regex@9.2.2 from lock file\nnpm error Missing: ansi-regex@6.2.2 from lock file\nnpm error Missing: ansi-styles@6.2.3 from lock file\nnpm error Missing: brace-expansion@2.0.2 from lock file\nnpm error Missing: minimatch@9.0.5 from lock file\nnpm error Missing: brace-expansion@2.0.2 from lock file\nnpm error Missing: minimatch@9.0.5 from lock file\nnpm error Missing: brace-expansion@2.0.2 from lock file\nnpm error Missing: locate-path@5.0.0 from lock file\nnpm error Missing: p-locate@4.1.0 from lock file\nnpm error Missing: p-limit@2.3.0 from lock file\nnpm error\nnpm error Clean install a project\nnpm error\nnpm error Usage:\nnpm error npm ci\nnpm error\nnpm error Options:\nnpm error [--install-strategy <hoisted|nested|shallow|linked>] [--legacy-bundling]\nnpm error [--global-style] [--omit <dev|optional|peer> [--omit <dev|optional|peer> ...]]\nnpm error [--include <prod|dev|optional|peer> [--include <prod|dev|optional|peer> ...]]\nnpm error [--strict-peer-deps] [--foreground-scripts] [--ignore-scripts] [--no-audit]\nnpm error [--no-bin-links] [--no-fund] [--dry-run]\nnpm error [-w|--workspace <workspace-name> [-w|--workspace <workspace-name> ...]]\nnpm error [-ws|--workspaces] [--include-workspace-root] [--install-links]\nnpm error\nnpm error aliases: clean-install, ic, install-clean, isntall-clean\nnpm error\nnpm error Run \"npm help ci\" for more info\nnpm error A complete log of this run can be found in: /www-data-home/.npm/_logs/2025-11-17T01_29_36_593Z-debug-0.log. For more details see the logs at https://console.cloud.google.com/cloud-build/builds;region=us-central1/ab53cf6f-9b9b-4e72-b047-bb6549f14c3a?project=388226025861.",
    "original": {
      "code": 3,
      "message": "Build failed with status: FAILURE and message: npm error code EUSAGE\nnpm error\nnpm error `npm ci` can only install packages when your package.json and package-lock.json or npm-shrinkwrap.json are in sync. Please update your lock file with `npm install` before continuing.\nnpm error\nnpm error Missing: jest@30.2.0 from lock file\nnpm error Missing: @jest/core@30.2.0 from lock file\nnpm error Missing: @jest/types@30.2.0 from lock file\nnpm error Missing: import-local@3.2.0 from lock file\nnpm error Missing: jest-cli@30.2.0 from lock file\nnpm error Missing: @jest/console@30.2.0 from lock file\nnpm error Missing: @jest/pattern@30.0.1 from lock file\nnpm error Missing: @jest/reporters@30.2.0 from lock file\nnpm error Missing: @jest/test-result@30.2.0 from lock file\nnpm error Missing: @jest/transform@30.2.0 from lock file\nnpm error Missing: ansi-escapes@4.3.2 from lock file\nnpm error Missing: ci-info@4.3.1 from lock file\nnpm error Missing: exit-x@0.2.2 from lock file\nnpm error Missing: graceful-fs@4.2.11 from lock file\nnpm error Missing: jest-changed-files@30.2.0 from lock file\nnpm error Missing: jest-config@30.2.0 from lock file\nnpm error Missing: jest-haste-map@30.2.0 from lock file\nnpm error Missing: jest-message-util@30.2.0 from lock file\nnpm error Missing: jest-regex-util@30.0.1 from lock file\nnpm error Missing: jest-resolve@30.2.0 from lock file\nnpm error Missing: jest-resolve-dependencies@30.2.0 from lock file\nnpm error Missing: jest-runner@30.2.0 from lock file\nnpm error Missing: jest-runtime@30.2.0 from lock file\nnpm error Missing: jest-snapshot@30.2.0 from lock file\nnpm error Missing: jest-util@30.2.0 from lock file\nnpm error Missing: jest-validate@30.2.0 from lock file\nnpm error Missing: jest-watcher@30.2.0 from lock file\nnpm error Missing: pretty-format@30.2.0 from lock file\nnpm error Missing: @bcoe/v8-coverage@0.2.3 from lock file\nnpm error Missing: @jridgewell/trace-mapping@0.3.31 from lock file\nnpm error Missing: collect-v8-coverage@1.0.3 from lock file\nnpm error Missing: glob@10.4.5 from lock file\nnpm error Missing: istanbul-lib-coverage@3.2.2 from lock file\nnpm error Missing: istanbul-lib-instrument@6.0.3 from lock file\nnpm error Missing: istanbul-lib-report@3.0.1 from lock file\nnpm error Missing: istanbul-lib-source-maps@5.0.6 from lock file\nnpm error Missing: istanbul-reports@3.2.0 from lock file\nnpm error Missing: jest-worker@30.2.0 from lock file\nnpm error Missing: string-length@4.0.2 from lock file\nnpm error Missing: v8-to-istanbul@9.3.0 from lock file\nnpm error Missing: @types/istanbul-lib-coverage@2.0.6 from lock file\nnpm error Missing: @babel/core@7.28.5 from lock file\nnpm error Missing: babel-plugin-istanbul@7.0.1 from lock file\nnpm error Missing: convert-source-map@2.0.0 from lock file\nnpm error Missing: pirates@4.0.7 from lock file\nnpm error Missing: write-file-atomic@5.0.1 from lock file\nnpm error Missing: @babel/code-frame@7.27.1 from lock file\nnpm error Missing: @babel/generator@7.28.5 from lock file\nnpm error Missing: @babel/helper-compilation-targets@7.27.2 from lock file\nnpm error Missing: @babel/helper-module-transforms@7.28.3 from lock file\nnpm error Missing: @babel/helpers@7.28.4 from lock file\nnpm error Missing: @babel/parser@7.28.5 from lock file\nnpm error Missing: @babel/template@7.27.2 from lock file\nnpm error Missing: @babel/traverse@7.28.5 from lock file\nnpm error Missing: @babel/types@7.28.5 from lock file\nnpm error Missing: @jridgewell/remapping@2.3.5 from lock file\nnpm error Missing: gensync@1.0.0-beta.2 from lock file\nnpm error Missing: json5@2.2.3 from lock file\nnpm error Missing: semver@6.3.1 from lock file\nnpm error Missing: @babel/helper-validator-identifier@7.28.5 from lock file\nnpm error Missing: js-tokens@4.0.0 from lock file\nnpm error Missing: picocolors@1.1.1 from lock file\nnpm error Missing: @jridgewell/gen-mapping@0.3.13 from lock file\nnpm error Missing: jsesc@3.1.0 from lock file\nnpm error Missing: @babel/compat-data@7.28.5 from lock file\nnpm error Missing: @babel/helper-validator-option@7.27.1 from lock file\nnpm error Missing: browserslist@4.28.0 from lock file\nnpm error Missing: lru-cache@5.1.1 from lock file\nnpm error Missing: semver@6.3.1 from lock file\nnpm error Missing: @babel/helper-module-imports@7.27.1 from lock file\nnpm error Missing: @babel/helper-globals@7.28.0 from lock file\nnpm error Missing: @babel/helper-string-parser@7.27.1 from lock file\nnpm error Missing: @jest/schemas@30.0.5 from lock file\nnpm error Missing: @types/istanbul-reports@3.0.4 from lock file\nnpm error Missing: @types/yargs@17.0.35 from lock file\nnpm error Missing: @sinclair/typebox@0.34.41 from lock file\nnpm error Missing: @jridgewell/sourcemap-codec@1.5.5 from lock file\nnpm error Missing: @jridgewell/resolve-uri@3.1.2 from lock file\nnpm error Missing: @types/istanbul-lib-report@3.0.3 from lock file\nnpm error Missing: @types/yargs-parser@21.0.3 from lock file\nnpm error Missing: type-fest@0.21.3 from lock file\nnpm error Missing: @babel/helper-plugin-utils@7.27.1 from lock file\nnpm error Missing: @istanbuljs/load-nyc-config@1.1.0 from lock file\nnpm error Missing: @istanbuljs/schema@0.1.3 from lock file\nnpm error Missing: test-exclude@6.0.0 from lock file\nnpm error Missing: camelcase@5.3.1 from lock file\nnpm error Missing: find-up@4.1.0 from lock file\nnpm error Missing: get-package-type@0.1.0 from lock file\nnpm error Missing: js-yaml@3.14.2 from lock file\nnpm error Missing: resolve-from@5.0.0 from lock file\nnpm error Missing: baseline-browser-mapping@2.8.28 from lock file\nnpm error Missing: caniuse-lite@1.0.30001755 from lock file\nnpm error Missing: electron-to-chromium@1.5.254 from lock file\nnpm error Missing: node-releases@2.0.27 from lock file\nnpm error Missing: update-browserslist-db@1.1.4 from lock file\nnpm error Missing: pkg-dir@4.2.0 from lock file\nnpm error Missing: resolve-cwd@3.0.0 from lock file\nnpm error Missing: make-dir@4.0.0 from lock file\nnpm error Missing: html-escaper@2.0.2 from lock file\nnpm error Missing: execa@5.1.1 from lock file\nnpm error Missing: get-stream@6.0.1 from lock file\nnpm error Missing: human-signals@2.1.0 from lock file\nnpm error Missing: merge-stream@2.0.0 from lock file\nnpm error Missing: npm-run-path@4.0.1 from lock file\nnpm error Missing: onetime@5.1.2 from lock file\nnpm error Missing: signal-exit@3.0.7 from lock file\nnpm error Missing: strip-final-newline@2.0.0 from lock file\nnpm error Missing: @jest/get-type@30.1.0 from lock file\nnpm error Missing: @jest/test-sequencer@30.2.0 from lock file\nnpm error Missing: babel-jest@30.2.0 from lock file\nnpm error Missing: deepmerge@4.3.1 from lock file\nnpm error Missing: glob@10.4.5 from lock file\nnpm error Missing: jest-circus@30.2.0 from lock file\nnpm error Missing: jest-docblock@30.2.0 from lock file\nnpm error Missing: jest-environment-node@30.2.0 from lock file\nnpm error Missing: parse-json@5.2.0 from lock file\nnpm error Missing: @types/babel__core@7.20.5 from lock file\nnpm error Missing: babel-preset-jest@30.2.0 from lock file\nnpm error Missing: @types/babel__generator@7.27.0 from lock file\nnpm error Missing: @types/babel__template@7.4.4 from lock file\nnpm error Missing: @types/babel__traverse@7.28.0 from lock file\nnpm error Missing: babel-plugin-jest-hoist@30.2.0 from lock file\nnpm error Missing: babel-preset-current-node-syntax@1.2.0 from lock file\nnpm error Missing: @babel/plugin-syntax-async-generators@7.8.4 from lock file\nnpm error Missing: @babel/plugin-syntax-bigint@7.8.3 from lock file\nnpm error Missing: @babel/plugin-syntax-class-properties@7.12.13 from lock file\nnpm error Missing: @babel/plugin-syntax-class-static-block@7.14.5 from lock file\nnpm error Missing: @babel/plugin-syntax-import-attributes@7.27.1 from lock file\nnpm error Missing: @babel/plugin-syntax-import-meta@7.10.4 from lock file\nnpm error Missing: @babel/plugin-syntax-json-strings@7.8.3 from lock file\nnpm error Missing: @babel/plugin-syntax-logical-assignment-operators@7.10.4 from lock file\nnpm error Missing: @babel/plugin-syntax-nullish-coalescing-operator@7.8.3 from lock file\nnpm error Missing: @babel/plugin-syntax-numeric-separator@7.10.4 from lock file\nnpm error Missing: @babel/plugin-syntax-object-rest-spread@7.8.3 from lock file\nnpm error Missing: @babel/plugin-syntax-optional-catch-binding@7.8.3 from lock file\nnpm error Missing: @babel/plugin-syntax-optional-chaining@7.8.3 from lock file\nnpm error Missing: @babel/plugin-syntax-private-property-in-object@7.14.5 from lock file\nnpm error Missing: @babel/plugin-syntax-top-level-await@7.14.5 from lock file\nnpm error Missing: @jest/environment@30.2.0 from lock file\nnpm error Missing: @jest/expect@30.2.0 from lock file\nnpm error Missing: co@4.6.0 from lock file\nnpm error Missing: dedent@1.7.0 from lock file\nnpm error Missing: is-generator-fn@2.1.0 from lock file\nnpm error Missing: jest-each@30.2.0 from lock file\nnpm error Missing: jest-matcher-utils@30.2.0 from lock file\nnpm error Missing: pure-rand@7.0.1 from lock file\nnpm error Missing: stack-utils@2.0.6 from lock file\nnpm error Missing: @jest/fake-timers@30.2.0 from lock file\nnpm error Missing: jest-mock@30.2.0 from lock file\nnpm error Missing: expect@30.2.0 from lock file\nnpm error Missing: @sinonjs/fake-timers@13.0.5 from lock file\nnpm error Missing: @sinonjs/commons@3.0.1 from lock file\nnpm error Missing: type-detect@4.0.8 from lock file\nnpm error Missing: @jest/expect-utils@30.2.0 from lock file\nnpm error Missing: detect-newline@3.1.0 from lock file\nnpm error Missing: anymatch@3.1.3 from lock file\nnpm error Missing: fb-watchman@2.0.2 from lock file\nnpm error Missing: fsevents@2.3.3 from lock file\nnpm error Missing: walker@1.0.8 from lock file\nnpm error Missing: normalize-path@3.0.0 from lock file\nnpm error Missing: bser@2.1.1 from lock file\nnpm error Missing: node-int64@0.4.0 from lock file\nnpm error Missing: jest-diff@30.2.0 from lock file\nnpm error Missing: @jest/diff-sequences@30.0.1 from lock file\nnpm error Missing: @types/stack-utils@2.0.3 from lock file\nnpm error Missing: jest-pnp-resolver@1.2.3 from lock file\nnpm error Missing: unrs-resolver@1.11.1 from lock file\nnpm error Missing: emittery@0.13.1 from lock file\nnpm error Missing: jest-leak-detector@30.2.0 from lock file\nnpm error Missing: source-map-support@0.5.13 from lock file\nnpm error Missing: @jest/globals@30.2.0 from lock file\nnpm error Missing: @jest/source-map@30.0.1 from lock file\nnpm error Missing: cjs-module-lexer@2.1.1 from lock file\nnpm error Missing: glob@10.4.5 from lock file\nnpm error Missing: strip-bom@4.0.0 from lock file\nnpm error Missing: @babel/plugin-syntax-jsx@7.27.1 from lock file\nnpm error Missing: @babel/plugin-syntax-typescript@7.27.1 from lock file\nnpm error Missing: @jest/snapshot-utils@30.2.0 from lock file\nnpm error Missing: synckit@0.11.11 from lock file\nnpm error Missing: picomatch@4.0.3 from lock file\nnpm error Missing: camelcase@6.3.0 from lock file\nnpm error Missing: leven@3.1.0 from lock file\nnpm error Missing: supports-color@8.1.1 from lock file\nnpm error Missing: mimic-fn@2.1.0 from lock file\nnpm error Missing: error-ex@1.3.4 from lock file\nnpm error Missing: json-parse-even-better-errors@2.3.1 from lock file\nnpm error Missing: lines-and-columns@1.2.4 from lock file\nnpm error Missing: is-arrayish@0.2.1 from lock file\nnpm error Missing: find-up@4.1.0 from lock file\nnpm error Missing: ansi-styles@5.2.0 from lock file\nnpm error Missing: react-is@18.3.1 from lock file\nnpm error Missing: resolve-from@5.0.0 from lock file\nnpm error Missing: buffer-from@1.1.2 from lock file\nnpm error Missing: source-map@0.6.1 from lock file\nnpm error Missing: escape-string-regexp@2.0.0 from lock file\nnpm error Missing: char-regex@1.0.2 from lock file\nnpm error Missing: @pkgr/core@0.2.9 from lock file\nnpm error Missing: @unrs/resolver-binding-android-arm-eabi@1.11.1 from lock file\nnpm error Missing: @unrs/resolver-binding-android-arm64@1.11.1 from lock file\nnpm error Missing: @unrs/resolver-binding-darwin-arm64@1.11.1 from lock file\nnpm error Missing: @unrs/resolver-binding-darwin-x64@1.11.1 from lock file\nnpm error Missing: @unrs/resolver-binding-freebsd-x64@1.11.1 from lock file\nnpm error Missing: @unrs/resolver-binding-linux-arm-gnueabihf@1.11.1 from lock file\nnpm error Missing: @unrs/resolver-binding-linux-arm-musleabihf@1.11.1 from lock file\nnpm error Missing: @unrs/resolver-binding-linux-arm64-gnu@1.11.1 from lock file\nnpm error Missing: @unrs/resolver-binding-linux-arm64-musl@1.11.1 from lock file\nnpm error Missing: @unrs/resolver-binding-linux-ppc64-gnu@1.11.1 from lock file\nnpm error Missing: @unrs/resolver-binding-linux-riscv64-gnu@1.11.1 from lock file\nnpm error Missing: @unrs/resolver-binding-linux-riscv64-musl@1.11.1 from lock file\nnpm error Missing: @unrs/resolver-binding-linux-s390x-gnu@1.11.1 from lock file\nnpm error Missing: @unrs/resolver-binding-linux-x64-gnu@1.11.1 from lock file\nnpm error Missing: @unrs/resolver-binding-linux-x64-musl@1.11.1 from lock file\nnpm error Missing: @unrs/resolver-binding-wasm32-wasi@1.11.1 from lock file\nnpm error Missing: @unrs/resolver-binding-win32-arm64-msvc@1.11.1 from lock file\nnpm error Missing: @unrs/resolver-binding-win32-ia32-msvc@1.11.1 from lock file\nnpm error Missing: @unrs/resolver-binding-win32-x64-msvc@1.11.1 from lock file\nnpm error Missing: napi-postinstall@0.3.4 from lock file\nnpm error Missing: @napi-rs/wasm-runtime@0.2.12 from lock file\nnpm error Missing: @emnapi/core@1.7.1 from lock file\nnpm error Missing: @emnapi/runtime@1.7.1 from lock file\nnpm error Missing: @tybys/wasm-util@0.10.1 from lock file\nnpm error Missing: @emnapi/wasi-threads@1.1.0 from lock file\nnpm error Missing: makeerror@1.0.12 from lock file\nnpm error Missing: tmpl@1.0.5 from lock file\nnpm error Missing: signal-exit@4.1.0 from lock file\nnpm error Missing: yallist@3.1.1 from lock file\nnpm error Missing: locate-path@5.0.0 from lock file\nnpm error Missing: argparse@1.0.10 from lock file\nnpm error Missing: esprima@4.0.1 from lock file\nnpm error Missing: sprintf-js@1.0.3 from lock file\nnpm error Missing: p-locate@4.1.0 from lock file\nnpm error Missing: p-limit@2.3.0 from lock file\nnpm error Missing: p-try@2.2.0 from lock file\nnpm error Missing: foreground-child@3.3.1 from lock file\nnpm error Missing: jackspeak@3.4.3 from lock file\nnpm error Missing: minimatch@9.0.5 from lock file\nnpm error Missing: minipass@7.1.2 from lock file\nnpm error Missing: package-json-from-dist@1.0.1 from lock file\nnpm error Missing: path-scurry@1.11.1 from lock file\nnpm error Missing: signal-exit@4.1.0 from lock file\nnpm error Missing: @isaacs/cliui@8.0.2 from lock file\nnpm error Missing: @pkgjs/parseargs@0.11.0 from lock file\nnpm error Missing: string-width@5.1.2 from lock file\nnpm error Missing: string-width-cjs@4.2.3 from lock file\nnpm error Missing: strip-ansi@7.1.2 from lock file\nnpm error Missing: strip-ansi-cjs@6.0.1 from lock file\nnpm error Missing: wrap-ansi@8.1.0 from lock file\nnpm error Missing: wrap-ansi-cjs@7.0.0 from lock file\nnpm error Missing: lru-cache@10.4.3 from lock file\nnpm error Missing: eastasianwidth@0.2.0 from lock file\nnpm error Missing: emoji-regex@9.2.2 from lock file\nnpm error Missing: ansi-regex@6.2.2 from lock file\nnpm error Missing: ansi-styles@6.2.3 from lock file\nnpm error Missing: brace-expansion@2.0.2 from lock file\nnpm error Missing: minimatch@9.0.5 from lock file\nnpm error Missing: brace-expansion@2.0.2 from lock file\nnpm error Missing: minimatch@9.0.5 from lock file\nnpm error Missing: brace-expansion@2.0.2 from lock file\nnpm error Missing: locate-path@5.0.0 from lock file\nnpm error Missing: p-locate@4.1.0 from lock file\nnpm error Missing: p-limit@2.3.0 from lock file\nnpm error\nnpm error Clean install a project\nnpm error\nnpm error Usage:\nnpm error npm ci\nnpm error\nnpm error Options:\nnpm error [--install-strategy <hoisted|nested|shallow|linked>] [--legacy-bundling]\nnpm error [--global-style] [--omit <dev|optional|peer> [--omit <dev|optional|peer> ...]]\nnpm error [--include <prod|dev|optional|peer> [--include <prod|dev|optional|peer> ...]]\nnpm error [--strict-peer-deps] [--foreground-scripts] [--ignore-scripts] [--no-audit]\nnpm error [--no-bin-links] [--no-fund] [--dry-run]\nnpm error [-w|--workspace <workspace-name> [-w|--workspace <workspace-name> ...]]\nnpm error [-ws|--workspaces] [--include-workspace-root] [--install-links]\nnpm error\nnpm error aliases: clean-install, ic, install-clean, isntall-clean\nnpm error\nnpm error Run \"npm help ci\" for more info\nnpm error A complete log of this run can be found in: /www-data-home/.npm/_logs/2025-11-17T01_29_36_593Z-debug-0.log. For more details see the logs at https://console.cloud.google.com/cloud-build/builds;region=us-central1/ab53cf6f-9b9b-4e72-b047-bb6549f14c3a?project=388226025861."
    },
    "status": 3,
    "code": 3
  }
}
[debug] [2025-11-17T01:31:46.796Z] {
  "endpoint": {
    "id": "regenerateDownloadUrl",
    "project": "laura-butallo-web",
    "region": "us-central1",
    "entryPoint": "regenerateDownloadUrl",
    "platform": "gcfv2",
    "runtime": "nodejs22",
    "callableTrigger": {},
    "labels": {
      "deployment-tool": "cli-firebase"
    },
    "serviceAccount": null,
    "ingressSettings": null,
    "availableMemoryMb": null,
    "timeoutSeconds": null,
    "maxInstances": 10,
    "minInstances": null,
    "concurrency": 80,
    "vpc": null,
    "environmentVariables": {
      "FIREBASE_CONFIG": "{\"projectId\":\"laura-butallo-web\",\"storageBucket\":\"laura-butallo-web.firebasestorage.app\"}",
      "GCLOUD_PROJECT": "laura-butallo-web",
      "EVENTARC_CLOUD_EVENT_SOURCE": "projects/laura-butallo-web/locations/us-central1/services/regenerateDownloadUrl",
      "FUNCTION_TARGET": "regenerateDownloadUrl",
      "LOG_EXECUTION_ID": "true",
      "FUNCTION_SIGNATURE_TYPE": "http"
    },
    "codebase": "default",
    "runServiceId": "regeneratedownloadurl",
    "cpu": 1,
    "securityLevel": "SECURE_ALWAYS",
    "targetedByOnly": false,
    "hash": "d11ed15f804aa79f0f35be9712b2470e6e47da66"
  },
  "op": "update",
  "original": {
    "name": "FirebaseError",
    "children": [],
    "exit": 1,
    "message": "Build failed with status: FAILURE and message: npm error code EUSAGE\nnpm error\nnpm error `npm ci` can only install packages when your package.json and package-lock.json or npm-shrinkwrap.json are in sync. Please update your lock file with `npm install` before continuing.\nnpm error\nnpm error Missing: jest@30.2.0 from lock file\nnpm error Missing: @jest/core@30.2.0 from lock file\nnpm error Missing: @jest/types@30.2.0 from lock file\nnpm error Missing: import-local@3.2.0 from lock file\nnpm error Missing: jest-cli@30.2.0 from lock file\nnpm error Missing: @jest/console@30.2.0 from lock file\nnpm error Missing: @jest/pattern@30.0.1 from lock file\nnpm error Missing: @jest/reporters@30.2.0 from lock file\nnpm error Missing: @jest/test-result@30.2.0 from lock file\nnpm error Missing: @jest/transform@30.2.0 from lock file\nnpm error Missing: ansi-escapes@4.3.2 from lock file\nnpm error Missing: ci-info@4.3.1 from lock file\nnpm error Missing: exit-x@0.2.2 from lock file\nnpm error Missing: graceful-fs@4.2.11 from lock file\nnpm error Missing: jest-changed-files@30.2.0 from lock file\nnpm error Missing: jest-config@30.2.0 from lock file\nnpm error Missing: jest-haste-map@30.2.0 from lock file\nnpm error Missing: jest-message-util@30.2.0 from lock file\nnpm error Missing: jest-regex-util@30.0.1 from lock file\nnpm error Missing: jest-resolve@30.2.0 from lock file\nnpm error Missing: jest-resolve-dependencies@30.2.0 from lock file\nnpm error Missing: jest-runner@30.2.0 from lock file\nnpm error Missing: jest-runtime@30.2.0 from lock file\nnpm error Missing: jest-snapshot@30.2.0 from lock file\nnpm error Missing: jest-util@30.2.0 from lock file\nnpm error Missing: jest-validate@30.2.0 from lock file\nnpm error Missing: jest-watcher@30.2.0 from lock file\nnpm error Missing: pretty-format@30.2.0 from lock file\nnpm error Missing: @bcoe/v8-coverage@0.2.3 from lock file\nnpm error Missing: @jridgewell/trace-mapping@0.3.31 from lock file\nnpm error Missing: collect-v8-coverage@1.0.3 from lock file\nnpm error Missing: glob@10.4.5 from lock file\nnpm error Missing: istanbul-lib-coverage@3.2.2 from lock file\nnpm error Missing: istanbul-lib-instrument@6.0.3 from lock file\nnpm error Missing: istanbul-lib-report@3.0.1 from lock file\nnpm error Missing: istanbul-lib-source-maps@5.0.6 from lock file\nnpm error Missing: istanbul-reports@3.2.0 from lock file\nnpm error Missing: jest-worker@30.2.0 from lock file\nnpm error Missing: string-length@4.0.2 from lock file\nnpm error Missing: v8-to-istanbul@9.3.0 from lock file\nnpm error Missing: @types/istanbul-lib-coverage@2.0.6 from lock file\nnpm error Missing: @babel/core@7.28.5 from lock file\nnpm error Missing: babel-plugin-istanbul@7.0.1 from lock file\nnpm error Missing: convert-source-map@2.0.0 from lock file\nnpm error Missing: pirates@4.0.7 from lock file\nnpm error Missing: write-file-atomic@5.0.1 from lock file\nnpm error Missing: @babel/code-frame@7.27.1 from lock file\nnpm error Missing: @babel/generator@7.28.5 from lock file\nnpm error Missing: @babel/helper-compilation-targets@7.27.2 from lock file\nnpm error Missing: @babel/helper-module-transforms@7.28.3 from lock file\nnpm error Missing: @babel/helpers@7.28.4 from lock file\nnpm error Missing: @babel/parser@7.28.5 from lock file\nnpm error Missing: @babel/template@7.27.2 from lock file\nnpm error Missing: @babel/traverse@7.28.5 from lock file\nnpm error Missing: @babel/types@7.28.5 from lock file\nnpm error Missing: @jridgewell/remapping@2.3.5 from lock file\nnpm error Missing: gensync@1.0.0-beta.2 from lock file\nnpm error Missing: json5@2.2.3 from lock file\nnpm error Missing: semver@6.3.1 from lock file\nnpm error Missing: @babel/helper-validator-identifier@7.28.5 from lock file\nnpm error Missing: js-tokens@4.0.0 from lock file\nnpm error Missing: picocolors@1.1.1 from lock file\nnpm error Missing: @jridgewell/gen-mapping@0.3.13 from lock file\nnpm error Missing: jsesc@3.1.0 from lock file\nnpm error Missing: @babel/compat-data@7.28.5 from lock file\nnpm error Missing: @babel/helper-validator-option@7.27.1 from lock file\nnpm error Missing: browserslist@4.28.0 from lock file\nnpm error Missing: lru-cache@5.1.1 from lock file\nnpm error Missing: semver@6.3.1 from lock file\nnpm error Missing: @babel/helper-module-imports@7.27.1 from lock file\nnpm error Missing: @babel/helper-globals@7.28.0 from lock file\nnpm error Missing: @babel/helper-string-parser@7.27.1 from lock file\nnpm error Missing: @jest/schemas@30.0.5 from lock file\nnpm error Missing: @types/istanbul-reports@3.0.4 from lock file\nnpm error Missing: @types/yargs@17.0.35 from lock file\nnpm error Missing: @sinclair/typebox@0.34.41 from lock file\nnpm error Missing: @jridgewell/sourcemap-codec@1.5.5 from lock file\nnpm error Missing: @jridgewell/resolve-uri@3.1.2 from lock file\nnpm error Missing: @types/istanbul-lib-report@3.0.3 from lock file\nnpm error Missing: @types/yargs-parser@21.0.3 from lock file\nnpm error Missing: type-fest@0.21.3 from lock file\nnpm error Missing: @babel/helper-plugin-utils@7.27.1 from lock file\nnpm error Missing: @istanbuljs/load-nyc-config@1.1.0 from lock file\nnpm error Missing: @istanbuljs/schema@0.1.3 from lock file\nnpm error Missing: test-exclude@6.0.0 from lock file\nnpm error Missing: camelcase@5.3.1 from lock file\nnpm error Missing: find-up@4.1.0 from lock file\nnpm error Missing: get-package-type@0.1.0 from lock file\nnpm error Missing: js-yaml@3.14.2 from lock file\nnpm error Missing: resolve-from@5.0.0 from lock file\nnpm error Missing: baseline-browser-mapping@2.8.28 from lock file\nnpm error Missing: caniuse-lite@1.0.30001755 from lock file\nnpm error Missing: electron-to-chromium@1.5.254 from lock file\nnpm error Missing: node-releases@2.0.27 from lock file\nnpm error Missing: update-browserslist-db@1.1.4 from lock file\nnpm error Missing: pkg-dir@4.2.0 from lock file\nnpm error Missing: resolve-cwd@3.0.0 from lock file\nnpm error Missing: make-dir@4.0.0 from lock file\nnpm error Missing: html-escaper@2.0.2 from lock file\nnpm error Missing: execa@5.1.1 from lock file\nnpm error Missing: get-stream@6.0.1 from lock file\nnpm error Missing: human-signals@2.1.0 from lock file\nnpm error Missing: merge-stream@2.0.0 from lock file\nnpm error Missing: npm-run-path@4.0.1 from lock file\nnpm error Missing: onetime@5.1.2 from lock file\nnpm error Missing: signal-exit@3.0.7 from lock file\nnpm error Missing: strip-final-newline@2.0.0 from lock file\nnpm error Missing: @jest/get-type@30.1.0 from lock file\nnpm error Missing: @jest/test-sequencer@30.2.0 from lock file\nnpm error Missing: babel-jest@30.2.0 from lock file\nnpm error Missing: deepmerge@4.3.1 from lock file\nnpm error Missing: glob@10.4.5 from lock file\nnpm error Missing: jest-circus@30.2.0 from lock file\nnpm error Missing: jest-docblock@30.2.0 from lock file\nnpm error Missing: jest-environment-node@30.2.0 from lock file\nnpm error Missing: parse-json@5.2.0 from lock file\nnpm error Missing: @types/babel__core@7.20.5 from lock file\nnpm error Missing: babel-preset-jest@30.2.0 from lock file\nnpm error Missing: @types/babel__generator@7.27.0 from lock file\nnpm error Missing: @types/babel__template@7.4.4 from lock file\nnpm error Missing: @types/babel__traverse@7.28.0 from lock file\nnpm error Missing: babel-plugin-jest-hoist@30.2.0 from lock file\nnpm error Missing: babel-preset-current-node-syntax@1.2.0 from lock file\nnpm error Missing: @babel/plugin-syntax-async-generators@7.8.4 from lock file\nnpm error Missing: @babel/plugin-syntax-bigint@7.8.3 from lock file\nnpm error Missing: @babel/plugin-syntax-class-properties@7.12.13 from lock file\nnpm error Missing: @babel/plugin-syntax-class-static-block@7.14.5 from lock file\nnpm error Missing: @babel/plugin-syntax-import-attributes@7.27.1 from lock file\nnpm error Missing: @babel/plugin-syntax-import-meta@7.10.4 from lock file\nnpm error Missing: @babel/plugin-syntax-json-strings@7.8.3 from lock file\nnpm error Missing: @babel/plugin-syntax-logical-assignment-operators@7.10.4 from lock file\nnpm error Missing: @babel/plugin-syntax-nullish-coalescing-operator@7.8.3 from lock file\nnpm error Missing: @babel/plugin-syntax-numeric-separator@7.10.4 from lock file\nnpm error Missing: @babel/plugin-syntax-object-rest-spread@7.8.3 from lock file\nnpm error Missing: @babel/plugin-syntax-optional-catch-binding@7.8.3 from lock file\nnpm error Missing: @babel/plugin-syntax-optional-chaining@7.8.3 from lock file\nnpm error Missing: @babel/plugin-syntax-private-property-in-object@7.14.5 from lock file\nnpm error Missing: @babel/plugin-syntax-top-level-await@7.14.5 from lock file\nnpm error Missing: @jest/environment@30.2.0 from lock file\nnpm error Missing: @jest/expect@30.2.0 from lock file\nnpm error Missing: co@4.6.0 from lock file\nnpm error Missing: dedent@1.7.0 from lock file\nnpm error Missing: is-generator-fn@2.1.0 from lock file\nnpm error Missing: jest-each@30.2.0 from lock file\nnpm error Missing: jest-matcher-utils@30.2.0 from lock file\nnpm error Missing: pure-rand@7.0.1 from lock file\nnpm error Missing: stack-utils@2.0.6 from lock file\nnpm error Missing: @jest/fake-timers@30.2.0 from lock file\nnpm error Missing: jest-mock@30.2.0 from lock file\nnpm error Missing: expect@30.2.0 from lock file\nnpm error Missing: @sinonjs/fake-timers@13.0.5 from lock file\nnpm error Missing: @sinonjs/commons@3.0.1 from lock file\nnpm error Missing: type-detect@4.0.8 from lock file\nnpm error Missing: @jest/expect-utils@30.2.0 from lock file\nnpm error Missing: detect-newline@3.1.0 from lock file\nnpm error Missing: anymatch@3.1.3 from lock file\nnpm error Missing: fb-watchman@2.0.2 from lock file\nnpm error Missing: fsevents@2.3.3 from lock file\nnpm error Missing: walker@1.0.8 from lock file\nnpm error Missing: normalize-path@3.0.0 from lock file\nnpm error Missing: bser@2.1.1 from lock file\nnpm error Missing: node-int64@0.4.0 from lock file\nnpm error Missing: jest-diff@30.2.0 from lock file\nnpm error Missing: @jest/diff-sequences@30.0.1 from lock file\nnpm error Missing: @types/stack-utils@2.0.3 from lock file\nnpm error Missing: jest-pnp-resolver@1.2.3 from lock file\nnpm error Missing: unrs-resolver@1.11.1 from lock file\nnpm error Missing: emittery@0.13.1 from lock file\nnpm error Missing: jest-leak-detector@30.2.0 from lock file\nnpm error Missing: source-map-support@0.5.13 from lock file\nnpm error Missing: @jest/globals@30.2.0 from lock file\nnpm error Missing: @jest/source-map@30.0.1 from lock file\nnpm error Missing: cjs-module-lexer@2.1.1 from lock file\nnpm error Missing: glob@10.4.5 from lock file\nnpm error Missing: strip-bom@4.0.0 from lock file\nnpm error Missing: @babel/plugin-syntax-jsx@7.27.1 from lock file\nnpm error Missing: @babel/plugin-syntax-typescript@7.27.1 from lock file\nnpm error Missing: @jest/snapshot-utils@30.2.0 from lock file\nnpm error Missing: synckit@0.11.11 from lock file\nnpm error Missing: picomatch@4.0.3 from lock file\nnpm error Missing: camelcase@6.3.0 from lock file\nnpm error Missing: leven@3.1.0 from lock file\nnpm error Missing: supports-color@8.1.1 from lock file\nnpm error Missing: mimic-fn@2.1.0 from lock file\nnpm error Missing: error-ex@1.3.4 from lock file\nnpm error Missing: json-parse-even-better-errors@2.3.1 from lock file\nnpm error Missing: lines-and-columns@1.2.4 from lock file\nnpm error Missing: is-arrayish@0.2.1 from lock file\nnpm error Missing: find-up@4.1.0 from lock file\nnpm error Missing: ansi-styles@5.2.0 from lock file\nnpm error Missing: react-is@18.3.1 from lock file\nnpm error Missing: resolve-from@5.0.0 from lock file\nnpm error Missing: buffer-from@1.1.2 from lock file\nnpm error Missing: source-map@0.6.1 from lock file\nnpm error Missing: escape-string-regexp@2.0.0 from lock file\nnpm error Missing: char-regex@1.0.2 from lock file\nnpm error Missing: @pkgr/core@0.2.9 from lock file\nnpm error Missing: @unrs/resolver-binding-android-arm-eabi@1.11.1 from lock file\nnpm error Missing: @unrs/resolver-binding-android-arm64@1.11.1 from lock file\nnpm error Missing: @unrs/resolver-binding-darwin-arm64@1.11.1 from lock file\nnpm error Missing: @unrs/resolver-binding-darwin-x64@1.11.1 from lock file\nnpm error Missing: @unrs/resolver-binding-freebsd-x64@1.11.1 from lock file\nnpm error Missing: @unrs/resolver-binding-linux-arm-gnueabihf@1.11.1 from lock file\nnpm error Missing: @unrs/resolver-binding-linux-arm-musleabihf@1.11.1 from lock file\nnpm error Missing: @unrs/resolver-binding-linux-arm64-gnu@1.11.1 from lock file\nnpm error Missing: @unrs/resolver-binding-linux-arm64-musl@1.11.1 from lock file\nnpm error Missing: @unrs/resolver-binding-linux-ppc64-gnu@1.11.1 from lock file\nnpm error Missing: @unrs/resolver-binding-linux-riscv64-gnu@1.11.1 from lock file\nnpm error Missing: @unrs/resolver-binding-linux-riscv64-musl@1.11.1 from lock file\nnpm error Missing: @unrs/resolver-binding-linux-s390x-gnu@1.11.1 from lock file\nnpm error Missing: @unrs/resolver-binding-linux-x64-gnu@1.11.1 from lock file\nnpm error Missing: @unrs/resolver-binding-linux-x64-musl@1.11.1 from lock file\nnpm error Missing: @unrs/resolver-binding-wasm32-wasi@1.11.1 from lock file\nnpm error Missing: @unrs/resolver-binding-win32-arm64-msvc@1.11.1 from lock file\nnpm error Missing: @unrs/resolver-binding-win32-ia32-msvc@1.11.1 from lock file\nnpm error Missing: @unrs/resolver-binding-win32-x64-msvc@1.11.1 from lock file\nnpm error Missing: napi-postinstall@0.3.4 from lock file\nnpm error Missing: @napi-rs/wasm-runtime@0.2.12 from lock file\nnpm error Missing: @emnapi/core@1.7.1 from lock file\nnpm error Missing: @emnapi/runtime@1.7.1 from lock file\nnpm error Missing: @tybys/wasm-util@0.10.1 from lock file\nnpm error Missing: @emnapi/wasi-threads@1.1.0 from lock file\nnpm error Missing: makeerror@1.0.12 from lock file\nnpm error Missing: tmpl@1.0.5 from lock file\nnpm error Missing: signal-exit@4.1.0 from lock file\nnpm error Missing: yallist@3.1.1 from lock file\nnpm error Missing: locate-path@5.0.0 from lock file\nnpm error Missing: argparse@1.0.10 from lock file\nnpm error Missing: esprima@4.0.1 from lock file\nnpm error Missing: sprintf-js@1.0.3 from lock file\nnpm error Missing: p-locate@4.1.0 from lock file\nnpm error Missing: p-limit@2.3.0 from lock file\nnpm error Missing: p-try@2.2.0 from lock file\nnpm error Missing: foreground-child@3.3.1 from lock file\nnpm error Missing: jackspeak@3.4.3 from lock file\nnpm error Missing: minimatch@9.0.5 from lock file\nnpm error Missing: minipass@7.1.2 from lock file\nnpm error Missing: package-json-from-dist@1.0.1 from lock file\nnpm error Missing: path-scurry@1.11.1 from lock file\nnpm error Missing: signal-exit@4.1.0 from lock file\nnpm error Missing: @isaacs/cliui@8.0.2 from lock file\nnpm error Missing: @pkgjs/parseargs@0.11.0 from lock file\nnpm error Missing: string-width@5.1.2 from lock file\nnpm error Missing: string-width-cjs@4.2.3 from lock file\nnpm error Missing: strip-ansi@7.1.2 from lock file\nnpm error Missing: strip-ansi-cjs@6.0.1 from lock file\nnpm error Missing: wrap-ansi@8.1.0 from lock file\nnpm error Missing: wrap-ansi-cjs@7.0.0 from lock file\nnpm error Missing: lru-cache@10.4.3 from lock file\nnpm error Missing: eastasianwidth@0.2.0 from lock file\nnpm error Missing: emoji-regex@9.2.2 from lock file\nnpm error Missing: ansi-regex@6.2.2 from lock file\nnpm error Missing: ansi-styles@6.2.3 from lock file\nnpm error Missing: brace-expansion@2.0.2 from lock file\nnpm error Missing: minimatch@9.0.5 from lock file\nnpm error Missing: brace-expansion@2.0.2 from lock file\nnpm error Missing: minimatch@9.0.5 from lock file\nnpm error Missing: brace-expansion@2.0.2 from lock file\nnpm error Missing: locate-path@5.0.0 from lock file\nnpm error Missing: p-locate@4.1.0 from lock file\nnpm error Missing: p-limit@2.3.0 from lock file\nnpm error\nnpm error Clean install a project\nnpm error\nnpm error Usage:\nnpm error npm ci\nnpm error\nnpm error Options:\nnpm error [--install-strategy <hoisted|nested|shallow|linked>] [--legacy-bundling]\nnpm error [--global-style] [--omit <dev|optional|peer> [--omit <dev|optional|peer> ...]]\nnpm error [--include <prod|dev|optional|peer> [--include <prod|dev|optional|peer> ...]]\nnpm error [--strict-peer-deps] [--foreground-scripts] [--ignore-scripts] [--no-audit]\nnpm error [--no-bin-links] [--no-fund] [--dry-run]\nnpm error [-w|--workspace <workspace-name> [-w|--workspace <workspace-name> ...]]\nnpm error [-ws|--workspaces] [--include-workspace-root] [--install-links]\nnpm error\nnpm error aliases: clean-install, ic, install-clean, isntall-clean\nnpm error\nnpm error Run \"npm help ci\" for more info\nnpm error A complete log of this run can be found in: /www-data-home/.npm/_logs/2025-11-17T01_30_51_390Z-debug-0.log. For more details see the logs at https://console.cloud.google.com/cloud-build/builds;region=us-central1/ee19c948-bce1-4dc5-af9d-cebf57daea18?project=388226025861.",
    "original": {
      "code": 3,
      "message": "Build failed with status: FAILURE and message: npm error code EUSAGE\nnpm error\nnpm error `npm ci` can only install packages when your package.json and package-lock.json or npm-shrinkwrap.json are in sync. Please update your lock file with `npm install` before continuing.\nnpm error\nnpm error Missing: jest@30.2.0 from lock file\nnpm error Missing: @jest/core@30.2.0 from lock file\nnpm error Missing: @jest/types@30.2.0 from lock file\nnpm error Missing: import-local@3.2.0 from lock file\nnpm error Missing: jest-cli@30.2.0 from lock file\nnpm error Missing: @jest/console@30.2.0 from lock file\nnpm error Missing: @jest/pattern@30.0.1 from lock file\nnpm error Missing: @jest/reporters@30.2.0 from lock file\nnpm error Missing: @jest/test-result@30.2.0 from lock file\nnpm error Missing: @jest/transform@30.2.0 from lock file\nnpm error Missing: ansi-escapes@4.3.2 from lock file\nnpm error Missing: ci-info@4.3.1 from lock file\nnpm error Missing: exit-x@0.2.2 from lock file\nnpm error Missing: graceful-fs@4.2.11 from lock file\nnpm error Missing: jest-changed-files@30.2.0 from lock file\nnpm error Missing: jest-config@30.2.0 from lock file\nnpm error Missing: jest-haste-map@30.2.0 from lock file\nnpm error Missing: jest-message-util@30.2.0 from lock file\nnpm error Missing: jest-regex-util@30.0.1 from lock file\nnpm error Missing: jest-resolve@30.2.0 from lock file\nnpm error Missing: jest-resolve-dependencies@30.2.0 from lock file\nnpm error Missing: jest-runner@30.2.0 from lock file\nnpm error Missing: jest-runtime@30.2.0 from lock file\nnpm error Missing: jest-snapshot@30.2.0 from lock file\nnpm error Missing: jest-util@30.2.0 from lock file\nnpm error Missing: jest-validate@30.2.0 from lock file\nnpm error Missing: jest-watcher@30.2.0 from lock file\nnpm error Missing: pretty-format@30.2.0 from lock file\nnpm error Missing: @bcoe/v8-coverage@0.2.3 from lock file\nnpm error Missing: @jridgewell/trace-mapping@0.3.31 from lock file\nnpm error Missing: collect-v8-coverage@1.0.3 from lock file\nnpm error Missing: glob@10.4.5 from lock file\nnpm error Missing: istanbul-lib-coverage@3.2.2 from lock file\nnpm error Missing: istanbul-lib-instrument@6.0.3 from lock file\nnpm error Missing: istanbul-lib-report@3.0.1 from lock file\nnpm error Missing: istanbul-lib-source-maps@5.0.6 from lock file\nnpm error Missing: istanbul-reports@3.2.0 from lock file\nnpm error Missing: jest-worker@30.2.0 from lock file\nnpm error Missing: string-length@4.0.2 from lock file\nnpm error Missing: v8-to-istanbul@9.3.0 from lock file\nnpm error Missing: @types/istanbul-lib-coverage@2.0.6 from lock file\nnpm error Missing: @babel/core@7.28.5 from lock file\nnpm error Missing: babel-plugin-istanbul@7.0.1 from lock file\nnpm error Missing: convert-source-map@2.0.0 from lock file\nnpm error Missing: pirates@4.0.7 from lock file\nnpm error Missing: write-file-atomic@5.0.1 from lock file\nnpm error Missing: @babel/code-frame@7.27.1 from lock file\nnpm error Missing: @babel/generator@7.28.5 from lock file\nnpm error Missing: @babel/helper-compilation-targets@7.27.2 from lock file\nnpm error Missing: @babel/helper-module-transforms@7.28.3 from lock file\nnpm error Missing: @babel/helpers@7.28.4 from lock file\nnpm error Missing: @babel/parser@7.28.5 from lock file\nnpm error Missing: @babel/template@7.27.2 from lock file\nnpm error Missing: @babel/traverse@7.28.5 from lock file\nnpm error Missing: @babel/types@7.28.5 from lock file\nnpm error Missing: @jridgewell/remapping@2.3.5 from lock file\nnpm error Missing: gensync@1.0.0-beta.2 from lock file\nnpm error Missing: json5@2.2.3 from lock file\nnpm error Missing: semver@6.3.1 from lock file\nnpm error Missing: @babel/helper-validator-identifier@7.28.5 from lock file\nnpm error Missing: js-tokens@4.0.0 from lock file\nnpm error Missing: picocolors@1.1.1 from lock file\nnpm error Missing: @jridgewell/gen-mapping@0.3.13 from lock file\nnpm error Missing: jsesc@3.1.0 from lock file\nnpm error Missing: @babel/compat-data@7.28.5 from lock file\nnpm error Missing: @babel/helper-validator-option@7.27.1 from lock file\nnpm error Missing: browserslist@4.28.0 from lock file\nnpm error Missing: lru-cache@5.1.1 from lock file\nnpm error Missing: semver@6.3.1 from lock file\nnpm error Missing: @babel/helper-module-imports@7.27.1 from lock file\nnpm error Missing: @babel/helper-globals@7.28.0 from lock file\nnpm error Missing: @babel/helper-string-parser@7.27.1 from lock file\nnpm error Missing: @jest/schemas@30.0.5 from lock file\nnpm error Missing: @types/istanbul-reports@3.0.4 from lock file\nnpm error Missing: @types/yargs@17.0.35 from lock file\nnpm error Missing: @sinclair/typebox@0.34.41 from lock file\nnpm error Missing: @jridgewell/sourcemap-codec@1.5.5 from lock file\nnpm error Missing: @jridgewell/resolve-uri@3.1.2 from lock file\nnpm error Missing: @types/istanbul-lib-report@3.0.3 from lock file\nnpm error Missing: @types/yargs-parser@21.0.3 from lock file\nnpm error Missing: type-fest@0.21.3 from lock file\nnpm error Missing: @babel/helper-plugin-utils@7.27.1 from lock file\nnpm error Missing: @istanbuljs/load-nyc-config@1.1.0 from lock file\nnpm error Missing: @istanbuljs/schema@0.1.3 from lock file\nnpm error Missing: test-exclude@6.0.0 from lock file\nnpm error Missing: camelcase@5.3.1 from lock file\nnpm error Missing: find-up@4.1.0 from lock file\nnpm error Missing: get-package-type@0.1.0 from lock file\nnpm error Missing: js-yaml@3.14.2 from lock file\nnpm error Missing: resolve-from@5.0.0 from lock file\nnpm error Missing: baseline-browser-mapping@2.8.28 from lock file\nnpm error Missing: caniuse-lite@1.0.30001755 from lock file\nnpm error Missing: electron-to-chromium@1.5.254 from lock file\nnpm error Missing: node-releases@2.0.27 from lock file\nnpm error Missing: update-browserslist-db@1.1.4 from lock file\nnpm error Missing: pkg-dir@4.2.0 from lock file\nnpm error Missing: resolve-cwd@3.0.0 from lock file\nnpm error Missing: make-dir@4.0.0 from lock file\nnpm error Missing: html-escaper@2.0.2 from lock file\nnpm error Missing: execa@5.1.1 from lock file\nnpm error Missing: get-stream@6.0.1 from lock file\nnpm error Missing: human-signals@2.1.0 from lock file\nnpm error Missing: merge-stream@2.0.0 from lock file\nnpm error Missing: npm-run-path@4.0.1 from lock file\nnpm error Missing: onetime@5.1.2 from lock file\nnpm error Missing: signal-exit@3.0.7 from lock file\nnpm error Missing: strip-final-newline@2.0.0 from lock file\nnpm error Missing: @jest/get-type@30.1.0 from lock file\nnpm error Missing: @jest/test-sequencer@30.2.0 from lock file\nnpm error Missing: babel-jest@30.2.0 from lock file\nnpm error Missing: deepmerge@4.3.1 from lock file\nnpm error Missing: glob@10.4.5 from lock file\nnpm error Missing: jest-circus@30.2.0 from lock file\nnpm error Missing: jest-docblock@30.2.0 from lock file\nnpm error Missing: jest-environment-node@30.2.0 from lock file\nnpm error Missing: parse-json@5.2.0 from lock file\nnpm error Missing: @types/babel__core@7.20.5 from lock file\nnpm error Missing: babel-preset-jest@30.2.0 from lock file\nnpm error Missing: @types/babel__generator@7.27.0 from lock file\nnpm error Missing: @types/babel__template@7.4.4 from lock file\nnpm error Missing: @types/babel__traverse@7.28.0 from lock file\nnpm error Missing: babel-plugin-jest-hoist@30.2.0 from lock file\nnpm error Missing: babel-preset-current-node-syntax@1.2.0 from lock file\nnpm error Missing: @babel/plugin-syntax-async-generators@7.8.4 from lock file\nnpm error Missing: @babel/plugin-syntax-bigint@7.8.3 from lock file\nnpm error Missing: @babel/plugin-syntax-class-properties@7.12.13 from lock file\nnpm error Missing: @babel/plugin-syntax-class-static-block@7.14.5 from lock file\nnpm error Missing: @babel/plugin-syntax-import-attributes@7.27.1 from lock file\nnpm error Missing: @babel/plugin-syntax-import-meta@7.10.4 from lock file\nnpm error Missing: @babel/plugin-syntax-json-strings@7.8.3 from lock file\nnpm error Missing: @babel/plugin-syntax-logical-assignment-operators@7.10.4 from lock file\nnpm error Missing: @babel/plugin-syntax-nullish-coalescing-operator@7.8.3 from lock file\nnpm error Missing: @babel/plugin-syntax-numeric-separator@7.10.4 from lock file\nnpm error Missing: @babel/plugin-syntax-object-rest-spread@7.8.3 from lock file\nnpm error Missing: @babel/plugin-syntax-optional-catch-binding@7.8.3 from lock file\nnpm error Missing: @babel/plugin-syntax-optional-chaining@7.8.3 from lock file\nnpm error Missing: @babel/plugin-syntax-private-property-in-object@7.14.5 from lock file\nnpm error Missing: @babel/plugin-syntax-top-level-await@7.14.5 from lock file\nnpm error Missing: @jest/environment@30.2.0 from lock file\nnpm error Missing: @jest/expect@30.2.0 from lock file\nnpm error Missing: co@4.6.0 from lock file\nnpm error Missing: dedent@1.7.0 from lock file\nnpm error Missing: is-generator-fn@2.1.0 from lock file\nnpm error Missing: jest-each@30.2.0 from lock file\nnpm error Missing: jest-matcher-utils@30.2.0 from lock file\nnpm error Missing: pure-rand@7.0.1 from lock file\nnpm error Missing: stack-utils@2.0.6 from lock file\nnpm error Missing: @jest/fake-timers@30.2.0 from lock file\nnpm error Missing: jest-mock@30.2.0 from lock file\nnpm error Missing: expect@30.2.0 from lock file\nnpm error Missing: @sinonjs/fake-timers@13.0.5 from lock file\nnpm error Missing: @sinonjs/commons@3.0.1 from lock file\nnpm error Missing: type-detect@4.0.8 from lock file\nnpm error Missing: @jest/expect-utils@30.2.0 from lock file\nnpm error Missing: detect-newline@3.1.0 from lock file\nnpm error Missing: anymatch@3.1.3 from lock file\nnpm error Missing: fb-watchman@2.0.2 from lock file\nnpm error Missing: fsevents@2.3.3 from lock file\nnpm error Missing: walker@1.0.8 from lock file\nnpm error Missing: normalize-path@3.0.0 from lock file\nnpm error Missing: bser@2.1.1 from lock file\nnpm error Missing: node-int64@0.4.0 from lock file\nnpm error Missing: jest-diff@30.2.0 from lock file\nnpm error Missing: @jest/diff-sequences@30.0.1 from lock file\nnpm error Missing: @types/stack-utils@2.0.3 from lock file\nnpm error Missing: jest-pnp-resolver@1.2.3 from lock file\nnpm error Missing: unrs-resolver@1.11.1 from lock file\nnpm error Missing: emittery@0.13.1 from lock file\nnpm error Missing: jest-leak-detector@30.2.0 from lock file\nnpm error Missing: source-map-support@0.5.13 from lock file\nnpm error Missing: @jest/globals@30.2.0 from lock file\nnpm error Missing: @jest/source-map@30.0.1 from lock file\nnpm error Missing: cjs-module-lexer@2.1.1 from lock file\nnpm error Missing: glob@10.4.5 from lock file\nnpm error Missing: strip-bom@4.0.0 from lock file\nnpm error Missing: @babel/plugin-syntax-jsx@7.27.1 from lock file\nnpm error Missing: @babel/plugin-syntax-typescript@7.27.1 from lock file\nnpm error Missing: @jest/snapshot-utils@30.2.0 from lock file\nnpm error Missing: synckit@0.11.11 from lock file\nnpm error Missing: picomatch@4.0.3 from lock file\nnpm error Missing: camelcase@6.3.0 from lock file\nnpm error Missing: leven@3.1.0 from lock file\nnpm error Missing: supports-color@8.1.1 from lock file\nnpm error Missing: mimic-fn@2.1.0 from lock file\nnpm error Missing: error-ex@1.3.4 from lock file\nnpm error Missing: json-parse-even-better-errors@2.3.1 from lock file\nnpm error Missing: lines-and-columns@1.2.4 from lock file\nnpm error Missing: is-arrayish@0.2.1 from lock file\nnpm error Missing: find-up@4.1.0 from lock file\nnpm error Missing: ansi-styles@5.2.0 from lock file\nnpm error Missing: react-is@18.3.1 from lock file\nnpm error Missing: resolve-from@5.0.0 from lock file\nnpm error Missing: buffer-from@1.1.2 from lock file\nnpm error Missing: source-map@0.6.1 from lock file\nnpm error Missing: escape-string-regexp@2.0.0 from lock file\nnpm error Missing: char-regex@1.0.2 from lock file\nnpm error Missing: @pkgr/core@0.2.9 from lock file\nnpm error Missing: @unrs/resolver-binding-android-arm-eabi@1.11.1 from lock file\nnpm error Missing: @unrs/resolver-binding-android-arm64@1.11.1 from lock file\nnpm error Missing: @unrs/resolver-binding-darwin-arm64@1.11.1 from lock file\nnpm error Missing: @unrs/resolver-binding-darwin-x64@1.11.1 from lock file\nnpm error Missing: @unrs/resolver-binding-freebsd-x64@1.11.1 from lock file\nnpm error Missing: @unrs/resolver-binding-linux-arm-gnueabihf@1.11.1 from lock file\nnpm error Missing: @unrs/resolver-binding-linux-arm-musleabihf@1.11.1 from lock file\nnpm error Missing: @unrs/resolver-binding-linux-arm64-gnu@1.11.1 from lock file\nnpm error Missing: @unrs/resolver-binding-linux-arm64-musl@1.11.1 from lock file\nnpm error Missing: @unrs/resolver-binding-linux-ppc64-gnu@1.11.1 from lock file\nnpm error Missing: @unrs/resolver-binding-linux-riscv64-gnu@1.11.1 from lock file\nnpm error Missing: @unrs/resolver-binding-linux-riscv64-musl@1.11.1 from lock file\nnpm error Missing: @unrs/resolver-binding-linux-s390x-gnu@1.11.1 from lock file\nnpm error Missing: @unrs/resolver-binding-linux-x64-gnu@1.11.1 from lock file\nnpm error Missing: @unrs/resolver-binding-linux-x64-musl@1.11.1 from lock file\nnpm error Missing: @unrs/resolver-binding-wasm32-wasi@1.11.1 from lock file\nnpm error Missing: @unrs/resolver-binding-win32-arm64-msvc@1.11.1 from lock file\nnpm error Missing: @unrs/resolver-binding-win32-ia32-msvc@1.11.1 from lock file\nnpm error Missing: @unrs/resolver-binding-win32-x64-msvc@1.11.1 from lock file\nnpm error Missing: napi-postinstall@0.3.4 from lock file\nnpm error Missing: @napi-rs/wasm-runtime@0.2.12 from lock file\nnpm error Missing: @emnapi/core@1.7.1 from lock file\nnpm error Missing: @emnapi/runtime@1.7.1 from lock file\nnpm error Missing: @tybys/wasm-util@0.10.1 from lock file\nnpm error Missing: @emnapi/wasi-threads@1.1.0 from lock file\nnpm error Missing: makeerror@1.0.12 from lock file\nnpm error Missing: tmpl@1.0.5 from lock file\nnpm error Missing: signal-exit@4.1.0 from lock file\nnpm error Missing: yallist@3.1.1 from lock file\nnpm error Missing: locate-path@5.0.0 from lock file\nnpm error Missing: argparse@1.0.10 from lock file\nnpm error Missing: esprima@4.0.1 from lock file\nnpm error Missing: sprintf-js@1.0.3 from lock file\nnpm error Missing: p-locate@4.1.0 from lock file\nnpm error Missing: p-limit@2.3.0 from lock file\nnpm error Missing: p-try@2.2.0 from lock file\nnpm error Missing: foreground-child@3.3.1 from lock file\nnpm error Missing: jackspeak@3.4.3 from lock file\nnpm error Missing: minimatch@9.0.5 from lock file\nnpm error Missing: minipass@7.1.2 from lock file\nnpm error Missing: package-json-from-dist@1.0.1 from lock file\nnpm error Missing: path-scurry@1.11.1 from lock file\nnpm error Missing: signal-exit@4.1.0 from lock file\nnpm error Missing: @isaacs/cliui@8.0.2 from lock file\nnpm error Missing: @pkgjs/parseargs@0.11.0 from lock file\nnpm error Missing: string-width@5.1.2 from lock file\nnpm error Missing: string-width-cjs@4.2.3 from lock file\nnpm error Missing: strip-ansi@7.1.2 from lock file\nnpm error Missing: strip-ansi-cjs@6.0.1 from lock file\nnpm error Missing: wrap-ansi@8.1.0 from lock file\nnpm error Missing: wrap-ansi-cjs@7.0.0 from lock file\nnpm error Missing: lru-cache@10.4.3 from lock file\nnpm error Missing: eastasianwidth@0.2.0 from lock file\nnpm error Missing: emoji-regex@9.2.2 from lock file\nnpm error Missing: ansi-regex@6.2.2 from lock file\nnpm error Missing: ansi-styles@6.2.3 from lock file\nnpm error Missing: brace-expansion@2.0.2 from lock file\nnpm error Missing: minimatch@9.0.5 from lock file\nnpm error Missing: brace-expansion@2.0.2 from lock file\nnpm error Missing: minimatch@9.0.5 from lock file\nnpm error Missing: brace-expansion@2.0.2 from lock file\nnpm error Missing: locate-path@5.0.0 from lock file\nnpm error Missing: p-locate@4.1.0 from lock file\nnpm error Missing: p-limit@2.3.0 from lock file\nnpm error\nnpm error Clean install a project\nnpm error\nnpm error Usage:\nnpm error npm ci\nnpm error\nnpm error Options:\nnpm error [--install-strategy <hoisted|nested|shallow|linked>] [--legacy-bundling]\nnpm error [--global-style] [--omit <dev|optional|peer> [--omit <dev|optional|peer> ...]]\nnpm error [--include <prod|dev|optional|peer> [--include <prod|dev|optional|peer> ...]]\nnpm error [--strict-peer-deps] [--foreground-scripts] [--ignore-scripts] [--no-audit]\nnpm error [--no-bin-links] [--no-fund] [--dry-run]\nnpm error [-w|--workspace <workspace-name> [-w|--workspace <workspace-name> ...]]\nnpm error [-ws|--workspaces] [--include-workspace-root] [--install-links]\nnpm error\nnpm error aliases: clean-install, ic, install-clean, isntall-clean\nnpm error\nnpm error Run \"npm help ci\" for more info\nnpm error A complete log of this run can be found in: /www-data-home/.npm/_logs/2025-11-17T01_30_51_390Z-debug-0.log. For more details see the logs at https://console.cloud.google.com/cloud-build/builds;region=us-central1/ee19c948-bce1-4dc5-af9d-cebf57daea18?project=388226025861."
    },
    "status": 3,
    "code": 3
  }
}
[debug] [2025-11-17T01:31:46.796Z] {
  "endpoint": {
    "id": "validateDelete",
    "project": "laura-butallo-web",
    "region": "us-central1",
    "entryPoint": "validateDelete",
    "platform": "gcfv2",
    "runtime": "nodejs22",
    "callableTrigger": {},
    "labels": {
      "deployment-tool": "cli-firebase"
    },
    "serviceAccount": null,
    "ingressSettings": null,
    "availableMemoryMb": null,
    "timeoutSeconds": null,
    "maxInstances": 10,
    "minInstances": null,
    "concurrency": 80,
    "vpc": null,
    "environmentVariables": {
      "FIREBASE_CONFIG": "{\"projectId\":\"laura-butallo-web\",\"storageBucket\":\"laura-butallo-web.firebasestorage.app\"}",
      "GCLOUD_PROJECT": "laura-butallo-web",
      "EVENTARC_CLOUD_EVENT_SOURCE": "projects/laura-butallo-web/locations/us-central1/services/validateDelete",
      "FUNCTION_TARGET": "validateDelete",
      "LOG_EXECUTION_ID": "true",
      "FUNCTION_SIGNATURE_TYPE": "http"
    },
    "codebase": "default",
    "runServiceId": "validatedelete",
    "cpu": 1,
    "securityLevel": "SECURE_ALWAYS",
    "targetedByOnly": false,
    "hash": "d11ed15f804aa79f0f35be9712b2470e6e47da66"
  },
  "op": "update",
  "original": {
    "name": "FirebaseError",
    "children": [],
    "exit": 1,
    "message": "Build failed with status: FAILURE and message: npm error code EUSAGE\nnpm error\nnpm error `npm ci` can only install packages when your package.json and package-lock.json or npm-shrinkwrap.json are in sync. Please update your lock file with `npm install` before continuing.\nnpm error\nnpm error Missing: jest@30.2.0 from lock file\nnpm error Missing: @jest/core@30.2.0 from lock file\nnpm error Missing: @jest/types@30.2.0 from lock file\nnpm error Missing: import-local@3.2.0 from lock file\nnpm error Missing: jest-cli@30.2.0 from lock file\nnpm error Missing: @jest/console@30.2.0 from lock file\nnpm error Missing: @jest/pattern@30.0.1 from lock file\nnpm error Missing: @jest/reporters@30.2.0 from lock file\nnpm error Missing: @jest/test-result@30.2.0 from lock file\nnpm error Missing: @jest/transform@30.2.0 from lock file\nnpm error Missing: ansi-escapes@4.3.2 from lock file\nnpm error Missing: ci-info@4.3.1 from lock file\nnpm error Missing: exit-x@0.2.2 from lock file\nnpm error Missing: graceful-fs@4.2.11 from lock file\nnpm error Missing: jest-changed-files@30.2.0 from lock file\nnpm error Missing: jest-config@30.2.0 from lock file\nnpm error Missing: jest-haste-map@30.2.0 from lock file\nnpm error Missing: jest-message-util@30.2.0 from lock file\nnpm error Missing: jest-regex-util@30.0.1 from lock file\nnpm error Missing: jest-resolve@30.2.0 from lock file\nnpm error Missing: jest-resolve-dependencies@30.2.0 from lock file\nnpm error Missing: jest-runner@30.2.0 from lock file\nnpm error Missing: jest-runtime@30.2.0 from lock file\nnpm error Missing: jest-snapshot@30.2.0 from lock file\nnpm error Missing: jest-util@30.2.0 from lock file\nnpm error Missing: jest-validate@30.2.0 from lock file\nnpm error Missing: jest-watcher@30.2.0 from lock file\nnpm error Missing: pretty-format@30.2.0 from lock file\nnpm error Missing: @bcoe/v8-coverage@0.2.3 from lock file\nnpm error Missing: @jridgewell/trace-mapping@0.3.31 from lock file\nnpm error Missing: collect-v8-coverage@1.0.3 from lock file\nnpm error Missing: glob@10.4.5 from lock file\nnpm error Missing: istanbul-lib-coverage@3.2.2 from lock file\nnpm error Missing: istanbul-lib-instrument@6.0.3 from lock file\nnpm error Missing: istanbul-lib-report@3.0.1 from lock file\nnpm error Missing: istanbul-lib-source-maps@5.0.6 from lock file\nnpm error Missing: istanbul-reports@3.2.0 from lock file\nnpm error Missing: jest-worker@30.2.0 from lock file\nnpm error Missing: string-length@4.0.2 from lock file\nnpm error Missing: v8-to-istanbul@9.3.0 from lock file\nnpm error Missing: @types/istanbul-lib-coverage@2.0.6 from lock file\nnpm error Missing: @babel/core@7.28.5 from lock file\nnpm error Missing: babel-plugin-istanbul@7.0.1 from lock file\nnpm error Missing: convert-source-map@2.0.0 from lock file\nnpm error Missing: pirates@4.0.7 from lock file\nnpm error Missing: write-file-atomic@5.0.1 from lock file\nnpm error Missing: @babel/code-frame@7.27.1 from lock file\nnpm error Missing: @babel/generator@7.28.5 from lock file\nnpm error Missing: @babel/helper-compilation-targets@7.27.2 from lock file\nnpm error Missing: @babel/helper-module-transforms@7.28.3 from lock file\nnpm error Missing: @babel/helpers@7.28.4 from lock file\nnpm error Missing: @babel/parser@7.28.5 from lock file\nnpm error Missing: @babel/template@7.27.2 from lock file\nnpm error Missing: @babel/traverse@7.28.5 from lock file\nnpm error Missing: @babel/types@7.28.5 from lock file\nnpm error Missing: @jridgewell/remapping@2.3.5 from lock file\nnpm error Missing: gensync@1.0.0-beta.2 from lock file\nnpm error Missing: json5@2.2.3 from lock file\nnpm error Missing: semver@6.3.1 from lock file\nnpm error Missing: @babel/helper-validator-identifier@7.28.5 from lock file\nnpm error Missing: js-tokens@4.0.0 from lock file\nnpm error Missing: picocolors@1.1.1 from lock file\nnpm error Missing: @jridgewell/gen-mapping@0.3.13 from lock file\nnpm error Missing: jsesc@3.1.0 from lock file\nnpm error Missing: @babel/compat-data@7.28.5 from lock file\nnpm error Missing: @babel/helper-validator-option@7.27.1 from lock file\nnpm error Missing: browserslist@4.28.0 from lock file\nnpm error Missing: lru-cache@5.1.1 from lock file\nnpm error Missing: semver@6.3.1 from lock file\nnpm error Missing: @babel/helper-module-imports@7.27.1 from lock file\nnpm error Missing: @babel/helper-globals@7.28.0 from lock file\nnpm error Missing: @babel/helper-string-parser@7.27.1 from lock file\nnpm error Missing: @jest/schemas@30.0.5 from lock file\nnpm error Missing: @types/istanbul-reports@3.0.4 from lock file\nnpm error Missing: @types/yargs@17.0.35 from lock file\nnpm error Missing: @sinclair/typebox@0.34.41 from lock file\nnpm error Missing: @jridgewell/sourcemap-codec@1.5.5 from lock file\nnpm error Missing: @jridgewell/resolve-uri@3.1.2 from lock file\nnpm error Missing: @types/istanbul-lib-report@3.0.3 from lock file\nnpm error Missing: @types/yargs-parser@21.0.3 from lock file\nnpm error Missing: type-fest@0.21.3 from lock file\nnpm error Missing: @babel/helper-plugin-utils@7.27.1 from lock file\nnpm error Missing: @istanbuljs/load-nyc-config@1.1.0 from lock file\nnpm error Missing: @istanbuljs/schema@0.1.3 from lock file\nnpm error Missing: test-exclude@6.0.0 from lock file\nnpm error Missing: camelcase@5.3.1 from lock file\nnpm error Missing: find-up@4.1.0 from lock file\nnpm error Missing: get-package-type@0.1.0 from lock file\nnpm error Missing: js-yaml@3.14.2 from lock file\nnpm error Missing: resolve-from@5.0.0 from lock file\nnpm error Missing: baseline-browser-mapping@2.8.28 from lock file\nnpm error Missing: caniuse-lite@1.0.30001755 from lock file\nnpm error Missing: electron-to-chromium@1.5.254 from lock file\nnpm error Missing: node-releases@2.0.27 from lock file\nnpm error Missing: update-browserslist-db@1.1.4 from lock file\nnpm error Missing: pkg-dir@4.2.0 from lock file\nnpm error Missing: resolve-cwd@3.0.0 from lock file\nnpm error Missing: make-dir@4.0.0 from lock file\nnpm error Missing: html-escaper@2.0.2 from lock file\nnpm error Missing: execa@5.1.1 from lock file\nnpm error Missing: get-stream@6.0.1 from lock file\nnpm error Missing: human-signals@2.1.0 from lock file\nnpm error Missing: merge-stream@2.0.0 from lock file\nnpm error Missing: npm-run-path@4.0.1 from lock file\nnpm error Missing: onetime@5.1.2 from lock file\nnpm error Missing: signal-exit@3.0.7 from lock file\nnpm error Missing: strip-final-newline@2.0.0 from lock file\nnpm error Missing: @jest/get-type@30.1.0 from lock file\nnpm error Missing: @jest/test-sequencer@30.2.0 from lock file\nnpm error Missing: babel-jest@30.2.0 from lock file\nnpm error Missing: deepmerge@4.3.1 from lock file\nnpm error Missing: glob@10.4.5 from lock file\nnpm error Missing: jest-circus@30.2.0 from lock file\nnpm error Missing: jest-docblock@30.2.0 from lock file\nnpm error Missing: jest-environment-node@30.2.0 from lock file\nnpm error Missing: parse-json@5.2.0 from lock file\nnpm error Missing: @types/babel__core@7.20.5 from lock file\nnpm error Missing: babel-preset-jest@30.2.0 from lock file\nnpm error Missing: @types/babel__generator@7.27.0 from lock file\nnpm error Missing: @types/babel__template@7.4.4 from lock file\nnpm error Missing: @types/babel__traverse@7.28.0 from lock file\nnpm error Missing: babel-plugin-jest-hoist@30.2.0 from lock file\nnpm error Missing: babel-preset-current-node-syntax@1.2.0 from lock file\nnpm error Missing: @babel/plugin-syntax-async-generators@7.8.4 from lock file\nnpm error Missing: @babel/plugin-syntax-bigint@7.8.3 from lock file\nnpm error Missing: @babel/plugin-syntax-class-properties@7.12.13 from lock file\nnpm error Missing: @babel/plugin-syntax-class-static-block@7.14.5 from lock file\nnpm error Missing: @babel/plugin-syntax-import-attributes@7.27.1 from lock file\nnpm error Missing: @babel/plugin-syntax-import-meta@7.10.4 from lock file\nnpm error Missing: @babel/plugin-syntax-json-strings@7.8.3 from lock file\nnpm error Missing: @babel/plugin-syntax-logical-assignment-operators@7.10.4 from lock file\nnpm error Missing: @babel/plugin-syntax-nullish-coalescing-operator@7.8.3 from lock file\nnpm error Missing: @babel/plugin-syntax-numeric-separator@7.10.4 from lock file\nnpm error Missing: @babel/plugin-syntax-object-rest-spread@7.8.3 from lock file\nnpm error Missing: @babel/plugin-syntax-optional-catch-binding@7.8.3 from lock file\nnpm error Missing: @babel/plugin-syntax-optional-chaining@7.8.3 from lock file\nnpm error Missing: @babel/plugin-syntax-private-property-in-object@7.14.5 from lock file\nnpm error Missing: @babel/plugin-syntax-top-level-await@7.14.5 from lock file\nnpm error Missing: @jest/environment@30.2.0 from lock file\nnpm error Missing: @jest/expect@30.2.0 from lock file\nnpm error Missing: co@4.6.0 from lock file\nnpm error Missing: dedent@1.7.0 from lock file\nnpm error Missing: is-generator-fn@2.1.0 from lock file\nnpm error Missing: jest-each@30.2.0 from lock file\nnpm error Missing: jest-matcher-utils@30.2.0 from lock file\nnpm error Missing: pure-rand@7.0.1 from lock file\nnpm error Missing: stack-utils@2.0.6 from lock file\nnpm error Missing: @jest/fake-timers@30.2.0 from lock file\nnpm error Missing: jest-mock@30.2.0 from lock file\nnpm error Missing: expect@30.2.0 from lock file\nnpm error Missing: @sinonjs/fake-timers@13.0.5 from lock file\nnpm error Missing: @sinonjs/commons@3.0.1 from lock file\nnpm error Missing: type-detect@4.0.8 from lock file\nnpm error Missing: @jest/expect-utils@30.2.0 from lock file\nnpm error Missing: detect-newline@3.1.0 from lock file\nnpm error Missing: anymatch@3.1.3 from lock file\nnpm error Missing: fb-watchman@2.0.2 from lock file\nnpm error Missing: fsevents@2.3.3 from lock file\nnpm error Missing: walker@1.0.8 from lock file\nnpm error Missing: normalize-path@3.0.0 from lock file\nnpm error Missing: bser@2.1.1 from lock file\nnpm error Missing: node-int64@0.4.0 from lock file\nnpm error Missing: jest-diff@30.2.0 from lock file\nnpm error Missing: @jest/diff-sequences@30.0.1 from lock file\nnpm error Missing: @types/stack-utils@2.0.3 from lock file\nnpm error Missing: jest-pnp-resolver@1.2.3 from lock file\nnpm error Missing: unrs-resolver@1.11.1 from lock file\nnpm error Missing: emittery@0.13.1 from lock file\nnpm error Missing: jest-leak-detector@30.2.0 from lock file\nnpm error Missing: source-map-support@0.5.13 from lock file\nnpm error Missing: @jest/globals@30.2.0 from lock file\nnpm error Missing: @jest/source-map@30.0.1 from lock file\nnpm error Missing: cjs-module-lexer@2.1.1 from lock file\nnpm error Missing: glob@10.4.5 from lock file\nnpm error Missing: strip-bom@4.0.0 from lock file\nnpm error Missing: @babel/plugin-syntax-jsx@7.27.1 from lock file\nnpm error Missing: @babel/plugin-syntax-typescript@7.27.1 from lock file\nnpm error Missing: @jest/snapshot-utils@30.2.0 from lock file\nnpm error Missing: synckit@0.11.11 from lock file\nnpm error Missing: picomatch@4.0.3 from lock file\nnpm error Missing: camelcase@6.3.0 from lock file\nnpm error Missing: leven@3.1.0 from lock file\nnpm error Missing: supports-color@8.1.1 from lock file\nnpm error Missing: mimic-fn@2.1.0 from lock file\nnpm error Missing: error-ex@1.3.4 from lock file\nnpm error Missing: json-parse-even-better-errors@2.3.1 from lock file\nnpm error Missing: lines-and-columns@1.2.4 from lock file\nnpm error Missing: is-arrayish@0.2.1 from lock file\nnpm error Missing: find-up@4.1.0 from lock file\nnpm error Missing: ansi-styles@5.2.0 from lock file\nnpm error Missing: react-is@18.3.1 from lock file\nnpm error Missing: resolve-from@5.0.0 from lock file\nnpm error Missing: buffer-from@1.1.2 from lock file\nnpm error Missing: source-map@0.6.1 from lock file\nnpm error Missing: escape-string-regexp@2.0.0 from lock file\nnpm error Missing: char-regex@1.0.2 from lock file\nnpm error Missing: @pkgr/core@0.2.9 from lock file\nnpm error Missing: @unrs/resolver-binding-android-arm-eabi@1.11.1 from lock file\nnpm error Missing: @unrs/resolver-binding-android-arm64@1.11.1 from lock file\nnpm error Missing: @unrs/resolver-binding-darwin-arm64@1.11.1 from lock file\nnpm error Missing: @unrs/resolver-binding-darwin-x64@1.11.1 from lock file\nnpm error Missing: @unrs/resolver-binding-freebsd-x64@1.11.1 from lock file\nnpm error Missing: @unrs/resolver-binding-linux-arm-gnueabihf@1.11.1 from lock file\nnpm error Missing: @unrs/resolver-binding-linux-arm-musleabihf@1.11.1 from lock file\nnpm error Missing: @unrs/resolver-binding-linux-arm64-gnu@1.11.1 from lock file\nnpm error Missing: @unrs/resolver-binding-linux-arm64-musl@1.11.1 from lock file\nnpm error Missing: @unrs/resolver-binding-linux-ppc64-gnu@1.11.1 from lock file\nnpm error Missing: @unrs/resolver-binding-linux-riscv64-gnu@1.11.1 from lock file\nnpm error Missing: @unrs/resolver-binding-linux-riscv64-musl@1.11.1 from lock file\nnpm error Missing: @unrs/resolver-binding-linux-s390x-gnu@1.11.1 from lock file\nnpm error Missing: @unrs/resolver-binding-linux-x64-gnu@1.11.1 from lock file\nnpm error Missing: @unrs/resolver-binding-linux-x64-musl@1.11.1 from lock file\nnpm error Missing: @unrs/resolver-binding-wasm32-wasi@1.11.1 from lock file\nnpm error Missing: @unrs/resolver-binding-win32-arm64-msvc@1.11.1 from lock file\nnpm error Missing: @unrs/resolver-binding-win32-ia32-msvc@1.11.1 from lock file\nnpm error Missing: @unrs/resolver-binding-win32-x64-msvc@1.11.1 from lock file\nnpm error Missing: napi-postinstall@0.3.4 from lock file\nnpm error Missing: @napi-rs/wasm-runtime@0.2.12 from lock file\nnpm error Missing: @emnapi/core@1.7.1 from lock file\nnpm error Missing: @emnapi/runtime@1.7.1 from lock file\nnpm error Missing: @tybys/wasm-util@0.10.1 from lock file\nnpm error Missing: @emnapi/wasi-threads@1.1.0 from lock file\nnpm error Missing: makeerror@1.0.12 from lock file\nnpm error Missing: tmpl@1.0.5 from lock file\nnpm error Missing: signal-exit@4.1.0 from lock file\nnpm error Missing: yallist@3.1.1 from lock file\nnpm error Missing: locate-path@5.0.0 from lock file\nnpm error Missing: argparse@1.0.10 from lock file\nnpm error Missing: esprima@4.0.1 from lock file\nnpm error Missing: sprintf-js@1.0.3 from lock file\nnpm error Missing: p-locate@4.1.0 from lock file\nnpm error Missing: p-limit@2.3.0 from lock file\nnpm error Missing: p-try@2.2.0 from lock file\nnpm error Missing: foreground-child@3.3.1 from lock file\nnpm error Missing: jackspeak@3.4.3 from lock file\nnpm error Missing: minimatch@9.0.5 from lock file\nnpm error Missing: minipass@7.1.2 from lock file\nnpm error Missing: package-json-from-dist@1.0.1 from lock file\nnpm error Missing: path-scurry@1.11.1 from lock file\nnpm error Missing: signal-exit@4.1.0 from lock file\nnpm error Missing: @isaacs/cliui@8.0.2 from lock file\nnpm error Missing: @pkgjs/parseargs@0.11.0 from lock file\nnpm error Missing: string-width@5.1.2 from lock file\nnpm error Missing: string-width-cjs@4.2.3 from lock file\nnpm error Missing: strip-ansi@7.1.2 from lock file\nnpm error Missing: strip-ansi-cjs@6.0.1 from lock file\nnpm error Missing: wrap-ansi@8.1.0 from lock file\nnpm error Missing: wrap-ansi-cjs@7.0.0 from lock file\nnpm error Missing: lru-cache@10.4.3 from lock file\nnpm error Missing: eastasianwidth@0.2.0 from lock file\nnpm error Missing: emoji-regex@9.2.2 from lock file\nnpm error Missing: ansi-regex@6.2.2 from lock file\nnpm error Missing: ansi-styles@6.2.3 from lock file\nnpm error Missing: brace-expansion@2.0.2 from lock file\nnpm error Missing: minimatch@9.0.5 from lock file\nnpm error Missing: brace-expansion@2.0.2 from lock file\nnpm error Missing: minimatch@9.0.5 from lock file\nnpm error Missing: brace-expansion@2.0.2 from lock file\nnpm error Missing: locate-path@5.0.0 from lock file\nnpm error Missing: p-locate@4.1.0 from lock file\nnpm error Missing: p-limit@2.3.0 from lock file\nnpm error\nnpm error Clean install a project\nnpm error\nnpm error Usage:\nnpm error npm ci\nnpm error\nnpm error Options:\nnpm error [--install-strategy <hoisted|nested|shallow|linked>] [--legacy-bundling]\nnpm error [--global-style] [--omit <dev|optional|peer> [--omit <dev|optional|peer> ...]]\nnpm error [--include <prod|dev|optional|peer> [--include <prod|dev|optional|peer> ...]]\nnpm error [--strict-peer-deps] [--foreground-scripts] [--ignore-scripts] [--no-audit]\nnpm error [--no-bin-links] [--no-fund] [--dry-run]\nnpm error [-w|--workspace <workspace-name> [-w|--workspace <workspace-name> ...]]\nnpm error [-ws|--workspaces] [--include-workspace-root] [--install-links]\nnpm error\nnpm error aliases: clean-install, ic, install-clean, isntall-clean\nnpm error\nnpm error Run \"npm help ci\" for more info\nnpm error A complete log of this run can be found in: /www-data-home/.npm/_logs/2025-11-17T01_30_52_232Z-debug-0.log. For more details see the logs at https://console.cloud.google.com/cloud-build/builds;region=us-central1/7d3f9da3-01ad-4a9c-be9b-28af1bd86b48?project=388226025861.",
    "original": {
      "code": 3,
      "message": "Build failed with status: FAILURE and message: npm error code EUSAGE\nnpm error\nnpm error `npm ci` can only install packages when your package.json and package-lock.json or npm-shrinkwrap.json are in sync. Please update your lock file with `npm install` before continuing.\nnpm error\nnpm error Missing: jest@30.2.0 from lock file\nnpm error Missing: @jest/core@30.2.0 from lock file\nnpm error Missing: @jest/types@30.2.0 from lock file\nnpm error Missing: import-local@3.2.0 from lock file\nnpm error Missing: jest-cli@30.2.0 from lock file\nnpm error Missing: @jest/console@30.2.0 from lock file\nnpm error Missing: @jest/pattern@30.0.1 from lock file\nnpm error Missing: @jest/reporters@30.2.0 from lock file\nnpm error Missing: @jest/test-result@30.2.0 from lock file\nnpm error Missing: @jest/transform@30.2.0 from lock file\nnpm error Missing: ansi-escapes@4.3.2 from lock file\nnpm error Missing: ci-info@4.3.1 from lock file\nnpm error Missing: exit-x@0.2.2 from lock file\nnpm error Missing: graceful-fs@4.2.11 from lock file\nnpm error Missing: jest-changed-files@30.2.0 from lock file\nnpm error Missing: jest-config@30.2.0 from lock file\nnpm error Missing: jest-haste-map@30.2.0 from lock file\nnpm error Missing: jest-message-util@30.2.0 from lock file\nnpm error Missing: jest-regex-util@30.0.1 from lock file\nnpm error Missing: jest-resolve@30.2.0 from lock file\nnpm error Missing: jest-resolve-dependencies@30.2.0 from lock file\nnpm error Missing: jest-runner@30.2.0 from lock file\nnpm error Missing: jest-runtime@30.2.0 from lock file\nnpm error Missing: jest-snapshot@30.2.0 from lock file\nnpm error Missing: jest-util@30.2.0 from lock file\nnpm error Missing: jest-validate@30.2.0 from lock file\nnpm error Missing: jest-watcher@30.2.0 from lock file\nnpm error Missing: pretty-format@30.2.0 from lock file\nnpm error Missing: @bcoe/v8-coverage@0.2.3 from lock file\nnpm error Missing: @jridgewell/trace-mapping@0.3.31 from lock file\nnpm error Missing: collect-v8-coverage@1.0.3 from lock file\nnpm error Missing: glob@10.4.5 from lock file\nnpm error Missing: istanbul-lib-coverage@3.2.2 from lock file\nnpm error Missing: istanbul-lib-instrument@6.0.3 from lock file\nnpm error Missing: istanbul-lib-report@3.0.1 from lock file\nnpm error Missing: istanbul-lib-source-maps@5.0.6 from lock file\nnpm error Missing: istanbul-reports@3.2.0 from lock file\nnpm error Missing: jest-worker@30.2.0 from lock file\nnpm error Missing: string-length@4.0.2 from lock file\nnpm error Missing: v8-to-istanbul@9.3.0 from lock file\nnpm error Missing: @types/istanbul-lib-coverage@2.0.6 from lock file\nnpm error Missing: @babel/core@7.28.5 from lock file\nnpm error Missing: babel-plugin-istanbul@7.0.1 from lock file\nnpm error Missing: convert-source-map@2.0.0 from lock file\nnpm error Missing: pirates@4.0.7 from lock file\nnpm error Missing: write-file-atomic@5.0.1 from lock file\nnpm error Missing: @babel/code-frame@7.27.1 from lock file\nnpm error Missing: @babel/generator@7.28.5 from lock file\nnpm error Missing: @babel/helper-compilation-targets@7.27.2 from lock file\nnpm error Missing: @babel/helper-module-transforms@7.28.3 from lock file\nnpm error Missing: @babel/helpers@7.28.4 from lock file\nnpm error Missing: @babel/parser@7.28.5 from lock file\nnpm error Missing: @babel/template@7.27.2 from lock file\nnpm error Missing: @babel/traverse@7.28.5 from lock file\nnpm error Missing: @babel/types@7.28.5 from lock file\nnpm error Missing: @jridgewell/remapping@2.3.5 from lock file\nnpm error Missing: gensync@1.0.0-beta.2 from lock file\nnpm error Missing: json5@2.2.3 from lock file\nnpm error Missing: semver@6.3.1 from lock file\nnpm error Missing: @babel/helper-validator-identifier@7.28.5 from lock file\nnpm error Missing: js-tokens@4.0.0 from lock file\nnpm error Missing: picocolors@1.1.1 from lock file\nnpm error Missing: @jridgewell/gen-mapping@0.3.13 from lock file\nnpm error Missing: jsesc@3.1.0 from lock file\nnpm error Missing: @babel/compat-data@7.28.5 from lock file\nnpm error Missing: @babel/helper-validator-option@7.27.1 from lock file\nnpm error Missing: browserslist@4.28.0 from lock file\nnpm error Missing: lru-cache@5.1.1 from lock file\nnpm error Missing: semver@6.3.1 from lock file\nnpm error Missing: @babel/helper-module-imports@7.27.1 from lock file\nnpm error Missing: @babel/helper-globals@7.28.0 from lock file\nnpm error Missing: @babel/helper-string-parser@7.27.1 from lock file\nnpm error Missing: @jest/schemas@30.0.5 from lock file\nnpm error Missing: @types/istanbul-reports@3.0.4 from lock file\nnpm error Missing: @types/yargs@17.0.35 from lock file\nnpm error Missing: @sinclair/typebox@0.34.41 from lock file\nnpm error Missing: @jridgewell/sourcemap-codec@1.5.5 from lock file\nnpm error Missing: @jridgewell/resolve-uri@3.1.2 from lock file\nnpm error Missing: @types/istanbul-lib-report@3.0.3 from lock file\nnpm error Missing: @types/yargs-parser@21.0.3 from lock file\nnpm error Missing: type-fest@0.21.3 from lock file\nnpm error Missing: @babel/helper-plugin-utils@7.27.1 from lock file\nnpm error Missing: @istanbuljs/load-nyc-config@1.1.0 from lock file\nnpm error Missing: @istanbuljs/schema@0.1.3 from lock file\nnpm error Missing: test-exclude@6.0.0 from lock file\nnpm error Missing: camelcase@5.3.1 from lock file\nnpm error Missing: find-up@4.1.0 from lock file\nnpm error Missing: get-package-type@0.1.0 from lock file\nnpm error Missing: js-yaml@3.14.2 from lock file\nnpm error Missing: resolve-from@5.0.0 from lock file\nnpm error Missing: baseline-browser-mapping@2.8.28 from lock file\nnpm error Missing: caniuse-lite@1.0.30001755 from lock file\nnpm error Missing: electron-to-chromium@1.5.254 from lock file\nnpm error Missing: node-releases@2.0.27 from lock file\nnpm error Missing: update-browserslist-db@1.1.4 from lock file\nnpm error Missing: pkg-dir@4.2.0 from lock file\nnpm error Missing: resolve-cwd@3.0.0 from lock file\nnpm error Missing: make-dir@4.0.0 from lock file\nnpm error Missing: html-escaper@2.0.2 from lock file\nnpm error Missing: execa@5.1.1 from lock file\nnpm error Missing: get-stream@6.0.1 from lock file\nnpm error Missing: human-signals@2.1.0 from lock file\nnpm error Missing: merge-stream@2.0.0 from lock file\nnpm error Missing: npm-run-path@4.0.1 from lock file\nnpm error Missing: onetime@5.1.2 from lock file\nnpm error Missing: signal-exit@3.0.7 from lock file\nnpm error Missing: strip-final-newline@2.0.0 from lock file\nnpm error Missing: @jest/get-type@30.1.0 from lock file\nnpm error Missing: @jest/test-sequencer@30.2.0 from lock file\nnpm error Missing: babel-jest@30.2.0 from lock file\nnpm error Missing: deepmerge@4.3.1 from lock file\nnpm error Missing: glob@10.4.5 from lock file\nnpm error Missing: jest-circus@30.2.0 from lock file\nnpm error Missing: jest-docblock@30.2.0 from lock file\nnpm error Missing: jest-environment-node@30.2.0 from lock file\nnpm error Missing: parse-json@5.2.0 from lock file\nnpm error Missing: @types/babel__core@7.20.5 from lock file\nnpm error Missing: babel-preset-jest@30.2.0 from lock file\nnpm error Missing: @types/babel__generator@7.27.0 from lock file\nnpm error Missing: @types/babel__template@7.4.4 from lock file\nnpm error Missing: @types/babel__traverse@7.28.0 from lock file\nnpm error Missing: babel-plugin-jest-hoist@30.2.0 from lock file\nnpm error Missing: babel-preset-current-node-syntax@1.2.0 from lock file\nnpm error Missing: @babel/plugin-syntax-async-generators@7.8.4 from lock file\nnpm error Missing: @babel/plugin-syntax-bigint@7.8.3 from lock file\nnpm error Missing: @babel/plugin-syntax-class-properties@7.12.13 from lock file\nnpm error Missing: @babel/plugin-syntax-class-static-block@7.14.5 from lock file\nnpm error Missing: @babel/plugin-syntax-import-attributes@7.27.1 from lock file\nnpm error Missing: @babel/plugin-syntax-import-meta@7.10.4 from lock file\nnpm error Missing: @babel/plugin-syntax-json-strings@7.8.3 from lock file\nnpm error Missing: @babel/plugin-syntax-logical-assignment-operators@7.10.4 from lock file\nnpm error Missing: @babel/plugin-syntax-nullish-coalescing-operator@7.8.3 from lock file\nnpm error Missing: @babel/plugin-syntax-numeric-separator@7.10.4 from lock file\nnpm error Missing: @babel/plugin-syntax-object-rest-spread@7.8.3 from lock file\nnpm error Missing: @babel/plugin-syntax-optional-catch-binding@7.8.3 from lock file\nnpm error Missing: @babel/plugin-syntax-optional-chaining@7.8.3 from lock file\nnpm error Missing: @babel/plugin-syntax-private-property-in-object@7.14.5 from lock file\nnpm error Missing: @babel/plugin-syntax-top-level-await@7.14.5 from lock file\nnpm error Missing: @jest/environment@30.2.0 from lock file\nnpm error Missing: @jest/expect@30.2.0 from lock file\nnpm error Missing: co@4.6.0 from lock file\nnpm error Missing: dedent@1.7.0 from lock file\nnpm error Missing: is-generator-fn@2.1.0 from lock file\nnpm error Missing: jest-each@30.2.0 from lock file\nnpm error Missing: jest-matcher-utils@30.2.0 from lock file\nnpm error Missing: pure-rand@7.0.1 from lock file\nnpm error Missing: stack-utils@2.0.6 from lock file\nnpm error Missing: @jest/fake-timers@30.2.0 from lock file\nnpm error Missing: jest-mock@30.2.0 from lock file\nnpm error Missing: expect@30.2.0 from lock file\nnpm error Missing: @sinonjs/fake-timers@13.0.5 from lock file\nnpm error Missing: @sinonjs/commons@3.0.1 from lock file\nnpm error Missing: type-detect@4.0.8 from lock file\nnpm error Missing: @jest/expect-utils@30.2.0 from lock file\nnpm error Missing: detect-newline@3.1.0 from lock file\nnpm error Missing: anymatch@3.1.3 from lock file\nnpm error Missing: fb-watchman@2.0.2 from lock file\nnpm error Missing: fsevents@2.3.3 from lock file\nnpm error Missing: walker@1.0.8 from lock file\nnpm error Missing: normalize-path@3.0.0 from lock file\nnpm error Missing: bser@2.1.1 from lock file\nnpm error Missing: node-int64@0.4.0 from lock file\nnpm error Missing: jest-diff@30.2.0 from lock file\nnpm error Missing: @jest/diff-sequences@30.0.1 from lock file\nnpm error Missing: @types/stack-utils@2.0.3 from lock file\nnpm error Missing: jest-pnp-resolver@1.2.3 from lock file\nnpm error Missing: unrs-resolver@1.11.1 from lock file\nnpm error Missing: emittery@0.13.1 from lock file\nnpm error Missing: jest-leak-detector@30.2.0 from lock file\nnpm error Missing: source-map-support@0.5.13 from lock file\nnpm error Missing: @jest/globals@30.2.0 from lock file\nnpm error Missing: @jest/source-map@30.0.1 from lock file\nnpm error Missing: cjs-module-lexer@2.1.1 from lock file\nnpm error Missing: glob@10.4.5 from lock file\nnpm error Missing: strip-bom@4.0.0 from lock file\nnpm error Missing: @babel/plugin-syntax-jsx@7.27.1 from lock file\nnpm error Missing: @babel/plugin-syntax-typescript@7.27.1 from lock file\nnpm error Missing: @jest/snapshot-utils@30.2.0 from lock file\nnpm error Missing: synckit@0.11.11 from lock file\nnpm error Missing: picomatch@4.0.3 from lock file\nnpm error Missing: camelcase@6.3.0 from lock file\nnpm error Missing: leven@3.1.0 from lock file\nnpm error Missing: supports-color@8.1.1 from lock file\nnpm error Missing: mimic-fn@2.1.0 from lock file\nnpm error Missing: error-ex@1.3.4 from lock file\nnpm error Missing: json-parse-even-better-errors@2.3.1 from lock file\nnpm error Missing: lines-and-columns@1.2.4 from lock file\nnpm error Missing: is-arrayish@0.2.1 from lock file\nnpm error Missing: find-up@4.1.0 from lock file\nnpm error Missing: ansi-styles@5.2.0 from lock file\nnpm error Missing: react-is@18.3.1 from lock file\nnpm error Missing: resolve-from@5.0.0 from lock file\nnpm error Missing: buffer-from@1.1.2 from lock file\nnpm error Missing: source-map@0.6.1 from lock file\nnpm error Missing: escape-string-regexp@2.0.0 from lock file\nnpm error Missing: char-regex@1.0.2 from lock file\nnpm error Missing: @pkgr/core@0.2.9 from lock file\nnpm error Missing: @unrs/resolver-binding-android-arm-eabi@1.11.1 from lock file\nnpm error Missing: @unrs/resolver-binding-android-arm64@1.11.1 from lock file\nnpm error Missing: @unrs/resolver-binding-darwin-arm64@1.11.1 from lock file\nnpm error Missing: @unrs/resolver-binding-darwin-x64@1.11.1 from lock file\nnpm error Missing: @unrs/resolver-binding-freebsd-x64@1.11.1 from lock file\nnpm error Missing: @unrs/resolver-binding-linux-arm-gnueabihf@1.11.1 from lock file\nnpm error Missing: @unrs/resolver-binding-linux-arm-musleabihf@1.11.1 from lock file\nnpm error Missing: @unrs/resolver-binding-linux-arm64-gnu@1.11.1 from lock file\nnpm error Missing: @unrs/resolver-binding-linux-arm64-musl@1.11.1 from lock file\nnpm error Missing: @unrs/resolver-binding-linux-ppc64-gnu@1.11.1 from lock file\nnpm error Missing: @unrs/resolver-binding-linux-riscv64-gnu@1.11.1 from lock file\nnpm error Missing: @unrs/resolver-binding-linux-riscv64-musl@1.11.1 from lock file\nnpm error Missing: @unrs/resolver-binding-linux-s390x-gnu@1.11.1 from lock file\nnpm error Missing: @unrs/resolver-binding-linux-x64-gnu@1.11.1 from lock file\nnpm error Missing: @unrs/resolver-binding-linux-x64-musl@1.11.1 from lock file\nnpm error Missing: @unrs/resolver-binding-wasm32-wasi@1.11.1 from lock file\nnpm error Missing: @unrs/resolver-binding-win32-arm64-msvc@1.11.1 from lock file\nnpm error Missing: @unrs/resolver-binding-win32-ia32-msvc@1.11.1 from lock file\nnpm error Missing: @unrs/resolver-binding-win32-x64-msvc@1.11.1 from lock file\nnpm error Missing: napi-postinstall@0.3.4 from lock file\nnpm error Missing: @napi-rs/wasm-runtime@0.2.12 from lock file\nnpm error Missing: @emnapi/core@1.7.1 from lock file\nnpm error Missing: @emnapi/runtime@1.7.1 from lock file\nnpm error Missing: @tybys/wasm-util@0.10.1 from lock file\nnpm error Missing: @emnapi/wasi-threads@1.1.0 from lock file\nnpm error Missing: makeerror@1.0.12 from lock file\nnpm error Missing: tmpl@1.0.5 from lock file\nnpm error Missing: signal-exit@4.1.0 from lock file\nnpm error Missing: yallist@3.1.1 from lock file\nnpm error Missing: locate-path@5.0.0 from lock file\nnpm error Missing: argparse@1.0.10 from lock file\nnpm error Missing: esprima@4.0.1 from lock file\nnpm error Missing: sprintf-js@1.0.3 from lock file\nnpm error Missing: p-locate@4.1.0 from lock file\nnpm error Missing: p-limit@2.3.0 from lock file\nnpm error Missing: p-try@2.2.0 from lock file\nnpm error Missing: foreground-child@3.3.1 from lock file\nnpm error Missing: jackspeak@3.4.3 from lock file\nnpm error Missing: minimatch@9.0.5 from lock file\nnpm error Missing: minipass@7.1.2 from lock file\nnpm error Missing: package-json-from-dist@1.0.1 from lock file\nnpm error Missing: path-scurry@1.11.1 from lock file\nnpm error Missing: signal-exit@4.1.0 from lock file\nnpm error Missing: @isaacs/cliui@8.0.2 from lock file\nnpm error Missing: @pkgjs/parseargs@0.11.0 from lock file\nnpm error Missing: string-width@5.1.2 from lock file\nnpm error Missing: string-width-cjs@4.2.3 from lock file\nnpm error Missing: strip-ansi@7.1.2 from lock file\nnpm error Missing: strip-ansi-cjs@6.0.1 from lock file\nnpm error Missing: wrap-ansi@8.1.0 from lock file\nnpm error Missing: wrap-ansi-cjs@7.0.0 from lock file\nnpm error Missing: lru-cache@10.4.3 from lock file\nnpm error Missing: eastasianwidth@0.2.0 from lock file\nnpm error Missing: emoji-regex@9.2.2 from lock file\nnpm error Missing: ansi-regex@6.2.2 from lock file\nnpm error Missing: ansi-styles@6.2.3 from lock file\nnpm error Missing: brace-expansion@2.0.2 from lock file\nnpm error Missing: minimatch@9.0.5 from lock file\nnpm error Missing: brace-expansion@2.0.2 from lock file\nnpm error Missing: minimatch@9.0.5 from lock file\nnpm error Missing: brace-expansion@2.0.2 from lock file\nnpm error Missing: locate-path@5.0.0 from lock file\nnpm error Missing: p-locate@4.1.0 from lock file\nnpm error Missing: p-limit@2.3.0 from lock file\nnpm error\nnpm error Clean install a project\nnpm error\nnpm error Usage:\nnpm error npm ci\nnpm error\nnpm error Options:\nnpm error [--install-strategy <hoisted|nested|shallow|linked>] [--legacy-bundling]\nnpm error [--global-style] [--omit <dev|optional|peer> [--omit <dev|optional|peer> ...]]\nnpm error [--include <prod|dev|optional|peer> [--include <prod|dev|optional|peer> ...]]\nnpm error [--strict-peer-deps] [--foreground-scripts] [--ignore-scripts] [--no-audit]\nnpm error [--no-bin-links] [--no-fund] [--dry-run]\nnpm error [-w|--workspace <workspace-name> [-w|--workspace <workspace-name> ...]]\nnpm error [-ws|--workspaces] [--include-workspace-root] [--install-links]\nnpm error\nnpm error aliases: clean-install, ic, install-clean, isntall-clean\nnpm error\nnpm error Run \"npm help ci\" for more info\nnpm error A complete log of this run can be found in: /www-data-home/.npm/_logs/2025-11-17T01_30_52_232Z-debug-0.log. For more details see the logs at https://console.cloud.google.com/cloud-build/builds;region=us-central1/7d3f9da3-01ad-4a9c-be9b-28af1bd86b48?project=388226025861."
    },
    "status": 3,
    "code": 3
  }
}
[debug] [2025-11-17T01:31:46.796Z] {
  "endpoint": {
    "id": "migrateArtworksToAssets",
    "project": "laura-butallo-web",
    "region": "us-central1",
    "entryPoint": "migrateArtworksToAssets",
    "platform": "gcfv2",
    "runtime": "nodejs22",
    "callableTrigger": {},
    "labels": {
      "deployment-tool": "cli-firebase"
    },
    "serviceAccount": null,
    "ingressSettings": null,
    "availableMemoryMb": null,
    "timeoutSeconds": null,
    "maxInstances": 10,
    "minInstances": null,
    "concurrency": 80,
    "vpc": null,
    "environmentVariables": {
      "FIREBASE_CONFIG": "{\"projectId\":\"laura-butallo-web\",\"storageBucket\":\"laura-butallo-web.firebasestorage.app\"}",
      "GCLOUD_PROJECT": "laura-butallo-web",
      "EVENTARC_CLOUD_EVENT_SOURCE": "projects/laura-butallo-web/locations/us-central1/services/migrateArtworksToAssets",
      "FUNCTION_TARGET": "migrateArtworksToAssets",
      "LOG_EXECUTION_ID": "true",
      "FUNCTION_SIGNATURE_TYPE": "http"
    },
    "codebase": "default",
    "runServiceId": "migrateartworkstoassets",
    "cpu": 1,
    "securityLevel": "SECURE_ALWAYS",
    "targetedByOnly": false,
    "hash": "d11ed15f804aa79f0f35be9712b2470e6e47da66"
  },
  "op": "update",
  "original": {
    "name": "FirebaseError",
    "children": [],
    "exit": 1,
    "message": "Build failed with status: FAILURE and message: npm error code EUSAGE\nnpm error\nnpm error `npm ci` can only install packages when your package.json and package-lock.json or npm-shrinkwrap.json are in sync. Please update your lock file with `npm install` before continuing.\nnpm error\nnpm error Missing: jest@30.2.0 from lock file\nnpm error Missing: @jest/core@30.2.0 from lock file\nnpm error Missing: @jest/types@30.2.0 from lock file\nnpm error Missing: import-local@3.2.0 from lock file\nnpm error Missing: jest-cli@30.2.0 from lock file\nnpm error Missing: @jest/console@30.2.0 from lock file\nnpm error Missing: @jest/pattern@30.0.1 from lock file\nnpm error Missing: @jest/reporters@30.2.0 from lock file\nnpm error Missing: @jest/test-result@30.2.0 from lock file\nnpm error Missing: @jest/transform@30.2.0 from lock file\nnpm error Missing: ansi-escapes@4.3.2 from lock file\nnpm error Missing: ci-info@4.3.1 from lock file\nnpm error Missing: exit-x@0.2.2 from lock file\nnpm error Missing: graceful-fs@4.2.11 from lock file\nnpm error Missing: jest-changed-files@30.2.0 from lock file\nnpm error Missing: jest-config@30.2.0 from lock file\nnpm error Missing: jest-haste-map@30.2.0 from lock file\nnpm error Missing: jest-message-util@30.2.0 from lock file\nnpm error Missing: jest-regex-util@30.0.1 from lock file\nnpm error Missing: jest-resolve@30.2.0 from lock file\nnpm error Missing: jest-resolve-dependencies@30.2.0 from lock file\nnpm error Missing: jest-runner@30.2.0 from lock file\nnpm error Missing: jest-runtime@30.2.0 from lock file\nnpm error Missing: jest-snapshot@30.2.0 from lock file\nnpm error Missing: jest-util@30.2.0 from lock file\nnpm error Missing: jest-validate@30.2.0 from lock file\nnpm error Missing: jest-watcher@30.2.0 from lock file\nnpm error Missing: pretty-format@30.2.0 from lock file\nnpm error Missing: @bcoe/v8-coverage@0.2.3 from lock file\nnpm error Missing: @jridgewell/trace-mapping@0.3.31 from lock file\nnpm error Missing: collect-v8-coverage@1.0.3 from lock file\nnpm error Missing: glob@10.4.5 from lock file\nnpm error Missing: istanbul-lib-coverage@3.2.2 from lock file\nnpm error Missing: istanbul-lib-instrument@6.0.3 from lock file\nnpm error Missing: istanbul-lib-report@3.0.1 from lock file\nnpm error Missing: istanbul-lib-source-maps@5.0.6 from lock file\nnpm error Missing: istanbul-reports@3.2.0 from lock file\nnpm error Missing: jest-worker@30.2.0 from lock file\nnpm error Missing: string-length@4.0.2 from lock file\nnpm error Missing: v8-to-istanbul@9.3.0 from lock file\nnpm error Missing: @types/istanbul-lib-coverage@2.0.6 from lock file\nnpm error Missing: @babel/core@7.28.5 from lock file\nnpm error Missing: babel-plugin-istanbul@7.0.1 from lock file\nnpm error Missing: convert-source-map@2.0.0 from lock file\nnpm error Missing: pirates@4.0.7 from lock file\nnpm error Missing: write-file-atomic@5.0.1 from lock file\nnpm error Missing: @babel/code-frame@7.27.1 from lock file\nnpm error Missing: @babel/generator@7.28.5 from lock file\nnpm error Missing: @babel/helper-compilation-targets@7.27.2 from lock file\nnpm error Missing: @babel/helper-module-transforms@7.28.3 from lock file\nnpm error Missing: @babel/helpers@7.28.4 from lock file\nnpm error Missing: @babel/parser@7.28.5 from lock file\nnpm error Missing: @babel/template@7.27.2 from lock file\nnpm error Missing: @babel/traverse@7.28.5 from lock file\nnpm error Missing: @babel/types@7.28.5 from lock file\nnpm error Missing: @jridgewell/remapping@2.3.5 from lock file\nnpm error Missing: gensync@1.0.0-beta.2 from lock file\nnpm error Missing: json5@2.2.3 from lock file\nnpm error Missing: semver@6.3.1 from lock file\nnpm error Missing: @babel/helper-validator-identifier@7.28.5 from lock file\nnpm error Missing: js-tokens@4.0.0 from lock file\nnpm error Missing: picocolors@1.1.1 from lock file\nnpm error Missing: @jridgewell/gen-mapping@0.3.13 from lock file\nnpm error Missing: jsesc@3.1.0 from lock file\nnpm error Missing: @babel/compat-data@7.28.5 from lock file\nnpm error Missing: @babel/helper-validator-option@7.27.1 from lock file\nnpm error Missing: browserslist@4.28.0 from lock file\nnpm error Missing: lru-cache@5.1.1 from lock file\nnpm error Missing: semver@6.3.1 from lock file\nnpm error Missing: @babel/helper-module-imports@7.27.1 from lock file\nnpm error Missing: @babel/helper-globals@7.28.0 from lock file\nnpm error Missing: @babel/helper-string-parser@7.27.1 from lock file\nnpm error Missing: @jest/schemas@30.0.5 from lock file\nnpm error Missing: @types/istanbul-reports@3.0.4 from lock file\nnpm error Missing: @types/yargs@17.0.35 from lock file\nnpm error Missing: @sinclair/typebox@0.34.41 from lock file\nnpm error Missing: @jridgewell/sourcemap-codec@1.5.5 from lock file\nnpm error Missing: @jridgewell/resolve-uri@3.1.2 from lock file\nnpm error Missing: @types/istanbul-lib-report@3.0.3 from lock file\nnpm error Missing: @types/yargs-parser@21.0.3 from lock file\nnpm error Missing: type-fest@0.21.3 from lock file\nnpm error Missing: @babel/helper-plugin-utils@7.27.1 from lock file\nnpm error Missing: @istanbuljs/load-nyc-config@1.1.0 from lock file\nnpm error Missing: @istanbuljs/schema@0.1.3 from lock file\nnpm error Missing: test-exclude@6.0.0 from lock file\nnpm error Missing: camelcase@5.3.1 from lock file\nnpm error Missing: find-up@4.1.0 from lock file\nnpm error Missing: get-package-type@0.1.0 from lock file\nnpm error Missing: js-yaml@3.14.2 from lock file\nnpm error Missing: resolve-from@5.0.0 from lock file\nnpm error Missing: baseline-browser-mapping@2.8.28 from lock file\nnpm error Missing: caniuse-lite@1.0.30001755 from lock file\nnpm error Missing: electron-to-chromium@1.5.254 from lock file\nnpm error Missing: node-releases@2.0.27 from lock file\nnpm error Missing: update-browserslist-db@1.1.4 from lock file\nnpm error Missing: pkg-dir@4.2.0 from lock file\nnpm error Missing: resolve-cwd@3.0.0 from lock file\nnpm error Missing: make-dir@4.0.0 from lock file\nnpm error Missing: html-escaper@2.0.2 from lock file\nnpm error Missing: execa@5.1.1 from lock file\nnpm error Missing: get-stream@6.0.1 from lock file\nnpm error Missing: human-signals@2.1.0 from lock file\nnpm error Missing: merge-stream@2.0.0 from lock file\nnpm error Missing: npm-run-path@4.0.1 from lock file\nnpm error Missing: onetime@5.1.2 from lock file\nnpm error Missing: signal-exit@3.0.7 from lock file\nnpm error Missing: strip-final-newline@2.0.0 from lock file\nnpm error Missing: @jest/get-type@30.1.0 from lock file\nnpm error Missing: @jest/test-sequencer@30.2.0 from lock file\nnpm error Missing: babel-jest@30.2.0 from lock file\nnpm error Missing: deepmerge@4.3.1 from lock file\nnpm error Missing: glob@10.4.5 from lock file\nnpm error Missing: jest-circus@30.2.0 from lock file\nnpm error Missing: jest-docblock@30.2.0 from lock file\nnpm error Missing: jest-environment-node@30.2.0 from lock file\nnpm error Missing: parse-json@5.2.0 from lock file\nnpm error Missing: @types/babel__core@7.20.5 from lock file\nnpm error Missing: babel-preset-jest@30.2.0 from lock file\nnpm error Missing: @types/babel__generator@7.27.0 from lock file\nnpm error Missing: @types/babel__template@7.4.4 from lock file\nnpm error Missing: @types/babel__traverse@7.28.0 from lock file\nnpm error Missing: babel-plugin-jest-hoist@30.2.0 from lock file\nnpm error Missing: babel-preset-current-node-syntax@1.2.0 from lock file\nnpm error Missing: @babel/plugin-syntax-async-generators@7.8.4 from lock file\nnpm error Missing: @babel/plugin-syntax-bigint@7.8.3 from lock file\nnpm error Missing: @babel/plugin-syntax-class-properties@7.12.13 from lock file\nnpm error Missing: @babel/plugin-syntax-class-static-block@7.14.5 from lock file\nnpm error Missing: @babel/plugin-syntax-import-attributes@7.27.1 from lock file\nnpm error Missing: @babel/plugin-syntax-import-meta@7.10.4 from lock file\nnpm error Missing: @babel/plugin-syntax-json-strings@7.8.3 from lock file\nnpm error Missing: @babel/plugin-syntax-logical-assignment-operators@7.10.4 from lock file\nnpm error Missing: @babel/plugin-syntax-nullish-coalescing-operator@7.8.3 from lock file\nnpm error Missing: @babel/plugin-syntax-numeric-separator@7.10.4 from lock file\nnpm error Missing: @babel/plugin-syntax-object-rest-spread@7.8.3 from lock file\nnpm error Missing: @babel/plugin-syntax-optional-catch-binding@7.8.3 from lock file\nnpm error Missing: @babel/plugin-syntax-optional-chaining@7.8.3 from lock file\nnpm error Missing: @babel/plugin-syntax-private-property-in-object@7.14.5 from lock file\nnpm error Missing: @babel/plugin-syntax-top-level-await@7.14.5 from lock file\nnpm error Missing: @jest/environment@30.2.0 from lock file\nnpm error Missing: @jest/expect@30.2.0 from lock file\nnpm error Missing: co@4.6.0 from lock file\nnpm error Missing: dedent@1.7.0 from lock file\nnpm error Missing: is-generator-fn@2.1.0 from lock file\nnpm error Missing: jest-each@30.2.0 from lock file\nnpm error Missing: jest-matcher-utils@30.2.0 from lock file\nnpm error Missing: pure-rand@7.0.1 from lock file\nnpm error Missing: stack-utils@2.0.6 from lock file\nnpm error Missing: @jest/fake-timers@30.2.0 from lock file\nnpm error Missing: jest-mock@30.2.0 from lock file\nnpm error Missing: expect@30.2.0 from lock file\nnpm error Missing: @sinonjs/fake-timers@13.0.5 from lock file\nnpm error Missing: @sinonjs/commons@3.0.1 from lock file\nnpm error Missing: type-detect@4.0.8 from lock file\nnpm error Missing: @jest/expect-utils@30.2.0 from lock file\nnpm error Missing: detect-newline@3.1.0 from lock file\nnpm error Missing: anymatch@3.1.3 from lock file\nnpm error Missing: fb-watchman@2.0.2 from lock file\nnpm error Missing: fsevents@2.3.3 from lock file\nnpm error Missing: walker@1.0.8 from lock file\nnpm error Missing: normalize-path@3.0.0 from lock file\nnpm error Missing: bser@2.1.1 from lock file\nnpm error Missing: node-int64@0.4.0 from lock file\nnpm error Missing: jest-diff@30.2.0 from lock file\nnpm error Missing: @jest/diff-sequences@30.0.1 from lock file\nnpm error Missing: @types/stack-utils@2.0.3 from lock file\nnpm error Missing: jest-pnp-resolver@1.2.3 from lock file\nnpm error Missing: unrs-resolver@1.11.1 from lock file\nnpm error Missing: emittery@0.13.1 from lock file\nnpm error Missing: jest-leak-detector@30.2.0 from lock file\nnpm error Missing: source-map-support@0.5.13 from lock file\nnpm error Missing: @jest/globals@30.2.0 from lock file\nnpm error Missing: @jest/source-map@30.0.1 from lock file\nnpm error Missing: cjs-module-lexer@2.1.1 from lock file\nnpm error Missing: glob@10.4.5 from lock file\nnpm error Missing: strip-bom@4.0.0 from lock file\nnpm error Missing: @babel/plugin-syntax-jsx@7.27.1 from lock file\nnpm error Missing: @babel/plugin-syntax-typescript@7.27.1 from lock file\nnpm error Missing: @jest/snapshot-utils@30.2.0 from lock file\nnpm error Missing: synckit@0.11.11 from lock file\nnpm error Missing: picomatch@4.0.3 from lock file\nnpm error Missing: camelcase@6.3.0 from lock file\nnpm error Missing: leven@3.1.0 from lock file\nnpm error Missing: supports-color@8.1.1 from lock file\nnpm error Missing: mimic-fn@2.1.0 from lock file\nnpm error Missing: error-ex@1.3.4 from lock file\nnpm error Missing: json-parse-even-better-errors@2.3.1 from lock file\nnpm error Missing: lines-and-columns@1.2.4 from lock file\nnpm error Missing: is-arrayish@0.2.1 from lock file\nnpm error Missing: find-up@4.1.0 from lock file\nnpm error Missing: ansi-styles@5.2.0 from lock file\nnpm error Missing: react-is@18.3.1 from lock file\nnpm error Missing: resolve-from@5.0.0 from lock file\nnpm error Missing: buffer-from@1.1.2 from lock file\nnpm error Missing: source-map@0.6.1 from lock file\nnpm error Missing: escape-string-regexp@2.0.0 from lock file\nnpm error Missing: char-regex@1.0.2 from lock file\nnpm error Missing: @pkgr/core@0.2.9 from lock file\nnpm error Missing: @unrs/resolver-binding-android-arm-eabi@1.11.1 from lock file\nnpm error Missing: @unrs/resolver-binding-android-arm64@1.11.1 from lock file\nnpm error Missing: @unrs/resolver-binding-darwin-arm64@1.11.1 from lock file\nnpm error Missing: @unrs/resolver-binding-darwin-x64@1.11.1 from lock file\nnpm error Missing: @unrs/resolver-binding-freebsd-x64@1.11.1 from lock file\nnpm error Missing: @unrs/resolver-binding-linux-arm-gnueabihf@1.11.1 from lock file\nnpm error Missing: @unrs/resolver-binding-linux-arm-musleabihf@1.11.1 from lock file\nnpm error Missing: @unrs/resolver-binding-linux-arm64-gnu@1.11.1 from lock file\nnpm error Missing: @unrs/resolver-binding-linux-arm64-musl@1.11.1 from lock file\nnpm error Missing: @unrs/resolver-binding-linux-ppc64-gnu@1.11.1 from lock file\nnpm error Missing: @unrs/resolver-binding-linux-riscv64-gnu@1.11.1 from lock file\nnpm error Missing: @unrs/resolver-binding-linux-riscv64-musl@1.11.1 from lock file\nnpm error Missing: @unrs/resolver-binding-linux-s390x-gnu@1.11.1 from lock file\nnpm error Missing: @unrs/resolver-binding-linux-x64-gnu@1.11.1 from lock file\nnpm error Missing: @unrs/resolver-binding-linux-x64-musl@1.11.1 from lock file\nnpm error Missing: @unrs/resolver-binding-wasm32-wasi@1.11.1 from lock file\nnpm error Missing: @unrs/resolver-binding-win32-arm64-msvc@1.11.1 from lock file\nnpm error Missing: @unrs/resolver-binding-win32-ia32-msvc@1.11.1 from lock file\nnpm error Missing: @unrs/resolver-binding-win32-x64-msvc@1.11.1 from lock file\nnpm error Missing: napi-postinstall@0.3.4 from lock file\nnpm error Missing: @napi-rs/wasm-runtime@0.2.12 from lock file\nnpm error Missing: @emnapi/core@1.7.1 from lock file\nnpm error Missing: @emnapi/runtime@1.7.1 from lock file\nnpm error Missing: @tybys/wasm-util@0.10.1 from lock file\nnpm error Missing: @emnapi/wasi-threads@1.1.0 from lock file\nnpm error Missing: makeerror@1.0.12 from lock file\nnpm error Missing: tmpl@1.0.5 from lock file\nnpm error Missing: signal-exit@4.1.0 from lock file\nnpm error Missing: yallist@3.1.1 from lock file\nnpm error Missing: locate-path@5.0.0 from lock file\nnpm error Missing: argparse@1.0.10 from lock file\nnpm error Missing: esprima@4.0.1 from lock file\nnpm error Missing: sprintf-js@1.0.3 from lock file\nnpm error Missing: p-locate@4.1.0 from lock file\nnpm error Missing: p-limit@2.3.0 from lock file\nnpm error Missing: p-try@2.2.0 from lock file\nnpm error Missing: foreground-child@3.3.1 from lock file\nnpm error Missing: jackspeak@3.4.3 from lock file\nnpm error Missing: minimatch@9.0.5 from lock file\nnpm error Missing: minipass@7.1.2 from lock file\nnpm error Missing: package-json-from-dist@1.0.1 from lock file\nnpm error Missing: path-scurry@1.11.1 from lock file\nnpm error Missing: signal-exit@4.1.0 from lock file\nnpm error Missing: @isaacs/cliui@8.0.2 from lock file\nnpm error Missing: @pkgjs/parseargs@0.11.0 from lock file\nnpm error Missing: string-width@5.1.2 from lock file\nnpm error Missing: string-width-cjs@4.2.3 from lock file\nnpm error Missing: strip-ansi@7.1.2 from lock file\nnpm error Missing: strip-ansi-cjs@6.0.1 from lock file\nnpm error Missing: wrap-ansi@8.1.0 from lock file\nnpm error Missing: wrap-ansi-cjs@7.0.0 from lock file\nnpm error Missing: lru-cache@10.4.3 from lock file\nnpm error Missing: eastasianwidth@0.2.0 from lock file\nnpm error Missing: emoji-regex@9.2.2 from lock file\nnpm error Missing: ansi-regex@6.2.2 from lock file\nnpm error Missing: ansi-styles@6.2.3 from lock file\nnpm error Missing: brace-expansion@2.0.2 from lock file\nnpm error Missing: minimatch@9.0.5 from lock file\nnpm error Missing: brace-expansion@2.0.2 from lock file\nnpm error Missing: minimatch@9.0.5 from lock file\nnpm error Missing: brace-expansion@2.0.2 from lock file\nnpm error Missing: locate-path@5.0.0 from lock file\nnpm error Missing: p-locate@4.1.0 from lock file\nnpm error Missing: p-limit@2.3.0 from lock file\nnpm error\nnpm error Clean install a project\nnpm error\nnpm error Usage:\nnpm error npm ci\nnpm error\nnpm error Options:\nnpm error [--install-strategy <hoisted|nested|shallow|linked>] [--legacy-bundling]\nnpm error [--global-style] [--omit <dev|optional|peer> [--omit <dev|optional|peer> ...]]\nnpm error [--include <prod|dev|optional|peer> [--include <prod|dev|optional|peer> ...]]\nnpm error [--strict-peer-deps] [--foreground-scripts] [--ignore-scripts] [--no-audit]\nnpm error [--no-bin-links] [--no-fund] [--dry-run]\nnpm error [-w|--workspace <workspace-name> [-w|--workspace <workspace-name> ...]]\nnpm error [-ws|--workspaces] [--include-workspace-root] [--install-links]\nnpm error\nnpm error aliases: clean-install, ic, install-clean, isntall-clean\nnpm error\nnpm error Run \"npm help ci\" for more info\nnpm error A complete log of this run can be found in: /www-data-home/.npm/_logs/2025-11-17T01_30_51_184Z-debug-0.log. For more details see the logs at https://console.cloud.google.com/cloud-build/builds;region=us-central1/cd29994c-8f78-4ee1-b8f3-f03872edb4fd?project=388226025861.",
    "original": {
      "code": 3,
      "message": "Build failed with status: FAILURE and message: npm error code EUSAGE\nnpm error\nnpm error `npm ci` can only install packages when your package.json and package-lock.json or npm-shrinkwrap.json are in sync. Please update your lock file with `npm install` before continuing.\nnpm error\nnpm error Missing: jest@30.2.0 from lock file\nnpm error Missing: @jest/core@30.2.0 from lock file\nnpm error Missing: @jest/types@30.2.0 from lock file\nnpm error Missing: import-local@3.2.0 from lock file\nnpm error Missing: jest-cli@30.2.0 from lock file\nnpm error Missing: @jest/console@30.2.0 from lock file\nnpm error Missing: @jest/pattern@30.0.1 from lock file\nnpm error Missing: @jest/reporters@30.2.0 from lock file\nnpm error Missing: @jest/test-result@30.2.0 from lock file\nnpm error Missing: @jest/transform@30.2.0 from lock file\nnpm error Missing: ansi-escapes@4.3.2 from lock file\nnpm error Missing: ci-info@4.3.1 from lock file\nnpm error Missing: exit-x@0.2.2 from lock file\nnpm error Missing: graceful-fs@4.2.11 from lock file\nnpm error Missing: jest-changed-files@30.2.0 from lock file\nnpm error Missing: jest-config@30.2.0 from lock file\nnpm error Missing: jest-haste-map@30.2.0 from lock file\nnpm error Missing: jest-message-util@30.2.0 from lock file\nnpm error Missing: jest-regex-util@30.0.1 from lock file\nnpm error Missing: jest-resolve@30.2.0 from lock file\nnpm error Missing: jest-resolve-dependencies@30.2.0 from lock file\nnpm error Missing: jest-runner@30.2.0 from lock file\nnpm error Missing: jest-runtime@30.2.0 from lock file\nnpm error Missing: jest-snapshot@30.2.0 from lock file\nnpm error Missing: jest-util@30.2.0 from lock file\nnpm error Missing: jest-validate@30.2.0 from lock file\nnpm error Missing: jest-watcher@30.2.0 from lock file\nnpm error Missing: pretty-format@30.2.0 from lock file\nnpm error Missing: @bcoe/v8-coverage@0.2.3 from lock file\nnpm error Missing: @jridgewell/trace-mapping@0.3.31 from lock file\nnpm error Missing: collect-v8-coverage@1.0.3 from lock file\nnpm error Missing: glob@10.4.5 from lock file\nnpm error Missing: istanbul-lib-coverage@3.2.2 from lock file\nnpm error Missing: istanbul-lib-instrument@6.0.3 from lock file\nnpm error Missing: istanbul-lib-report@3.0.1 from lock file\nnpm error Missing: istanbul-lib-source-maps@5.0.6 from lock file\nnpm error Missing: istanbul-reports@3.2.0 from lock file\nnpm error Missing: jest-worker@30.2.0 from lock file\nnpm error Missing: string-length@4.0.2 from lock file\nnpm error Missing: v8-to-istanbul@9.3.0 from lock file\nnpm error Missing: @types/istanbul-lib-coverage@2.0.6 from lock file\nnpm error Missing: @babel/core@7.28.5 from lock file\nnpm error Missing: babel-plugin-istanbul@7.0.1 from lock file\nnpm error Missing: convert-source-map@2.0.0 from lock file\nnpm error Missing: pirates@4.0.7 from lock file\nnpm error Missing: write-file-atomic@5.0.1 from lock file\nnpm error Missing: @babel/code-frame@7.27.1 from lock file\nnpm error Missing: @babel/generator@7.28.5 from lock file\nnpm error Missing: @babel/helper-compilation-targets@7.27.2 from lock file\nnpm error Missing: @babel/helper-module-transforms@7.28.3 from lock file\nnpm error Missing: @babel/helpers@7.28.4 from lock file\nnpm error Missing: @babel/parser@7.28.5 from lock file\nnpm error Missing: @babel/template@7.27.2 from lock file\nnpm error Missing: @babel/traverse@7.28.5 from lock file\nnpm error Missing: @babel/types@7.28.5 from lock file\nnpm error Missing: @jridgewell/remapping@2.3.5 from lock file\nnpm error Missing: gensync@1.0.0-beta.2 from lock file\nnpm error Missing: json5@2.2.3 from lock file\nnpm error Missing: semver@6.3.1 from lock file\nnpm error Missing: @babel/helper-validator-identifier@7.28.5 from lock file\nnpm error Missing: js-tokens@4.0.0 from lock file\nnpm error Missing: picocolors@1.1.1 from lock file\nnpm error Missing: @jridgewell/gen-mapping@0.3.13 from lock file\nnpm error Missing: jsesc@3.1.0 from lock file\nnpm error Missing: @babel/compat-data@7.28.5 from lock file\nnpm error Missing: @babel/helper-validator-option@7.27.1 from lock file\nnpm error Missing: browserslist@4.28.0 from lock file\nnpm error Missing: lru-cache@5.1.1 from lock file\nnpm error Missing: semver@6.3.1 from lock file\nnpm error Missing: @babel/helper-module-imports@7.27.1 from lock file\nnpm error Missing: @babel/helper-globals@7.28.0 from lock file\nnpm error Missing: @babel/helper-string-parser@7.27.1 from lock file\nnpm error Missing: @jest/schemas@30.0.5 from lock file\nnpm error Missing: @types/istanbul-reports@3.0.4 from lock file\nnpm error Missing: @types/yargs@17.0.35 from lock file\nnpm error Missing: @sinclair/typebox@0.34.41 from lock file\nnpm error Missing: @jridgewell/sourcemap-codec@1.5.5 from lock file\nnpm error Missing: @jridgewell/resolve-uri@3.1.2 from lock file\nnpm error Missing: @types/istanbul-lib-report@3.0.3 from lock file\nnpm error Missing: @types/yargs-parser@21.0.3 from lock file\nnpm error Missing: type-fest@0.21.3 from lock file\nnpm error Missing: @babel/helper-plugin-utils@7.27.1 from lock file\nnpm error Missing: @istanbuljs/load-nyc-config@1.1.0 from lock file\nnpm error Missing: @istanbuljs/schema@0.1.3 from lock file\nnpm error Missing: test-exclude@6.0.0 from lock file\nnpm error Missing: camelcase@5.3.1 from lock file\nnpm error Missing: find-up@4.1.0 from lock file\nnpm error Missing: get-package-type@0.1.0 from lock file\nnpm error Missing: js-yaml@3.14.2 from lock file\nnpm error Missing: resolve-from@5.0.0 from lock file\nnpm error Missing: baseline-browser-mapping@2.8.28 from lock file\nnpm error Missing: caniuse-lite@1.0.30001755 from lock file\nnpm error Missing: electron-to-chromium@1.5.254 from lock file\nnpm error Missing: node-releases@2.0.27 from lock file\nnpm error Missing: update-browserslist-db@1.1.4 from lock file\nnpm error Missing: pkg-dir@4.2.0 from lock file\nnpm error Missing: resolve-cwd@3.0.0 from lock file\nnpm error Missing: make-dir@4.0.0 from lock file\nnpm error Missing: html-escaper@2.0.2 from lock file\nnpm error Missing: execa@5.1.1 from lock file\nnpm error Missing: get-stream@6.0.1 from lock file\nnpm error Missing: human-signals@2.1.0 from lock file\nnpm error Missing: merge-stream@2.0.0 from lock file\nnpm error Missing: npm-run-path@4.0.1 from lock file\nnpm error Missing: onetime@5.1.2 from lock file\nnpm error Missing: signal-exit@3.0.7 from lock file\nnpm error Missing: strip-final-newline@2.0.0 from lock file\nnpm error Missing: @jest/get-type@30.1.0 from lock file\nnpm error Missing: @jest/test-sequencer@30.2.0 from lock file\nnpm error Missing: babel-jest@30.2.0 from lock file\nnpm error Missing: deepmerge@4.3.1 from lock file\nnpm error Missing: glob@10.4.5 from lock file\nnpm error Missing: jest-circus@30.2.0 from lock file\nnpm error Missing: jest-docblock@30.2.0 from lock file\nnpm error Missing: jest-environment-node@30.2.0 from lock file\nnpm error Missing: parse-json@5.2.0 from lock file\nnpm error Missing: @types/babel__core@7.20.5 from lock file\nnpm error Missing: babel-preset-jest@30.2.0 from lock file\nnpm error Missing: @types/babel__generator@7.27.0 from lock file\nnpm error Missing: @types/babel__template@7.4.4 from lock file\nnpm error Missing: @types/babel__traverse@7.28.0 from lock file\nnpm error Missing: babel-plugin-jest-hoist@30.2.0 from lock file\nnpm error Missing: babel-preset-current-node-syntax@1.2.0 from lock file\nnpm error Missing: @babel/plugin-syntax-async-generators@7.8.4 from lock file\nnpm error Missing: @babel/plugin-syntax-bigint@7.8.3 from lock file\nnpm error Missing: @babel/plugin-syntax-class-properties@7.12.13 from lock file\nnpm error Missing: @babel/plugin-syntax-class-static-block@7.14.5 from lock file\nnpm error Missing: @babel/plugin-syntax-import-attributes@7.27.1 from lock file\nnpm error Missing: @babel/plugin-syntax-import-meta@7.10.4 from lock file\nnpm error Missing: @babel/plugin-syntax-json-strings@7.8.3 from lock file\nnpm error Missing: @babel/plugin-syntax-logical-assignment-operators@7.10.4 from lock file\nnpm error Missing: @babel/plugin-syntax-nullish-coalescing-operator@7.8.3 from lock file\nnpm error Missing: @babel/plugin-syntax-numeric-separator@7.10.4 from lock file\nnpm error Missing: @babel/plugin-syntax-object-rest-spread@7.8.3 from lock file\nnpm error Missing: @babel/plugin-syntax-optional-catch-binding@7.8.3 from lock file\nnpm error Missing: @babel/plugin-syntax-optional-chaining@7.8.3 from lock file\nnpm error Missing: @babel/plugin-syntax-private-property-in-object@7.14.5 from lock file\nnpm error Missing: @babel/plugin-syntax-top-level-await@7.14.5 from lock file\nnpm error Missing: @jest/environment@30.2.0 from lock file\nnpm error Missing: @jest/expect@30.2.0 from lock file\nnpm error Missing: co@4.6.0 from lock file\nnpm error Missing: dedent@1.7.0 from lock file\nnpm error Missing: is-generator-fn@2.1.0 from lock file\nnpm error Missing: jest-each@30.2.0 from lock file\nnpm error Missing: jest-matcher-utils@30.2.0 from lock file\nnpm error Missing: pure-rand@7.0.1 from lock file\nnpm error Missing: stack-utils@2.0.6 from lock file\nnpm error Missing: @jest/fake-timers@30.2.0 from lock file\nnpm error Missing: jest-mock@30.2.0 from lock file\nnpm error Missing: expect@30.2.0 from lock file\nnpm error Missing: @sinonjs/fake-timers@13.0.5 from lock file\nnpm error Missing: @sinonjs/commons@3.0.1 from lock file\nnpm error Missing: type-detect@4.0.8 from lock file\nnpm error Missing: @jest/expect-utils@30.2.0 from lock file\nnpm error Missing: detect-newline@3.1.0 from lock file\nnpm error Missing: anymatch@3.1.3 from lock file\nnpm error Missing: fb-watchman@2.0.2 from lock file\nnpm error Missing: fsevents@2.3.3 from lock file\nnpm error Missing: walker@1.0.8 from lock file\nnpm error Missing: normalize-path@3.0.0 from lock file\nnpm error Missing: bser@2.1.1 from lock file\nnpm error Missing: node-int64@0.4.0 from lock file\nnpm error Missing: jest-diff@30.2.0 from lock file\nnpm error Missing: @jest/diff-sequences@30.0.1 from lock file\nnpm error Missing: @types/stack-utils@2.0.3 from lock file\nnpm error Missing: jest-pnp-resolver@1.2.3 from lock file\nnpm error Missing: unrs-resolver@1.11.1 from lock file\nnpm error Missing: emittery@0.13.1 from lock file\nnpm error Missing: jest-leak-detector@30.2.0 from lock file\nnpm error Missing: source-map-support@0.5.13 from lock file\nnpm error Missing: @jest/globals@30.2.0 from lock file\nnpm error Missing: @jest/source-map@30.0.1 from lock file\nnpm error Missing: cjs-module-lexer@2.1.1 from lock file\nnpm error Missing: glob@10.4.5 from lock file\nnpm error Missing: strip-bom@4.0.0 from lock file\nnpm error Missing: @babel/plugin-syntax-jsx@7.27.1 from lock file\nnpm error Missing: @babel/plugin-syntax-typescript@7.27.1 from lock file\nnpm error Missing: @jest/snapshot-utils@30.2.0 from lock file\nnpm error Missing: synckit@0.11.11 from lock file\nnpm error Missing: picomatch@4.0.3 from lock file\nnpm error Missing: camelcase@6.3.0 from lock file\nnpm error Missing: leven@3.1.0 from lock file\nnpm error Missing: supports-color@8.1.1 from lock file\nnpm error Missing: mimic-fn@2.1.0 from lock file\nnpm error Missing: error-ex@1.3.4 from lock file\nnpm error Missing: json-parse-even-better-errors@2.3.1 from lock file\nnpm error Missing: lines-and-columns@1.2.4 from lock file\nnpm error Missing: is-arrayish@0.2.1 from lock file\nnpm error Missing: find-up@4.1.0 from lock file\nnpm error Missing: ansi-styles@5.2.0 from lock file\nnpm error Missing: react-is@18.3.1 from lock file\nnpm error Missing: resolve-from@5.0.0 from lock file\nnpm error Missing: buffer-from@1.1.2 from lock file\nnpm error Missing: source-map@0.6.1 from lock file\nnpm error Missing: escape-string-regexp@2.0.0 from lock file\nnpm error Missing: char-regex@1.0.2 from lock file\nnpm error Missing: @pkgr/core@0.2.9 from lock file\nnpm error Missing: @unrs/resolver-binding-android-arm-eabi@1.11.1 from lock file\nnpm error Missing: @unrs/resolver-binding-android-arm64@1.11.1 from lock file\nnpm error Missing: @unrs/resolver-binding-darwin-arm64@1.11.1 from lock file\nnpm error Missing: @unrs/resolver-binding-darwin-x64@1.11.1 from lock file\nnpm error Missing: @unrs/resolver-binding-freebsd-x64@1.11.1 from lock file\nnpm error Missing: @unrs/resolver-binding-linux-arm-gnueabihf@1.11.1 from lock file\nnpm error Missing: @unrs/resolver-binding-linux-arm-musleabihf@1.11.1 from lock file\nnpm error Missing: @unrs/resolver-binding-linux-arm64-gnu@1.11.1 from lock file\nnpm error Missing: @unrs/resolver-binding-linux-arm64-musl@1.11.1 from lock file\nnpm error Missing: @unrs/resolver-binding-linux-ppc64-gnu@1.11.1 from lock file\nnpm error Missing: @unrs/resolver-binding-linux-riscv64-gnu@1.11.1 from lock file\nnpm error Missing: @unrs/resolver-binding-linux-riscv64-musl@1.11.1 from lock file\nnpm error Missing: @unrs/resolver-binding-linux-s390x-gnu@1.11.1 from lock file\nnpm error Missing: @unrs/resolver-binding-linux-x64-gnu@1.11.1 from lock file\nnpm error Missing: @unrs/resolver-binding-linux-x64-musl@1.11.1 from lock file\nnpm error Missing: @unrs/resolver-binding-wasm32-wasi@1.11.1 from lock file\nnpm error Missing: @unrs/resolver-binding-win32-arm64-msvc@1.11.1 from lock file\nnpm error Missing: @unrs/resolver-binding-win32-ia32-msvc@1.11.1 from lock file\nnpm error Missing: @unrs/resolver-binding-win32-x64-msvc@1.11.1 from lock file\nnpm error Missing: napi-postinstall@0.3.4 from lock file\nnpm error Missing: @napi-rs/wasm-runtime@0.2.12 from lock file\nnpm error Missing: @emnapi/core@1.7.1 from lock file\nnpm error Missing: @emnapi/runtime@1.7.1 from lock file\nnpm error Missing: @tybys/wasm-util@0.10.1 from lock file\nnpm error Missing: @emnapi/wasi-threads@1.1.0 from lock file\nnpm error Missing: makeerror@1.0.12 from lock file\nnpm error Missing: tmpl@1.0.5 from lock file\nnpm error Missing: signal-exit@4.1.0 from lock file\nnpm error Missing: yallist@3.1.1 from lock file\nnpm error Missing: locate-path@5.0.0 from lock file\nnpm error Missing: argparse@1.0.10 from lock file\nnpm error Missing: esprima@4.0.1 from lock file\nnpm error Missing: sprintf-js@1.0.3 from lock file\nnpm error Missing: p-locate@4.1.0 from lock file\nnpm error Missing: p-limit@2.3.0 from lock file\nnpm error Missing: p-try@2.2.0 from lock file\nnpm error Missing: foreground-child@3.3.1 from lock file\nnpm error Missing: jackspeak@3.4.3 from lock file\nnpm error Missing: minimatch@9.0.5 from lock file\nnpm error Missing: minipass@7.1.2 from lock file\nnpm error Missing: package-json-from-dist@1.0.1 from lock file\nnpm error Missing: path-scurry@1.11.1 from lock file\nnpm error Missing: signal-exit@4.1.0 from lock file\nnpm error Missing: @isaacs/cliui@8.0.2 from lock file\nnpm error Missing: @pkgjs/parseargs@0.11.0 from lock file\nnpm error Missing: string-width@5.1.2 from lock file\nnpm error Missing: string-width-cjs@4.2.3 from lock file\nnpm error Missing: strip-ansi@7.1.2 from lock file\nnpm error Missing: strip-ansi-cjs@6.0.1 from lock file\nnpm error Missing: wrap-ansi@8.1.0 from lock file\nnpm error Missing: wrap-ansi-cjs@7.0.0 from lock file\nnpm error Missing: lru-cache@10.4.3 from lock file\nnpm error Missing: eastasianwidth@0.2.0 from lock file\nnpm error Missing: emoji-regex@9.2.2 from lock file\nnpm error Missing: ansi-regex@6.2.2 from lock file\nnpm error Missing: ansi-styles@6.2.3 from lock file\nnpm error Missing: brace-expansion@2.0.2 from lock file\nnpm error Missing: minimatch@9.0.5 from lock file\nnpm error Missing: brace-expansion@2.0.2 from lock file\nnpm error Missing: minimatch@9.0.5 from lock file\nnpm error Missing: brace-expansion@2.0.2 from lock file\nnpm error Missing: locate-path@5.0.0 from lock file\nnpm error Missing: p-locate@4.1.0 from lock file\nnpm error Missing: p-limit@2.3.0 from lock file\nnpm error\nnpm error Clean install a project\nnpm error\nnpm error Usage:\nnpm error npm ci\nnpm error\nnpm error Options:\nnpm error [--install-strategy <hoisted|nested|shallow|linked>] [--legacy-bundling]\nnpm error [--global-style] [--omit <dev|optional|peer> [--omit <dev|optional|peer> ...]]\nnpm error [--include <prod|dev|optional|peer> [--include <prod|dev|optional|peer> ...]]\nnpm error [--strict-peer-deps] [--foreground-scripts] [--ignore-scripts] [--no-audit]\nnpm error [--no-bin-links] [--no-fund] [--dry-run]\nnpm error [-w|--workspace <workspace-name> [-w|--workspace <workspace-name> ...]]\nnpm error [-ws|--workspaces] [--include-workspace-root] [--install-links]\nnpm error\nnpm error aliases: clean-install, ic, install-clean, isntall-clean\nnpm error\nnpm error Run \"npm help ci\" for more info\nnpm error A complete log of this run can be found in: /www-data-home/.npm/_logs/2025-11-17T01_30_51_184Z-debug-0.log. For more details see the logs at https://console.cloud.google.com/cloud-build/builds;region=us-central1/cd29994c-8f78-4ee1-b8f3-f03872edb4fd?project=388226025861."
    },
    "status": 3,
    "code": 3
  }
}
[error] Error: There was an error deploying functions:
[error] - Error Failed to update function onImageFinalize in region europe-west3
[error] - Error Failed to update function onVideoFinalize in region europe-west3
[error] - Error Failed to update function generateDownloadUrl in region us-central1
[error] - Error Failed to update function regenerateDownloadUrl in region us-central1
[error] - Error Failed to update function validateDelete in region us-central1
[error] - Error Failed to update function migrateArtworksToAssets in region us-central1
